EmployeeID,Age,Gender,MaritalStatus,Department,JobRole,Education,EducationField,Location,MonthlyIncome,PercentSalaryHike,StockOptionLevel,YearsAtCompany,YearsInCurrentRole,YearsSinceLastPromotion,YearsWithCurrManager,TotalWorkingYears,NumCompaniesWorked,DistanceFromHome,BusinessTravel,OverTime,TrainingTimesLastYear,JobSatisfaction,EnvironmentSatisfaction,RelationshipSatisfaction,WorkLifeBalance,JobInvolvement,PerformanceRating,Attrition,SurveyFeedback
10001,24,Male,Divorced,Sales,Account Manager,3,Computer Science,Mumbai,165933,16,0,12,8,6,6,15,3,38,Travel_Rarely,No,6,3,4,1,2,4,3,No,"Average experience overall, some good and some bad aspects"
10002,45,Female,Single,Marketing,Brand Manager,1,Computer Science,Mumbai,170197,21,1,3,9,7,7,26,5,29,Travel_Rarely,No,4,3,3,3,3,2,1,No,Management is supportive and salary is competitive and fair
10003,48,Female,Married,Finance,Tax Analyst,5,HR Management,Mumbai,155441,16,0,7,1,0,5,10,3,37,Travel_Frequently,No,6,3,4,1,4,3,1,No,"Average experience overall, some good and some bad aspects"
10004,57,Female,Single,Marketing,Digital Marketer,5,Marketing,Bengaluru,84393,14,0,3,6,3,1,24,2,35,Travel_Rarely,No,3,2,3,2,1,2,4,Yes,"Average experience overall, some good and some bad aspects"
10005,55,Female,Married,Marketing,Digital Marketer,4,Engineering,Bengaluru,172743,23,3,17,2,9,0,29,2,20,Non-Travel,Yes,5,2,4,4,2,2,2,Yes,Poor management decisions causing frustration across the team
10006,50,Male,Married,HR,Recruiter,2,Finance,Pune,221472,19,2,6,9,9,2,5,4,35,Travel_Rarely,No,0,1,4,4,3,2,3,Yes,I feel undervalued and underpaid compared to industry standards
10007,45,Male,Single,Finance,Auditor,5,Computer Science,Bengaluru,79512,17,2,10,7,3,8,24,3,35,Travel_Frequently,No,5,4,3,3,3,2,4,No,"Career growth is excellent here, very satisfied with my job"
10008,45,Male,Married,Finance,Senior Accountant,3,Finance,Chennai,113026,23,0,3,3,8,6,19,9,20,Travel_Rarely,No,6,2,4,1,4,4,3,Yes,Job is fine but I am looking for more interesting challenges
10009,25,Female,Married,Finance,Senior Accountant,2,Engineering,Bengaluru,90656,11,3,12,3,2,1,9,7,2,Travel_Rarely,Yes,1,2,1,1,1,1,2,Yes,Job is fine but I am looking for more interesting challenges
10010,24,Female,Single,Marketing,Content Writer,2,Finance,Bengaluru,231831,11,1,8,8,9,0,26,6,52,Travel_Frequently,Yes,5,4,2,3,3,3,4,Yes,Job is fine but I am looking for more interesting challenges
10011,55,Male,Married,Sales,Sales Lead,5,Marketing,Bengaluru,112686,14,1,8,2,9,1,25,8,58,Travel_Rarely,No,6,4,4,3,2,1,2,No,"Very happy with my role, the team is fantastic and supportive"
10012,44,Female,Single,Finance,Financial Analyst,5,HR Management,Bhubaneswar,190210,24,2,18,6,0,2,14,9,59,Non-Travel,Yes,5,1,4,3,2,4,4,Yes,Poor management decisions causing frustration across the team
10013,44,Female,Married,Operations,Supply Chain Analyst,5,Finance,Pune,199492,10,2,2,0,4,5,6,3,18,Non-Travel,No,6,1,4,3,4,1,4,No,"I love working here, great team and management support"
10014,26,Male,Married,Marketing,Content Writer,3,Business Administration,Chennai,214161,15,1,11,6,6,8,32,7,30,Travel_Rarely,No,0,3,2,4,1,1,4,Yes,Very high pressure with little or no recognition for work done
10015,52,Male,Married,HR,L&D Specialist,2,HR Management,Bengaluru,30489,13,1,10,9,3,7,26,9,42,Non-Travel,No,5,1,3,3,3,4,4,Yes,Work is okay but salary could definitely be better though
10016,27,Female,Single,Sales,Sales Executive,4,Engineering,Pune,74789,15,3,19,1,8,9,15,1,56,Travel_Frequently,Yes,3,1,2,1,4,1,1,Yes,Work is okay but salary could definitely be better though
10017,31,Female,Married,Operations,Supply Chain Analyst,3,HR Management,Hyderabad,84925,16,1,10,5,5,8,31,9,58,Travel_Rarely,No,0,4,4,2,1,3,3,No,"Very happy with my role, the team is fantastic and supportive"
10018,28,Female,Married,Operations,Supply Chain Analyst,1,Finance,Bhubaneswar,64703,22,3,16,8,5,7,19,7,53,Travel_Rarely,No,2,2,3,1,1,4,1,Yes,Management doesnt listen and salary is way below market rate
10019,42,Male,Married,HR,HR Business Partner,5,Finance,Bengaluru,233558,12,2,13,5,2,6,14,4,29,Travel_Rarely,No,2,3,4,3,3,3,1,No,Work is okay but salary could definitely be better though
10020,41,Male,Married,Sales,Sales Lead,2,Business Administration,Chennai,91625,20,1,15,2,9,5,11,6,39,Travel_Rarely,No,5,1,3,4,4,1,1,Yes,Excessive workload with no work life balance whatsoever here
10021,24,Male,Married,Marketing,Marketing Manager,3,Computer Science,Bhubaneswar,122535,22,2,9,0,9,7,27,6,59,Travel_Rarely,No,5,4,4,3,4,2,4,No,"It is an okay place to work, nothing exceptional about it"
10022,43,Male,Single,Technology,DevOps Engineer,1,Business Administration,Chennai,204300,17,0,3,3,4,5,2,6,52,Non-Travel,No,3,3,4,2,4,2,4,No,"Average experience overall, some good and some bad aspects"
10023,25,Male,Single,Sales,Sales Manager,3,Finance,Bhubaneswar,18051,16,0,9,3,9,1,22,2,58,Travel_Rarely,Yes,6,3,3,3,4,4,2,Yes,Management doesnt listen and salary is way below market rate
10024,49,Female,Single,HR,HR Business Partner,3,HR Management,Hyderabad,184162,22,0,19,7,5,8,2,5,22,Travel_Frequently,No,6,4,1,2,1,2,3,Yes,"It is an okay place to work, nothing exceptional about it"
10025,33,Female,Single,Operations,Process Analyst,4,Business Administration,Pune,43805,10,1,11,9,3,8,20,7,29,Travel_Rarely,No,4,1,2,3,4,2,2,Yes,I feel undervalued and underpaid compared to industry standards
10026,57,Female,Married,Marketing,Digital Marketer,4,Business Administration,Bhubaneswar,109978,15,2,8,9,2,2,17,6,46,Travel_Rarely,Yes,0,1,3,4,4,2,2,Yes,"Too much overtime, work life balance is completely terrible"
10027,26,Male,Single,Sales,BD Executive,3,Computer Science,Mumbai,59557,16,1,14,6,4,8,4,3,10,Non-Travel,No,3,1,2,1,3,4,3,Yes,Work is okay but salary could definitely be better though
10028,34,Male,Single,Technology,QA Engineer,1,Finance,Hyderabad,148627,23,2,8,9,6,1,14,5,20,Travel_Frequently,Yes,5,1,1,2,2,3,3,Yes,"No growth at all, stuck in same role for many years now"
10029,44,Male,Single,Technology,DevOps Engineer,2,Finance,Mumbai,65241,20,3,6,6,5,2,7,8,16,Travel_Frequently,Yes,5,3,1,1,1,2,2,Yes,Poor management decisions causing frustration across the team
10030,51,Female,Single,Finance,Auditor,2,Engineering,Hyderabad,224375,24,1,11,6,1,5,15,5,6,Travel_Rarely,No,5,2,3,3,3,4,2,No,"Very happy with my role, the team is fantastic and supportive"
10031,46,Male,Single,Finance,Auditor,5,Computer Science,Mumbai,142838,13,0,19,1,0,3,30,3,17,Travel_Rarely,No,5,3,1,1,3,3,2,No,Great work life balance and very interesting projects daily
10032,48,Male,Single,HR,L&D Specialist,5,Engineering,Mumbai,80994,23,3,13,8,4,7,16,9,6,Travel_Rarely,Yes,1,3,1,4,3,4,4,Yes,"Average experience overall, some good and some bad aspects"
10033,35,Female,Married,Sales,BD Executive,2,Engineering,Chennai,129005,11,2,15,5,4,0,2,3,22,Travel_Rarely,No,5,4,4,4,1,2,3,No,Management is supportive and salary is competitive and fair
10034,57,Male,Married,Sales,Sales Executive,3,Engineering,Bhubaneswar,31066,19,1,18,1,5,5,19,2,18,Travel_Frequently,Yes,5,3,4,1,2,2,3,Yes,"No growth at all, stuck in same role for many years now"
10035,37,Female,Single,Operations,Operations Manager,3,Marketing,Bhubaneswar,150793,18,2,2,0,2,1,1,6,32,Non-Travel,Yes,1,1,1,1,1,1,1,Yes,Management doesnt listen and salary is way below market rate
10036,43,Male,Married,Operations,Supply Chain Analyst,4,Engineering,Hyderabad,92982,16,2,10,0,0,5,31,8,28,Travel_Rarely,Yes,4,4,4,4,4,1,4,Yes,Poor management decisions causing frustration across the team
10037,42,Male,Single,Operations,Operations Manager,4,Business Administration,Pune,21304,10,1,19,0,3,0,4,6,42,Non-Travel,Yes,6,4,1,2,2,1,4,Yes,"Too much overtime, work life balance is completely terrible"
10038,42,Female,Single,Finance,Auditor,5,HR Management,Chennai,57967,17,1,18,3,3,1,27,1,10,Travel_Rarely,Yes,2,4,4,2,1,3,3,Yes,Job is fine but I am looking for more interesting challenges
10039,29,Female,Single,Sales,Sales Executive,2,Business Administration,Bhubaneswar,246296,24,2,7,3,9,8,25,8,41,Travel_Rarely,No,5,4,1,4,1,4,4,Yes,Very high pressure with little or no recognition for work done
10040,37,Female,Married,Sales,Sales Lead,3,Business Administration,Bhubaneswar,93763,12,2,19,8,1,5,22,1,22,Non-Travel,No,6,4,1,4,4,3,2,No,"I love working here, great team and management support"
10041,52,Female,Married,Technology,Junior Developer,2,Finance,Chennai,55462,13,3,7,0,7,7,10,9,28,Travel_Rarely,No,5,1,2,2,1,1,3,Yes,"Average experience overall, some good and some bad aspects"
10042,31,Female,Single,Finance,Auditor,1,Marketing,Bengaluru,135356,21,0,2,2,5,6,33,8,15,Non-Travel,No,3,2,1,1,2,1,3,Yes,Management doesnt listen and salary is way below market rate
10043,53,Female,Single,Marketing,SEO Analyst,2,Engineering,Chennai,86834,14,2,9,2,2,8,30,6,43,Travel_Rarely,No,0,2,2,1,3,2,4,Yes,"No growth at all, stuck in same role for many years now"
10044,55,Male,Divorced,Finance,Senior Accountant,1,Finance,Bhubaneswar,126023,10,0,12,7,0,8,30,2,29,Non-Travel,Yes,3,4,3,3,1,3,3,Yes,Poor management decisions causing frustration across the team
10045,30,Male,Single,Marketing,Brand Manager,4,Computer Science,Pune,249522,24,3,8,1,2,3,16,9,7,Travel_Rarely,Yes,5,2,1,2,1,2,4,Yes,"Too much overtime, work life balance is completely terrible"
10046,38,Female,Single,Technology,Junior Developer,4,Computer Science,Bengaluru,196227,15,0,5,5,7,6,9,8,50,Travel_Rarely,Yes,4,3,1,4,2,2,4,Yes,Job is fine but I am looking for more interesting challenges
10047,32,Male,Divorced,HR,Recruiter,5,Finance,Mumbai,132771,19,0,14,3,3,4,17,4,34,Travel_Frequently,No,3,2,2,3,1,4,4,Yes,Excessive workload with no work life balance whatsoever here
10048,53,Female,Married,Sales,Account Manager,2,HR Management,Chennai,90842,15,3,15,9,2,6,15,2,32,Travel_Frequently,No,4,3,1,1,3,1,2,Yes,"Average experience overall, some good and some bad aspects"
10049,31,Male,Married,Technology,Junior Developer,2,Finance,Mumbai,17589,11,2,4,5,3,3,28,6,2,Non-Travel,No,4,1,4,2,4,2,4,Yes,"Too much overtime, work life balance is completely terrible"
10050,43,Female,Married,Sales,Sales Lead,1,Finance,Bengaluru,140023,20,0,12,4,3,9,20,1,26,Non-Travel,No,5,4,2,3,4,2,4,No,Work is okay but salary could definitely be better though
10051,38,Male,Single,Operations,Ops Executive,4,Marketing,Bengaluru,183150,19,2,18,8,1,0,33,7,45,Travel_Rarely,No,4,3,2,1,4,1,1,No,Work is okay but salary could definitely be better though
10052,25,Male,Single,HR,Recruiter,1,Computer Science,Bengaluru,246617,15,2,1,8,3,3,33,1,11,Travel_Rarely,No,3,1,4,4,3,1,1,Yes,Excessive workload with no work life balance whatsoever here
10053,46,Male,Married,HR,HR Business Partner,4,Computer Science,Hyderabad,69918,17,1,5,0,8,9,13,6,25,Non-Travel,Yes,1,1,1,1,4,4,2,Yes,Job is fine but I am looking for more interesting challenges
10054,42,Male,Single,Technology,Junior Developer,1,Engineering,Chennai,159673,15,2,0,2,3,2,4,5,19,Non-Travel,Yes,0,4,3,1,2,4,2,Yes,Very high pressure with little or no recognition for work done
10055,22,Male,Married,HR,HR Business Partner,4,Business Administration,Pune,22711,13,2,14,0,0,8,23,3,20,Travel_Rarely,No,4,2,3,2,2,2,4,Yes,Excessive workload with no work life balance whatsoever here
10056,46,Female,Divorced,Marketing,Marketing Manager,1,Finance,Pune,232972,24,0,14,5,0,4,8,6,33,Travel_Frequently,Yes,6,1,3,4,3,2,1,Yes,"No growth at all, stuck in same role for many years now"
10057,57,Female,Divorced,HR,Recruiter,4,Finance,Mumbai,74430,13,2,13,2,0,3,13,4,17,Travel_Frequently,Yes,5,2,2,2,3,2,2,Yes,I feel undervalued and underpaid compared to industry standards
10058,38,Female,Single,Sales,Sales Executive,1,HR Management,Mumbai,209399,18,2,6,0,4,7,24,6,52,Non-Travel,No,2,2,2,4,3,3,3,Yes,"It is an okay place to work, nothing exceptional about it"
10059,45,Male,Married,Sales,BD Executive,2,Computer Science,Mumbai,245314,15,1,4,5,5,4,30,4,30,Travel_Rarely,No,4,2,4,3,2,4,3,No,"Good colleagues, strong learning opportunities and recognition"
10060,23,Female,Married,Sales,Sales Executive,5,HR Management,Chennai,241218,17,1,19,4,5,2,30,1,18,Non-Travel,No,6,3,1,1,3,2,4,No,"Good colleagues, strong learning opportunities and recognition"
10061,36,Male,Divorced,Sales,BD Executive,1,Marketing,Bhubaneswar,117605,17,0,15,7,5,1,25,5,32,Travel_Rarely,No,3,2,4,2,3,1,1,No,"It is an okay place to work, nothing exceptional about it"
10062,53,Male,Single,Marketing,SEO Analyst,5,Engineering,Mumbai,18970,16,0,16,1,8,7,33,8,40,Travel_Rarely,No,4,2,2,4,4,4,3,Yes,Work is okay but salary could definitely be better though
10063,27,Male,Single,Finance,Tax Analyst,2,HR Management,Bengaluru,84535,12,1,10,7,0,1,9,6,45,Travel_Rarely,No,2,1,3,2,3,4,1,Yes,"Too much overtime, work life balance is completely terrible"
10064,22,Female,Single,Operations,Coordinator,2,Computer Science,Mumbai,101570,19,1,14,4,9,7,26,9,4,Travel_Rarely,Yes,6,4,1,1,1,2,2,Yes,Work is okay but salary could definitely be better though
10065,44,Male,Single,Technology,QA Engineer,4,Marketing,Bengaluru,136315,10,3,19,7,5,4,24,4,32,Non-Travel,No,1,3,3,1,4,3,1,No,Great work life balance and very interesting projects daily
10066,38,Female,Single,Sales,Sales Manager,5,Finance,Hyderabad,182248,14,2,15,9,7,7,33,9,19,Travel_Rarely,No,3,2,1,3,2,2,4,Yes,Job is fine but I am looking for more interesting challenges
10067,55,Female,Married,HR,L&D Specialist,3,Marketing,Bhubaneswar,127111,22,0,2,3,7,4,25,8,3,Travel_Frequently,No,3,4,3,4,2,3,1,No,"Very happy with my role, the team is fantastic and supportive"
10068,50,Male,Married,Sales,Sales Lead,4,Business Administration,Bhubaneswar,56730,24,0,5,3,2,0,15,3,38,Non-Travel,No,5,2,1,4,2,3,3,Yes,I feel undervalued and underpaid compared to industry standards
10069,30,Male,Single,HR,HR Manager,5,HR Management,Chennai,228240,19,2,12,9,4,1,6,6,28,Travel_Rarely,No,3,2,3,3,4,1,1,Yes,"Too much overtime, work life balance is completely terrible"
10070,34,Female,Married,Operations,Ops Executive,1,Computer Science,Chennai,159457,19,2,0,3,9,5,20,4,38,Travel_Rarely,No,2,1,4,3,2,2,1,Yes,Work is okay but salary could definitely be better though
10071,27,Female,Single,Operations,Process Analyst,1,HR Management,Pune,138252,24,0,13,5,3,2,16,1,54,Travel_Rarely,Yes,6,4,2,4,4,3,1,Yes,Very high pressure with little or no recognition for work done
10072,27,Female,Divorced,Operations,Operations Manager,2,Finance,Hyderabad,152022,11,1,1,3,0,7,21,9,6,Travel_Frequently,No,3,1,4,4,4,4,2,Yes,"Average experience overall, some good and some bad aspects"
10073,41,Female,Divorced,HR,Recruiter,3,Finance,Chennai,247302,21,1,1,8,8,4,15,4,56,Travel_Rarely,No,1,1,3,2,1,2,4,Yes,Excessive workload with no work life balance whatsoever here
10074,24,Female,Divorced,Sales,Sales Manager,1,Computer Science,Bengaluru,219583,19,2,14,8,4,2,4,5,40,Travel_Rarely,Yes,0,2,1,4,1,3,3,Yes,"It is an okay place to work, nothing exceptional about it"
10075,38,Female,Divorced,Operations,Operations Manager,5,Business Administration,Hyderabad,199081,22,0,17,2,1,9,24,3,57,Travel_Rarely,Yes,0,2,4,2,1,4,3,Yes,Very high pressure with little or no recognition for work done
10076,33,Male,Single,Marketing,Brand Manager,5,Engineering,Bhubaneswar,232922,11,2,8,6,1,6,3,4,17,Travel_Frequently,No,4,2,3,2,1,1,1,Yes,"Too much overtime, work life balance is completely terrible"
10077,22,Female,Single,HR,HR Executive,1,Marketing,Bengaluru,169470,23,1,2,4,6,7,1,9,42,Travel_Rarely,No,0,4,2,2,1,1,1,Yes,"Average experience overall, some good and some bad aspects"
10078,38,Female,Married,HR,Recruiter,5,Marketing,Hyderabad,171349,16,3,3,8,3,3,30,7,56,Travel_Frequently,No,2,4,1,2,2,2,2,Yes,Job is fine but I am looking for more interesting challenges
10079,24,Female,Divorced,Sales,Sales Lead,5,Finance,Bhubaneswar,172833,20,3,14,1,0,8,13,8,5,Non-Travel,No,0,4,4,1,2,2,4,No,"Very happy with my role, the team is fantastic and supportive"
10080,47,Female,Single,HR,HR Business Partner,2,HR Management,Chennai,210507,22,1,4,2,4,5,18,3,19,Travel_Rarely,No,2,4,2,3,2,2,3,No,"Very happy with my role, the team is fantastic and supportive"
10081,36,Male,Single,HR,HR Manager,3,HR Management,Bengaluru,78944,12,2,19,9,1,0,11,3,43,Travel_Rarely,No,2,2,3,3,1,2,4,Yes,"Too much overtime, work life balance is completely terrible"
10082,57,Male,Married,Operations,Ops Executive,2,Business Administration,Bengaluru,177605,22,3,19,4,6,4,29,7,42,Non-Travel,Yes,4,2,1,4,3,2,3,Yes,Poor management decisions causing frustration across the team
10083,53,Female,Single,Sales,BD Executive,3,Engineering,Bhubaneswar,218574,17,1,4,4,8,4,4,8,35,Non-Travel,Yes,0,1,3,3,2,3,1,Yes,Very high pressure with little or no recognition for work done
10084,53,Female,Married,Operations,Coordinator,5,HR Management,Bengaluru,122437,18,0,9,9,0,6,25,5,22,Travel_Rarely,No,4,2,1,3,2,4,2,No,"It is an okay place to work, nothing exceptional about it"
10085,25,Female,Married,Operations,Supply Chain Analyst,3,Marketing,Chennai,141794,23,2,15,6,1,6,28,1,24,Travel_Rarely,No,3,4,2,1,3,2,2,No,"I love working here, great team and management support"
10086,39,Male,Single,Sales,Sales Executive,5,HR Management,Chennai,87123,22,2,11,7,5,5,8,3,10,Travel_Frequently,No,1,3,2,2,1,4,1,Yes,Excessive workload with no work life balance whatsoever here
10087,40,Male,Single,Technology,Data Analyst,5,Engineering,Chennai,37880,17,3,13,7,7,7,21,5,2,Travel_Rarely,No,6,2,2,2,4,3,1,Yes,Very high pressure with little or no recognition for work done
10088,56,Male,Married,Operations,Process Analyst,2,Marketing,Bhubaneswar,216699,15,2,10,0,6,1,18,3,28,Non-Travel,No,0,4,4,2,3,3,1,No,Management is supportive and salary is competitive and fair
10089,35,Male,Married,Marketing,Digital Marketer,2,HR Management,Mumbai,187825,14,3,18,0,8,6,25,1,41,Travel_Rarely,Yes,3,1,4,3,3,3,4,Yes,"No growth at all, stuck in same role for many years now"
10090,54,Male,Divorced,Marketing,SEO Analyst,4,Marketing,Mumbai,242738,12,3,5,2,1,9,5,7,37,Non-Travel,Yes,5,2,4,3,2,2,1,Yes,Work is okay but salary could definitely be better though
10091,35,Male,Single,HR,L&D Specialist,1,Finance,Bengaluru,228669,12,1,9,0,8,6,8,1,53,Travel_Rarely,No,6,3,3,4,2,1,4,Yes,Poor management decisions causing frustration across the team
10092,55,Female,Single,Marketing,Marketing Manager,4,Finance,Chennai,102829,16,3,19,0,3,3,23,6,17,Travel_Rarely,Yes,6,4,4,1,1,1,1,Yes,Job is fine but I am looking for more interesting challenges
10093,25,Male,Married,HR,HR Manager,4,Business Administration,Bengaluru,147633,22,0,2,9,2,9,3,6,6,Travel_Frequently,No,6,2,1,1,4,2,2,Yes,"Average experience overall, some good and some bad aspects"
10094,45,Male,Married,Technology,QA Engineer,3,Finance,Bhubaneswar,68205,14,2,14,7,6,1,31,7,43,Travel_Rarely,No,3,4,2,4,4,2,4,No,"Good colleagues, strong learning opportunities and recognition"
10095,50,Female,Single,Sales,BD Executive,5,HR Management,Bengaluru,121948,21,3,10,0,4,3,29,1,59,Travel_Frequently,No,4,3,3,4,3,2,2,No,Job is fine but I am looking for more interesting challenges
10096,40,Male,Married,Sales,Account Manager,5,Engineering,Pune,74810,23,2,1,8,4,3,20,3,5,Travel_Rarely,No,4,3,3,4,1,3,1,Yes,"Too much overtime, work life balance is completely terrible"
10097,27,Female,Single,Sales,BD Executive,5,Marketing,Mumbai,128089,15,3,5,1,1,5,3,9,39,Travel_Rarely,No,6,1,4,2,4,1,1,Yes,Job is fine but I am looking for more interesting challenges
10098,54,Male,Single,Marketing,Marketing Manager,1,Computer Science,Bengaluru,79482,23,1,16,8,5,6,23,2,7,Travel_Rarely,No,6,3,1,2,3,1,3,No,"Good colleagues, strong learning opportunities and recognition"
10099,40,Female,Single,Technology,Senior Developer,3,Finance,Bengaluru,84192,15,0,17,6,5,2,21,5,32,Travel_Rarely,Yes,1,2,2,2,2,4,4,Yes,Poor management decisions causing frustration across the team
10100,22,Female,Married,Marketing,Brand Manager,3,Finance,Hyderabad,102154,18,2,3,8,3,9,13,3,4,Non-Travel,No,1,3,3,2,4,4,4,No,Work is okay but salary could definitely be better though
10101,26,Female,Married,Marketing,Brand Manager,5,Computer Science,Bengaluru,101066,10,1,8,2,4,0,8,5,21,Travel_Frequently,No,6,2,2,4,3,1,4,Yes,I feel undervalued and underpaid compared to industry standards
10102,48,Female,Married,Technology,Senior Developer,4,Computer Science,Pune,233480,17,2,9,0,6,2,5,7,42,Travel_Rarely,No,1,2,1,4,4,1,4,Yes,"It is an okay place to work, nothing exceptional about it"
10103,37,Female,Married,Technology,Data Analyst,1,HR Management,Mumbai,174402,19,1,1,0,7,8,25,1,32,Non-Travel,No,6,4,2,4,1,3,2,Yes,Poor management decisions causing frustration across the team
10104,27,Male,Divorced,Technology,QA Engineer,4,Marketing,Hyderabad,162211,22,0,10,9,5,0,5,3,56,Travel_Frequently,Yes,1,2,4,2,3,4,4,Yes,Work is okay but salary could definitely be better though
10105,34,Male,Single,Technology,QA Engineer,2,Finance,Bhubaneswar,143514,22,3,10,5,4,7,8,6,18,Non-Travel,No,6,2,2,2,1,2,2,Yes,"Too much overtime, work life balance is completely terrible"
10106,56,Female,Single,Sales,BD Executive,3,Engineering,Bhubaneswar,47977,14,1,10,6,2,1,4,7,33,Travel_Frequently,Yes,4,1,3,3,3,3,1,Yes,Poor management decisions causing frustration across the team
10107,40,Female,Single,Finance,Tax Analyst,3,HR Management,Mumbai,19983,22,2,0,8,6,5,22,3,14,Travel_Rarely,No,2,4,4,4,2,4,2,Yes,Management doesnt listen and salary is way below market rate
10108,33,Female,Single,Finance,Financial Analyst,4,HR Management,Bhubaneswar,185981,15,2,13,5,7,2,14,4,6,Travel_Rarely,No,4,2,4,1,4,2,4,Yes,Poor management decisions causing frustration across the team
10109,37,Male,Married,Technology,Senior Developer,1,Engineering,Pune,210552,15,1,0,4,2,6,19,6,11,Travel_Rarely,No,2,1,4,1,2,2,2,Yes,Management doesnt listen and salary is way below market rate
10110,31,Female,Married,Finance,Auditor,3,Engineering,Bengaluru,64029,10,0,8,1,4,1,13,5,46,Travel_Rarely,Yes,4,4,4,3,1,1,4,Yes,Very high pressure with little or no recognition for work done
10111,46,Female,Married,Finance,Auditor,4,Business Administration,Mumbai,167401,12,0,0,1,1,3,4,9,20,Non-Travel,Yes,5,3,3,2,4,1,2,Yes,"It is an okay place to work, nothing exceptional about it"
10112,41,Female,Single,Technology,DevOps Engineer,1,Engineering,Hyderabad,137668,21,3,3,7,9,9,33,1,29,Non-Travel,No,4,2,1,4,2,2,3,Yes,"Average experience overall, some good and some bad aspects"
10113,52,Female,Single,Finance,Finance Manager,4,Computer Science,Bengaluru,182806,15,3,0,0,9,8,22,5,58,Non-Travel,No,1,3,1,2,3,2,4,Yes,"No growth at all, stuck in same role for many years now"
10114,25,Male,Married,Marketing,Digital Marketer,1,Finance,Bhubaneswar,57837,23,2,18,7,3,5,1,1,35,Travel_Frequently,No,2,4,4,2,3,1,2,No,Job is fine but I am looking for more interesting challenges
10115,44,Female,Single,HR,L&D Specialist,5,Business Administration,Bhubaneswar,220426,24,2,9,9,3,3,11,8,16,Non-Travel,No,3,4,1,1,2,1,4,No,"I love working here, great team and management support"
10116,23,Female,Married,HR,HR Executive,1,Computer Science,Hyderabad,222526,23,3,14,6,7,1,16,7,48,Travel_Rarely,No,5,1,3,1,4,1,1,Yes,Very high pressure with little or no recognition for work done
10117,43,Male,Divorced,Technology,Junior Developer,2,Business Administration,Pune,132512,20,3,19,6,2,9,4,5,7,Travel_Frequently,No,3,2,1,4,1,1,2,Yes,Work is okay but salary could definitely be better though
10118,29,Female,Married,Sales,Sales Manager,5,Finance,Hyderabad,81786,20,3,3,4,4,8,29,6,40,Travel_Frequently,No,5,2,1,4,3,4,2,Yes,Poor management decisions causing frustration across the team
10119,28,Female,Married,Technology,QA Engineer,4,Business Administration,Mumbai,19758,18,1,19,2,4,3,24,4,59,Non-Travel,No,3,1,3,2,1,1,3,Yes,"Average experience overall, some good and some bad aspects"
10120,35,Male,Married,Sales,BD Executive,5,Computer Science,Hyderabad,117667,15,3,13,6,1,8,9,9,36,Travel_Frequently,No,1,3,1,2,4,3,4,Yes,Job is fine but I am looking for more interesting challenges
10121,24,Male,Single,HR,HR Executive,5,Marketing,Bhubaneswar,213771,24,1,4,6,8,1,8,3,44,Non-Travel,No,3,4,4,3,4,3,2,No,Management is supportive and salary is competitive and fair
10122,37,Male,Married,Technology,QA Engineer,4,Finance,Pune,123119,21,1,14,6,3,6,14,2,44,Travel_Rarely,No,6,1,4,2,3,3,3,Yes,"Average experience overall, some good and some bad aspects"
10123,40,Female,Single,Operations,Operations Manager,4,HR Management,Pune,115157,22,3,14,1,8,4,15,7,31,Travel_Rarely,No,4,4,3,3,1,1,3,Yes,"Too much overtime, work life balance is completely terrible"
10124,39,Female,Single,Marketing,Content Writer,2,Finance,Chennai,97673,15,0,15,2,8,7,22,2,42,Non-Travel,No,1,3,4,2,4,2,3,Yes,"No growth at all, stuck in same role for many years now"
10125,37,Male,Married,Finance,Tax Analyst,4,Finance,Hyderabad,112639,10,0,15,2,1,7,15,6,44,Non-Travel,Yes,6,3,4,2,1,2,4,Yes,"Average experience overall, some good and some bad aspects"
10126,29,Male,Divorced,Sales,Sales Lead,3,Finance,Mumbai,167904,18,2,3,3,8,3,6,8,43,Travel_Rarely,Yes,3,3,4,2,3,4,4,Yes,"Average experience overall, some good and some bad aspects"
10127,54,Male,Single,Operations,Supply Chain Analyst,3,Marketing,Bhubaneswar,147940,13,3,8,8,8,3,1,3,43,Travel_Rarely,No,1,2,4,4,3,1,2,Yes,Job is fine but I am looking for more interesting challenges
10128,33,Female,Married,Finance,Tax Analyst,2,Computer Science,Bengaluru,129869,24,2,0,9,1,7,20,3,47,Travel_Frequently,No,4,4,4,4,4,3,4,Yes,Poor management decisions causing frustration across the team
10129,32,Female,Divorced,Finance,Financial Analyst,1,HR Management,Pune,196737,11,3,4,0,5,2,2,3,6,Travel_Rarely,No,1,4,1,4,4,2,4,No,Job is fine but I am looking for more interesting challenges
10130,26,Male,Married,Technology,Senior Developer,1,Computer Science,Hyderabad,187934,10,2,8,6,8,6,6,1,29,Travel_Frequently,No,3,1,3,3,1,1,1,Yes,Very high pressure with little or no recognition for work done
10131,48,Female,Married,Finance,Finance Manager,3,Business Administration,Chennai,34728,12,1,19,6,3,7,2,9,27,Travel_Rarely,Yes,1,4,2,3,4,3,4,No,"Average experience overall, some good and some bad aspects"
10132,33,Male,Single,Marketing,Brand Manager,4,Business Administration,Mumbai,118542,12,3,4,3,1,7,3,5,43,Travel_Frequently,Yes,5,2,3,4,3,3,1,Yes,Job is fine but I am looking for more interesting challenges
10133,38,Female,Divorced,Operations,Process Analyst,2,Business Administration,Mumbai,108565,14,0,3,0,6,9,7,9,2,Travel_Rarely,No,0,1,3,3,4,3,2,Yes,"No growth at all, stuck in same role for many years now"
10134,27,Female,Single,Finance,Auditor,1,Computer Science,Bhubaneswar,185929,10,3,15,2,8,3,20,5,56,Travel_Frequently,No,3,3,3,4,2,3,3,Yes,Management doesnt listen and salary is way below market rate
10135,54,Female,Married,Technology,QA Engineer,1,Engineering,Pune,174255,16,2,1,4,5,8,5,7,22,Non-Travel,No,4,4,1,1,3,3,1,Yes,Work is okay but salary could definitely be better though
10136,26,Female,Single,Marketing,SEO Analyst,5,Marketing,Bhubaneswar,234393,22,2,15,1,3,9,25,1,59,Travel_Rarely,Yes,2,2,3,4,1,4,2,Yes,"Too much overtime, work life balance is completely terrible"
10137,49,Male,Married,HR,Recruiter,3,Engineering,Chennai,165012,10,2,17,6,0,3,18,9,9,Non-Travel,No,1,2,3,1,4,3,1,No,Excellent culture and very clear career growth opportunities
10138,35,Female,Single,Operations,Supply Chain Analyst,4,Business Administration,Bengaluru,140019,13,2,1,9,3,7,1,1,11,Non-Travel,No,5,4,1,2,4,4,4,Yes,Poor management decisions causing frustration across the team
10139,26,Female,Married,Finance,Senior Accountant,2,Marketing,Bengaluru,151352,15,2,15,9,2,5,25,4,16,Travel_Rarely,Yes,1,2,4,3,3,3,2,Yes,Excessive workload with no work life balance whatsoever here
10140,54,Male,Single,Technology,Senior Developer,1,Computer Science,Bengaluru,117548,24,2,0,6,6,4,17,7,45,Travel_Rarely,No,3,3,2,3,3,3,3,Yes,Job is fine but I am looking for more interesting challenges
10141,40,Female,Single,HR,HR Executive,5,Business Administration,Mumbai,148236,10,0,15,9,9,3,15,9,13,Non-Travel,No,5,4,4,4,1,3,1,Yes,"Average experience overall, some good and some bad aspects"
10142,43,Male,Married,HR,HR Business Partner,3,Computer Science,Pune,136289,16,2,2,4,4,4,5,1,54,Travel_Rarely,Yes,3,4,3,2,3,3,4,Yes,Management doesnt listen and salary is way below market rate
10143,26,Male,Divorced,Sales,Sales Manager,3,Marketing,Bhubaneswar,238796,19,0,14,9,2,0,17,6,54,Travel_Rarely,No,0,4,4,2,1,4,2,Yes,"It is an okay place to work, nothing exceptional about it"
10144,23,Female,Divorced,Marketing,Content Writer,2,Computer Science,Bhubaneswar,144068,24,3,10,5,1,6,21,5,18,Non-Travel,Yes,4,1,1,2,4,1,4,Yes,Very high pressure with little or no recognition for work done
10145,51,Female,Single,Finance,Senior Accountant,1,Computer Science,Chennai,94624,16,1,9,0,1,7,23,3,53,Travel_Rarely,Yes,5,3,2,2,1,2,2,Yes,Job is fine but I am looking for more interesting challenges
10146,25,Male,Married,Technology,DevOps Engineer,2,HR Management,Bengaluru,164477,12,0,16,3,4,8,10,2,25,Travel_Rarely,Yes,5,2,4,3,1,4,1,Yes,"Too much overtime, work life balance is completely terrible"
10147,54,Male,Married,Sales,BD Executive,2,Engineering,Pune,17821,13,3,3,3,7,2,17,1,33,Non-Travel,No,1,4,3,4,1,4,2,Yes,"Too much overtime, work life balance is completely terrible"
10148,34,Male,Single,Marketing,Digital Marketer,5,Engineering,Pune,70090,15,1,16,7,7,8,1,2,52,Travel_Rarely,No,1,4,2,4,4,4,1,No,"I love working here, great team and management support"
10149,41,Female,Single,Sales,BD Executive,3,Engineering,Chennai,168588,23,0,3,1,4,9,7,4,10,Travel_Rarely,No,2,2,3,1,2,1,2,No,Great work life balance and very interesting projects daily
10150,28,Male,Married,Operations,Process Analyst,4,Finance,Hyderabad,156545,20,0,18,0,1,4,12,6,58,Travel_Frequently,No,6,3,4,3,2,2,4,Yes,"Average experience overall, some good and some bad aspects"
10151,36,Male,Divorced,Marketing,SEO Analyst,3,HR Management,Pune,61454,16,3,0,6,3,9,1,5,30,Non-Travel,No,5,2,4,1,1,1,4,Yes,Work is okay but salary could definitely be better though
10152,44,Male,Married,Marketing,Brand Manager,3,Business Administration,Pune,188602,23,2,13,5,6,5,20,4,51,Travel_Frequently,No,1,2,3,2,3,2,1,Yes,Very high pressure with little or no recognition for work done
10153,35,Female,Married,Finance,Senior Accountant,5,Business Administration,Bhubaneswar,119273,22,0,10,4,5,0,31,8,49,Non-Travel,No,1,4,2,4,2,2,3,No,Work is okay but salary could definitely be better though
10154,44,Male,Married,Marketing,Digital Marketer,4,Business Administration,Chennai,223786,13,0,6,7,9,8,4,7,1,Travel_Rarely,No,6,1,2,1,4,2,1,Yes,Excessive workload with no work life balance whatsoever here
10155,40,Female,Single,Sales,Sales Manager,1,Engineering,Pune,119472,19,3,16,1,6,8,26,4,33,Non-Travel,Yes,0,1,2,3,1,1,4,Yes,I feel undervalued and underpaid compared to industry standards
10156,50,Female,Married,Marketing,Digital Marketer,4,Engineering,Pune,238626,20,2,3,1,4,5,12,5,49,Travel_Frequently,No,2,1,4,4,2,2,2,Yes,Job is fine but I am looking for more interesting challenges
10157,41,Male,Married,Finance,Tax Analyst,1,HR Management,Bhubaneswar,228705,18,1,9,8,1,7,22,5,15,Travel_Rarely,No,6,1,4,3,4,3,3,Yes,"No growth at all, stuck in same role for many years now"
10158,50,Female,Single,Finance,Senior Accountant,4,Computer Science,Pune,225704,18,2,16,0,7,3,1,3,29,Non-Travel,No,1,1,3,4,1,4,4,Yes,Management doesnt listen and salary is way below market rate
10159,45,Male,Divorced,Operations,Operations Manager,2,Engineering,Bhubaneswar,215153,18,2,3,5,1,4,1,9,2,Non-Travel,Yes,1,4,3,3,2,2,3,Yes,Very high pressure with little or no recognition for work done
10160,39,Female,Single,Sales,Sales Executive,4,Business Administration,Hyderabad,170870,21,3,18,2,7,4,3,5,11,Non-Travel,No,4,1,1,3,1,4,1,Yes,Excessive workload with no work life balance whatsoever here
10161,31,Female,Divorced,HR,Recruiter,5,Computer Science,Mumbai,146935,19,2,17,4,6,6,12,2,53,Non-Travel,No,5,2,1,4,2,1,4,Yes,Work is okay but salary could definitely be better though
10162,29,Male,Married,HR,HR Executive,1,Engineering,Bhubaneswar,31148,15,3,16,7,2,6,21,4,34,Travel_Rarely,No,1,4,1,3,2,1,1,No,"It is an okay place to work, nothing exceptional about it"
10163,47,Male,Single,Marketing,SEO Analyst,3,Marketing,Bhubaneswar,101545,11,1,5,6,3,6,13,4,52,Travel_Rarely,Yes,0,2,3,3,3,3,4,Yes,Work is okay but salary could definitely be better though
10164,50,Male,Married,Operations,Process Analyst,5,Finance,Pune,69459,11,0,6,3,6,4,13,5,41,Travel_Frequently,Yes,1,1,2,2,2,2,4,Yes,Very high pressure with little or no recognition for work done
10165,31,Female,Married,Technology,Senior Developer,1,Engineering,Bhubaneswar,229417,20,0,5,7,3,3,18,8,19,Travel_Frequently,No,5,3,1,4,3,4,1,Yes,"Average experience overall, some good and some bad aspects"
10166,38,Female,Single,Marketing,SEO Analyst,1,Marketing,Chennai,99224,13,3,11,9,8,7,33,5,2,Travel_Rarely,No,1,1,3,1,4,4,4,Yes,Work is okay but salary could definitely be better though
10167,23,Male,Married,Operations,Operations Manager,3,HR Management,Bengaluru,81189,18,3,8,1,6,0,6,1,48,Non-Travel,No,6,4,4,4,2,4,3,No,"It is an okay place to work, nothing exceptional about it"
10168,27,Male,Married,Sales,BD Executive,2,Marketing,Bengaluru,154201,12,2,17,6,0,0,25,2,20,Travel_Rarely,No,3,2,2,4,1,1,3,Yes,Poor management decisions causing frustration across the team
10169,26,Female,Married,Sales,Account Manager,5,HR Management,Hyderabad,106954,15,2,1,4,0,5,23,3,41,Travel_Rarely,Yes,1,3,1,2,3,2,1,Yes,Management doesnt listen and salary is way below market rate
10170,49,Female,Single,Sales,Sales Manager,3,Engineering,Bhubaneswar,38118,11,0,16,5,3,1,24,3,52,Travel_Rarely,No,2,3,4,1,2,3,2,No,Excellent culture and very clear career growth opportunities
10171,26,Female,Married,Sales,BD Executive,3,HR Management,Chennai,146515,24,0,0,2,8,2,26,6,31,Travel_Rarely,No,5,3,2,1,3,3,3,Yes,"Average experience overall, some good and some bad aspects"
10172,39,Male,Single,Sales,Sales Manager,2,Marketing,Pune,173113,10,0,8,9,3,3,4,9,53,Travel_Frequently,No,5,2,2,1,1,1,4,Yes,"Too much overtime, work life balance is completely terrible"
10173,47,Female,Married,Operations,Operations Manager,5,Finance,Pune,104379,21,3,5,6,4,1,11,1,4,Travel_Frequently,No,3,4,4,3,1,2,1,No,"Career growth is excellent here, very satisfied with my job"
10174,41,Male,Single,Operations,Supply Chain Analyst,3,Computer Science,Mumbai,36053,14,1,1,6,0,9,25,6,29,Non-Travel,No,2,3,1,3,1,3,2,Yes,"It is an okay place to work, nothing exceptional about it"
10175,48,Female,Divorced,Finance,Tax Analyst,2,Computer Science,Hyderabad,111384,17,1,5,1,1,6,20,9,56,Non-Travel,No,2,2,1,3,4,3,1,Yes,Excessive workload with no work life balance whatsoever here
10176,33,Female,Married,HR,HR Business Partner,5,Finance,Chennai,249482,19,3,8,0,3,9,1,4,30,Travel_Frequently,No,5,2,4,1,4,1,3,No,"I love working here, great team and management support"
10177,28,Male,Married,Sales,Sales Manager,4,Business Administration,Chennai,183276,19,2,2,9,3,0,30,3,13,Travel_Frequently,No,0,1,4,4,1,4,4,Yes,Excessive workload with no work life balance whatsoever here
10178,24,Male,Married,Technology,Junior Developer,1,Computer Science,Pune,132545,11,1,15,1,9,2,4,6,15,Non-Travel,No,1,2,4,4,4,3,3,Yes,"Too much overtime, work life balance is completely terrible"
10179,31,Male,Single,Operations,Ops Executive,2,Engineering,Mumbai,188312,19,2,14,7,5,1,23,6,20,Travel_Rarely,Yes,2,4,3,1,4,1,1,Yes,"No growth at all, stuck in same role for many years now"
10180,55,Female,Single,Technology,Junior Developer,1,Business Administration,Pune,247415,18,0,11,9,5,8,22,2,34,Travel_Rarely,No,1,4,2,1,4,3,4,No,"Average experience overall, some good and some bad aspects"
10181,46,Female,Divorced,Technology,Junior Developer,4,Engineering,Mumbai,141675,21,0,7,2,7,7,31,5,28,Travel_Rarely,No,1,3,1,2,4,3,2,No,Work is okay but salary could definitely be better though
10182,56,Female,Divorced,Technology,Senior Developer,3,Marketing,Bengaluru,108749,17,2,5,3,8,2,1,1,20,Non-Travel,No,6,2,1,3,4,1,3,Yes,"Average experience overall, some good and some bad aspects"
10183,37,Male,Single,Finance,Financial Analyst,3,Marketing,Chennai,207174,12,0,2,7,0,4,4,9,50,Travel_Frequently,No,0,2,4,3,4,1,1,Yes,"Average experience overall, some good and some bad aspects"
10184,23,Female,Married,Operations,Operations Manager,5,Business Administration,Bengaluru,154363,10,3,3,2,0,2,19,9,25,Travel_Rarely,No,0,1,2,3,1,2,4,Yes,Very high pressure with little or no recognition for work done
10185,45,Male,Married,Technology,Senior Developer,2,Business Administration,Pune,31285,13,2,9,5,5,5,30,3,27,Non-Travel,No,2,1,4,2,4,3,1,No,"Good colleagues, strong learning opportunities and recognition"
10186,31,Male,Married,Sales,Sales Lead,2,Business Administration,Hyderabad,238494,17,2,13,1,3,4,1,5,30,Travel_Rarely,Yes,2,2,2,2,4,4,2,Yes,Job is fine but I am looking for more interesting challenges
10187,43,Male,Single,Marketing,Marketing Manager,5,Business Administration,Bhubaneswar,76589,12,2,14,2,3,1,19,3,56,Travel_Rarely,No,5,2,4,2,3,4,2,No,"Career growth is excellent here, very satisfied with my job"
10188,47,Female,Single,Technology,QA Engineer,1,HR Management,Hyderabad,28944,19,1,6,0,0,9,21,7,41,Travel_Frequently,Yes,6,2,4,1,3,2,3,Yes,I feel undervalued and underpaid compared to industry standards
10189,48,Female,Single,Finance,Tax Analyst,3,Business Administration,Hyderabad,116041,21,2,6,8,8,7,22,1,20,Non-Travel,No,6,1,2,2,4,2,2,Yes,"Average experience overall, some good and some bad aspects"
10190,50,Male,Married,Operations,Operations Manager,3,Business Administration,Bhubaneswar,103876,11,2,7,3,2,5,2,5,1,Travel_Frequently,No,3,1,1,4,2,1,2,Yes,"No growth at all, stuck in same role for many years now"
10191,41,Female,Married,Finance,Finance Manager,2,Marketing,Chennai,110561,16,2,9,5,4,2,6,6,35,Non-Travel,Yes,1,4,1,1,2,4,3,Yes,Work is okay but salary could definitely be better though
10192,48,Male,Married,Technology,DevOps Engineer,2,Engineering,Bengaluru,69391,13,1,18,6,9,0,21,7,55,Travel_Rarely,No,5,3,3,1,4,3,1,Yes,"No growth at all, stuck in same role for many years now"
10193,41,Male,Divorced,Operations,Process Analyst,5,Marketing,Bengaluru,16607,15,0,18,1,0,4,33,3,49,Travel_Rarely,No,1,3,2,3,1,1,3,Yes,"No growth at all, stuck in same role for many years now"
10194,40,Female,Married,Marketing,Digital Marketer,4,Computer Science,Chennai,17953,14,1,1,7,7,1,19,7,43,Travel_Rarely,No,0,3,1,3,1,3,3,Yes,Management doesnt listen and salary is way below market rate
10195,41,Male,Divorced,Technology,DevOps Engineer,1,HR Management,Bhubaneswar,59941,11,3,14,8,2,1,27,4,24,Travel_Rarely,No,0,3,1,2,3,4,4,No,Great work life balance and very interesting projects daily
10196,56,Male,Married,Finance,Finance Manager,4,HR Management,Mumbai,217541,19,2,0,9,0,8,29,6,25,Travel_Frequently,No,6,1,2,4,1,1,2,Yes,I feel undervalued and underpaid compared to industry standards
10197,23,Female,Single,HR,HR Executive,4,Engineering,Hyderabad,222994,11,3,9,1,9,9,28,5,40,Travel_Rarely,No,5,1,1,1,1,3,2,Yes,I feel undervalued and underpaid compared to industry standards
10198,51,Male,Divorced,Sales,Sales Executive,2,Business Administration,Pune,76683,23,1,5,4,5,6,34,4,53,Travel_Rarely,Yes,2,2,2,1,1,2,1,Yes,"No growth at all, stuck in same role for many years now"
10199,55,Male,Married,Finance,Tax Analyst,2,Marketing,Bengaluru,216290,18,0,12,1,0,5,1,6,12,Non-Travel,No,3,4,1,1,4,3,2,No,"Very happy with my role, the team is fantastic and supportive"
10200,43,Male,Single,Operations,Operations Manager,2,Computer Science,Chennai,124588,20,0,9,4,2,0,25,3,11,Non-Travel,Yes,6,4,4,3,4,3,1,Yes,Work is okay but salary could definitely be better though
10201,24,Male,Single,Technology,Data Analyst,4,Marketing,Pune,137080,19,2,11,6,4,9,21,3,30,Non-Travel,Yes,3,3,2,3,2,1,4,Yes,Poor management decisions causing frustration across the team
10202,27,Male,Single,Sales,Sales Lead,1,Business Administration,Bhubaneswar,26154,11,0,5,5,3,1,34,5,13,Travel_Frequently,No,0,2,2,4,3,4,1,Yes,"Too much overtime, work life balance is completely terrible"
10203,36,Male,Married,Technology,Data Analyst,2,Business Administration,Pune,140542,17,1,5,3,6,6,26,5,47,Travel_Rarely,No,0,2,1,3,2,3,1,Yes,Work is okay but salary could definitely be better though
10204,48,Male,Divorced,Operations,Operations Manager,3,Finance,Pune,155119,17,1,0,1,5,2,23,9,25,Travel_Frequently,No,3,1,2,4,1,3,4,Yes,I feel undervalued and underpaid compared to industry standards
10205,31,Female,Divorced,Technology,Senior Developer,1,Marketing,Hyderabad,103529,10,0,11,6,2,1,17,4,52,Non-Travel,No,3,2,3,3,1,3,3,Yes,"No growth at all, stuck in same role for many years now"
10206,30,Female,Divorced,HR,HR Business Partner,3,Engineering,Bhubaneswar,221946,10,2,9,9,7,5,12,5,25,Travel_Rarely,No,2,4,3,4,2,3,4,No,"Career growth is excellent here, very satisfied with my job"
10207,54,Male,Single,Sales,Sales Manager,1,Marketing,Pune,29323,22,2,13,8,7,7,20,9,17,Non-Travel,Yes,3,4,2,3,2,2,2,Yes,Work is okay but salary could definitely be better though
10208,53,Male,Married,Sales,BD Executive,2,HR Management,Bengaluru,52693,13,1,14,0,1,7,27,4,12,Travel_Rarely,No,1,2,3,3,4,4,2,No,Excellent culture and very clear career growth opportunities
10209,27,Female,Single,Operations,Process Analyst,5,Computer Science,Bhubaneswar,204802,11,0,3,2,6,1,20,3,59,Travel_Rarely,Yes,3,1,1,2,4,4,4,Yes,"Too much overtime, work life balance is completely terrible"
10210,57,Female,Divorced,HR,HR Business Partner,2,Engineering,Bengaluru,104170,21,1,0,6,0,5,11,7,51,Non-Travel,No,4,4,1,2,3,1,1,Yes,I feel undervalued and underpaid compared to industry standards
10211,23,Female,Married,Finance,Finance Manager,4,Finance,Chennai,172364,24,1,7,8,1,4,28,7,52,Travel_Rarely,No,3,1,2,2,4,3,4,Yes,I feel undervalued and underpaid compared to industry standards
10212,50,Female,Married,Technology,DevOps Engineer,4,Computer Science,Chennai,60111,10,3,2,4,7,6,2,8,11,Non-Travel,No,0,1,1,4,1,1,2,Yes,Work is okay but salary could definitely be better though
10213,25,Female,Married,Marketing,Digital Marketer,1,Computer Science,Mumbai,221525,18,1,13,6,0,3,24,4,10,Travel_Rarely,No,0,4,1,4,1,2,4,No,"Career growth is excellent here, very satisfied with my job"
10214,22,Male,Married,Technology,Senior Developer,4,HR Management,Chennai,221753,22,2,16,9,1,1,16,4,17,Travel_Rarely,No,6,1,3,4,2,2,1,No,Work is okay but salary could definitely be better though
10215,40,Female,Single,Technology,Senior Developer,2,HR Management,Pune,241325,12,0,1,6,0,9,12,9,54,Travel_Rarely,Yes,4,3,1,4,3,3,2,Yes,Job is fine but I am looking for more interesting challenges
10216,47,Female,Divorced,Finance,Financial Analyst,3,HR Management,Bhubaneswar,54491,23,0,14,3,4,2,16,7,45,Travel_Frequently,No,1,3,1,2,4,1,3,Yes,Job is fine but I am looking for more interesting challenges
10217,46,Female,Divorced,Technology,Senior Developer,2,Engineering,Chennai,64336,23,3,5,4,6,8,2,3,16,Travel_Rarely,No,3,3,3,1,3,1,4,No,"Good colleagues, strong learning opportunities and recognition"
10218,31,Male,Single,HR,Recruiter,1,Marketing,Bengaluru,31905,23,3,4,1,5,9,25,9,52,Travel_Rarely,No,3,2,4,3,1,4,4,Yes,"No growth at all, stuck in same role for many years now"
10219,36,Male,Married,HR,L&D Specialist,4,Computer Science,Pune,45273,10,2,13,7,5,7,29,5,20,Travel_Frequently,Yes,4,4,2,3,1,1,4,Yes,Poor management decisions causing frustration across the team
10220,43,Male,Divorced,Sales,Sales Executive,3,Marketing,Chennai,140191,11,3,18,0,5,8,28,4,49,Travel_Rarely,No,6,3,2,4,4,2,4,No,Excellent culture and very clear career growth opportunities
10221,42,Male,Single,Operations,Supply Chain Analyst,5,Marketing,Hyderabad,130936,17,1,8,1,7,4,10,1,5,Non-Travel,Yes,2,1,4,2,4,2,2,Yes,"Average experience overall, some good and some bad aspects"
10222,43,Male,Married,Marketing,Content Writer,3,HR Management,Bengaluru,172306,14,1,7,2,4,4,23,9,41,Travel_Frequently,Yes,2,3,3,1,4,3,1,Yes,Poor management decisions causing frustration across the team
10223,57,Male,Single,Technology,Junior Developer,3,Marketing,Bengaluru,224957,20,2,2,6,9,6,32,6,54,Non-Travel,No,6,1,3,2,2,1,3,Yes,"Too much overtime, work life balance is completely terrible"
10224,55,Female,Married,Technology,Junior Developer,2,Computer Science,Mumbai,81538,16,0,17,5,6,6,31,2,56,Non-Travel,No,1,4,1,3,1,1,4,Yes,"Average experience overall, some good and some bad aspects"
10225,51,Male,Single,Finance,Financial Analyst,5,Computer Science,Hyderabad,119570,15,2,7,6,2,0,19,7,32,Non-Travel,Yes,3,3,1,4,2,2,2,Yes,Job is fine but I am looking for more interesting challenges
10226,46,Male,Married,Operations,Supply Chain Analyst,1,Business Administration,Mumbai,178645,22,3,15,4,8,4,15,3,27,Non-Travel,No,3,4,2,4,1,3,4,No,"Good colleagues, strong learning opportunities and recognition"
10227,49,Female,Single,HR,HR Business Partner,1,Finance,Chennai,108339,10,0,14,3,9,7,33,6,4,Non-Travel,No,3,3,2,2,4,4,3,Yes,"It is an okay place to work, nothing exceptional about it"
10228,22,Male,Married,Marketing,SEO Analyst,3,Engineering,Hyderabad,136132,15,0,14,6,2,6,17,8,41,Non-Travel,No,6,1,3,4,1,4,4,Yes,"Too much overtime, work life balance is completely terrible"
10229,25,Female,Divorced,Sales,Sales Executive,3,Marketing,Bengaluru,210392,20,0,15,2,5,1,20,3,48,Travel_Rarely,No,0,1,1,1,1,3,1,Yes,"Average experience overall, some good and some bad aspects"
10230,28,Female,Married,HR,L&D Specialist,4,Engineering,Mumbai,143993,16,3,0,9,2,7,9,5,7,Non-Travel,Yes,5,2,3,3,3,3,4,Yes,"Average experience overall, some good and some bad aspects"
10231,30,Male,Married,Operations,Coordinator,5,Engineering,Pune,26330,13,1,9,6,0,1,3,6,46,Non-Travel,Yes,2,2,4,1,1,4,4,Yes,Job is fine but I am looking for more interesting challenges
10232,57,Female,Married,Sales,Sales Lead,3,Engineering,Hyderabad,238112,17,1,18,1,0,9,2,1,14,Travel_Rarely,No,6,2,2,2,1,2,4,Yes,Job is fine but I am looking for more interesting challenges
10233,40,Female,Single,Finance,Senior Accountant,4,Business Administration,Bengaluru,226588,17,3,4,7,2,0,18,7,39,Non-Travel,Yes,5,3,2,3,3,1,1,Yes,"Average experience overall, some good and some bad aspects"
10234,22,Female,Single,Finance,Financial Analyst,5,Engineering,Bhubaneswar,87553,16,3,17,5,3,2,23,4,24,Non-Travel,Yes,4,4,3,1,4,4,2,Yes,I feel undervalued and underpaid compared to industry standards
10235,31,Female,Divorced,Technology,DevOps Engineer,1,Business Administration,Hyderabad,187425,20,2,2,2,1,2,19,7,48,Travel_Rarely,No,5,3,1,1,3,3,1,Yes,Job is fine but I am looking for more interesting challenges
10236,57,Male,Married,Operations,Coordinator,4,Computer Science,Hyderabad,162083,24,2,3,2,8,5,7,7,18,Travel_Rarely,Yes,0,1,1,1,4,3,2,Yes,Job is fine but I am looking for more interesting challenges
10237,30,Female,Single,Marketing,SEO Analyst,5,Marketing,Chennai,98537,11,1,3,4,7,2,20,5,38,Travel_Rarely,No,0,4,4,3,4,1,1,No,Excellent culture and very clear career growth opportunities
10238,53,Male,Married,Sales,Sales Lead,4,Business Administration,Pune,75985,15,3,10,2,2,6,20,8,39,Travel_Rarely,No,2,1,4,3,4,3,1,Yes,Excessive workload with no work life balance whatsoever here
10239,53,Female,Single,HR,L&D Specialist,3,Finance,Chennai,32044,15,2,8,5,6,7,19,8,51,Travel_Rarely,No,3,2,4,4,1,2,4,Yes,"No growth at all, stuck in same role for many years now"
10240,27,Female,Single,Operations,Ops Executive,2,Engineering,Hyderabad,184364,21,3,0,1,3,2,16,5,40,Travel_Rarely,No,1,1,3,2,3,3,1,Yes,Very high pressure with little or no recognition for work done
10241,38,Female,Divorced,Operations,Supply Chain Analyst,1,Finance,Hyderabad,137304,24,3,15,7,4,8,21,5,1,Travel_Frequently,Yes,5,3,2,4,3,1,2,Yes,Very high pressure with little or no recognition for work done
10242,31,Male,Divorced,Finance,Senior Accountant,3,Computer Science,Pune,151322,21,1,8,8,3,0,29,7,17,Travel_Rarely,No,6,1,3,2,3,4,2,Yes,Job is fine but I am looking for more interesting challenges
10243,48,Male,Married,Technology,DevOps Engineer,3,Computer Science,Pune,38289,16,1,10,6,8,2,24,6,26,Travel_Rarely,No,6,1,3,3,3,2,2,Yes,Excessive workload with no work life balance whatsoever here
10244,56,Male,Divorced,Technology,Data Analyst,5,HR Management,Mumbai,48087,15,3,5,2,6,2,29,4,51,Non-Travel,No,4,1,1,1,2,3,2,Yes,I feel undervalued and underpaid compared to industry standards
10245,42,Female,Married,Sales,Account Manager,4,Engineering,Bengaluru,90952,11,0,16,9,3,6,31,2,22,Travel_Rarely,Yes,2,4,4,4,1,1,1,Yes,"It is an okay place to work, nothing exceptional about it"
10246,46,Female,Married,Finance,Tax Analyst,1,HR Management,Bengaluru,236767,17,0,11,3,7,4,12,8,39,Non-Travel,No,1,1,2,3,2,4,4,Yes,Job is fine but I am looking for more interesting challenges
10247,49,Female,Single,Operations,Coordinator,3,Finance,Mumbai,51368,24,3,7,9,1,3,30,3,18,Travel_Rarely,No,2,1,4,3,1,4,3,Yes,Excessive workload with no work life balance whatsoever here
10248,36,Female,Single,Marketing,Content Writer,5,Marketing,Bengaluru,135648,13,1,15,1,6,1,4,2,38,Travel_Rarely,Yes,2,2,4,3,3,1,2,Yes,I feel undervalued and underpaid compared to industry standards
10249,25,Male,Married,Finance,Tax Analyst,1,HR Management,Hyderabad,85815,18,0,4,8,0,6,30,7,28,Travel_Rarely,Yes,2,2,4,4,2,4,1,Yes,"Too much overtime, work life balance is completely terrible"
10250,50,Female,Divorced,Sales,BD Executive,4,Computer Science,Mumbai,105693,17,1,0,4,7,2,5,6,21,Travel_Frequently,Yes,2,3,2,3,4,4,4,Yes,"It is an okay place to work, nothing exceptional about it"
10251,30,Male,Married,Sales,Sales Manager,3,Engineering,Mumbai,207112,23,0,16,1,5,6,16,8,38,Travel_Frequently,No,3,2,1,2,3,4,1,Yes,Very high pressure with little or no recognition for work done
10252,48,Female,Single,Finance,Auditor,3,Finance,Bengaluru,73900,12,3,7,9,4,9,27,6,33,Non-Travel,No,6,1,2,2,3,4,2,Yes,Management doesnt listen and salary is way below market rate
10253,47,Male,Single,Sales,Account Manager,3,Business Administration,Bhubaneswar,30494,12,2,9,5,8,6,4,7,30,Non-Travel,No,0,2,2,1,4,1,2,Yes,Excessive workload with no work life balance whatsoever here
10254,40,Male,Married,Finance,Finance Manager,1,Computer Science,Bengaluru,131486,17,2,17,6,8,1,8,2,42,Travel_Frequently,No,6,4,1,4,3,1,4,Yes,Excessive workload with no work life balance whatsoever here
10255,49,Female,Single,HR,L&D Specialist,1,Business Administration,Chennai,191238,11,1,14,1,2,6,8,2,55,Travel_Rarely,No,6,3,2,4,1,3,1,Yes,"It is an okay place to work, nothing exceptional about it"
10256,38,Female,Married,Finance,Tax Analyst,1,Marketing,Bhubaneswar,237182,18,1,19,0,8,5,17,6,8,Travel_Rarely,No,5,2,2,4,3,3,2,Yes,Very high pressure with little or no recognition for work done
10257,41,Male,Single,Finance,Tax Analyst,1,Engineering,Mumbai,171405,13,0,12,6,8,9,3,9,30,Travel_Rarely,No,2,3,3,4,1,2,2,Yes,Excessive workload with no work life balance whatsoever here
10258,44,Female,Single,Sales,Account Manager,5,Marketing,Bhubaneswar,48050,24,3,9,0,1,3,27,3,39,Travel_Rarely,No,1,3,2,4,1,4,3,Yes,Very high pressure with little or no recognition for work done
10259,53,Female,Married,Sales,Sales Executive,2,Marketing,Hyderabad,112799,15,0,8,2,4,4,34,8,9,Travel_Frequently,No,5,3,3,3,3,4,3,No,"Average experience overall, some good and some bad aspects"
10260,54,Male,Married,Technology,QA Engineer,5,Engineering,Pune,146016,12,3,12,3,1,7,21,5,33,Travel_Rarely,No,1,4,3,3,4,2,2,No,Management is supportive and salary is competitive and fair
10261,26,Male,Single,Technology,DevOps Engineer,3,Engineering,Bhubaneswar,244147,12,3,2,1,0,4,24,6,58,Travel_Rarely,Yes,1,1,3,2,1,1,3,Yes,Job is fine but I am looking for more interesting challenges
10262,55,Male,Single,HR,HR Business Partner,5,Business Administration,Chennai,225638,12,1,2,6,6,2,29,6,57,Travel_Rarely,Yes,0,4,4,4,2,1,3,Yes,"No growth at all, stuck in same role for many years now"
10263,32,Male,Married,Technology,DevOps Engineer,4,Marketing,Pune,103257,20,2,0,4,3,1,6,3,43,Travel_Frequently,Yes,0,3,1,4,1,2,2,Yes,Poor management decisions causing frustration across the team
10264,24,Female,Single,Finance,Finance Manager,1,Finance,Hyderabad,63070,22,2,1,0,4,5,14,5,59,Travel_Rarely,No,1,2,4,4,4,3,1,Yes,"Average experience overall, some good and some bad aspects"
10265,54,Male,Married,Sales,Sales Lead,4,Business Administration,Chennai,20166,19,1,10,7,3,5,14,1,29,Travel_Rarely,No,3,2,1,2,3,3,1,Yes,"It is an okay place to work, nothing exceptional about it"
10266,32,Male,Divorced,Technology,DevOps Engineer,4,Engineering,Pune,153193,21,2,13,9,5,6,24,2,31,Travel_Frequently,No,0,4,2,4,4,4,1,No,Management is supportive and salary is competitive and fair
10267,37,Male,Single,Technology,Data Analyst,3,Computer Science,Hyderabad,160749,23,1,9,6,1,7,13,3,3,Travel_Rarely,No,0,2,3,4,4,3,4,Yes,"Too much overtime, work life balance is completely terrible"
10268,39,Female,Divorced,HR,HR Executive,1,Business Administration,Pune,202633,23,0,6,3,7,3,1,4,50,Travel_Rarely,Yes,3,3,4,3,3,1,1,Yes,"Average experience overall, some good and some bad aspects"
10269,51,Male,Single,Operations,Ops Executive,4,HR Management,Pune,242849,23,3,0,1,3,7,12,9,38,Travel_Rarely,No,2,3,2,2,2,2,4,Yes,Poor management decisions causing frustration across the team
10270,31,Female,Married,HR,HR Executive,3,Finance,Bengaluru,227981,21,2,6,6,7,0,24,1,11,Travel_Rarely,No,0,1,4,3,2,2,4,Yes,"No growth at all, stuck in same role for many years now"
10271,39,Male,Married,Finance,Senior Accountant,1,Business Administration,Chennai,102409,11,2,14,1,2,5,20,3,5,Non-Travel,No,5,3,2,1,1,2,3,No,"Very happy with my role, the team is fantastic and supportive"
10272,40,Male,Divorced,Sales,Sales Manager,2,Engineering,Chennai,52664,17,0,10,5,4,5,6,3,31,Travel_Rarely,No,1,2,4,4,1,3,4,Yes,Management doesnt listen and salary is way below market rate
10273,57,Female,Single,HR,HR Business Partner,3,Engineering,Bhubaneswar,144926,18,0,5,0,2,2,12,6,20,Travel_Rarely,No,1,1,2,1,2,2,4,Yes,"Average experience overall, some good and some bad aspects"
10274,34,Male,Married,Technology,DevOps Engineer,5,Finance,Chennai,16293,24,2,6,6,6,8,21,5,4,Travel_Rarely,Yes,3,2,2,4,3,2,4,Yes,Management doesnt listen and salary is way below market rate
10275,24,Male,Divorced,Sales,Sales Executive,1,HR Management,Chennai,168515,17,2,6,6,2,4,3,3,8,Travel_Rarely,Yes,1,4,4,1,4,3,4,No,Excellent culture and very clear career growth opportunities
10276,31,Female,Married,Sales,Sales Manager,4,Business Administration,Pune,64212,24,1,0,3,7,0,27,4,42,Travel_Rarely,No,6,1,2,3,3,1,3,Yes,Management doesnt listen and salary is way below market rate
10277,22,Male,Married,Technology,Data Analyst,4,Business Administration,Mumbai,230203,19,1,9,3,8,6,17,7,35,Travel_Frequently,No,4,3,3,2,4,4,2,Yes,I feel undervalued and underpaid compared to industry standards
10278,48,Male,Single,HR,L&D Specialist,5,Marketing,Bengaluru,90276,12,2,14,9,1,9,15,3,13,Non-Travel,Yes,1,1,3,1,4,1,4,Yes,Management doesnt listen and salary is way below market rate
10279,29,Male,Married,Technology,Junior Developer,5,Computer Science,Bhubaneswar,27559,16,1,7,4,2,2,4,9,49,Non-Travel,Yes,3,3,3,3,2,3,2,Yes,"Average experience overall, some good and some bad aspects"
10280,38,Male,Single,Operations,Coordinator,4,Engineering,Bengaluru,80231,20,0,18,1,6,9,17,8,5,Travel_Rarely,No,3,3,3,1,2,2,1,Yes,"Average experience overall, some good and some bad aspects"
10281,30,Female,Single,Sales,Sales Manager,1,Business Administration,Bhubaneswar,123277,19,3,2,8,4,9,11,2,40,Travel_Rarely,No,3,2,1,1,3,4,1,Yes,"Average experience overall, some good and some bad aspects"
10282,27,Male,Married,Marketing,SEO Analyst,3,Business Administration,Hyderabad,185116,11,1,14,9,9,3,12,5,19,Travel_Rarely,No,6,3,4,2,4,1,2,No,Excellent culture and very clear career growth opportunities
10283,46,Female,Single,Marketing,Digital Marketer,5,Business Administration,Pune,36747,13,3,3,3,6,5,32,4,18,Non-Travel,No,5,3,3,3,3,4,2,Yes,Excessive workload with no work life balance whatsoever here
10284,49,Male,Divorced,Finance,Senior Accountant,5,HR Management,Chennai,219581,21,1,5,8,1,7,27,5,33,Travel_Rarely,Yes,4,3,3,2,1,1,1,Yes,"No growth at all, stuck in same role for many years now"
10285,54,Female,Divorced,Technology,DevOps Engineer,5,Computer Science,Chennai,226941,22,2,9,2,3,3,27,3,4,Travel_Rarely,No,6,2,3,4,2,1,3,No,"I love working here, great team and management support"
10286,30,Male,Married,Technology,DevOps Engineer,2,Business Administration,Mumbai,176201,23,1,17,8,0,8,29,1,59,Travel_Rarely,Yes,0,3,1,2,2,3,3,Yes,Poor management decisions causing frustration across the team
10287,39,Female,Married,Finance,Auditor,1,Finance,Bengaluru,15037,22,3,15,0,4,7,9,8,18,Travel_Rarely,No,2,4,4,2,4,1,4,No,"It is an okay place to work, nothing exceptional about it"
10288,42,Male,Married,Finance,Financial Analyst,1,Engineering,Bengaluru,119294,15,3,17,6,7,9,3,9,46,Travel_Rarely,No,1,2,2,1,2,2,3,Yes,"It is an okay place to work, nothing exceptional about it"
10289,23,Female,Single,Finance,Auditor,1,Marketing,Bengaluru,112847,20,2,5,3,0,9,29,8,24,Travel_Rarely,No,5,4,1,1,3,3,3,No,Work is okay but salary could definitely be better though
10290,57,Female,Married,Sales,Sales Lead,1,Finance,Chennai,118742,14,3,18,6,6,5,21,4,43,Travel_Rarely,No,0,1,3,1,4,4,4,Yes,Management doesnt listen and salary is way below market rate
10291,36,Male,Single,Operations,Process Analyst,1,Engineering,Bengaluru,63503,22,2,16,9,6,6,10,2,29,Travel_Rarely,Yes,3,2,3,3,4,3,4,Yes,Excessive workload with no work life balance whatsoever here
10292,49,Female,Single,Technology,Data Analyst,4,HR Management,Pune,43207,18,2,17,5,6,7,23,4,31,Travel_Frequently,No,0,4,1,2,1,1,3,Yes,I feel undervalued and underpaid compared to industry standards
10293,39,Male,Married,Sales,Sales Lead,5,Computer Science,Bhubaneswar,48241,19,3,12,3,0,1,25,9,58,Travel_Frequently,No,6,2,4,4,3,4,2,Yes,"It is an okay place to work, nothing exceptional about it"
10294,55,Male,Married,Finance,Tax Analyst,4,Computer Science,Chennai,146130,13,0,6,3,2,4,24,9,28,Travel_Rarely,No,0,3,4,1,4,2,4,No,"I love working here, great team and management support"
10295,43,Male,Divorced,Technology,DevOps Engineer,2,Engineering,Pune,214244,14,3,19,7,1,6,20,5,9,Non-Travel,Yes,4,2,2,4,2,3,2,Yes,Excessive workload with no work life balance whatsoever here
10296,32,Male,Single,Sales,Sales Manager,3,Finance,Hyderabad,111171,13,3,11,6,4,7,15,5,45,Non-Travel,Yes,3,1,1,2,2,1,1,Yes,Management doesnt listen and salary is way below market rate
10297,34,Male,Married,Operations,Process Analyst,5,Marketing,Pune,160906,23,1,1,3,1,4,21,3,26,Travel_Rarely,No,5,4,4,2,4,4,4,No,Great work life balance and very interesting projects daily
10298,25,Female,Single,Sales,Sales Manager,2,HR Management,Pune,227185,22,3,11,5,4,2,12,6,49,Travel_Rarely,No,5,2,1,2,2,2,2,Yes,Job is fine but I am looking for more interesting challenges
10299,43,Male,Married,Operations,Process Analyst,4,Engineering,Hyderabad,132302,23,1,11,5,4,5,18,7,47,Travel_Rarely,Yes,3,3,4,4,4,2,4,Yes,"No growth at all, stuck in same role for many years now"
10300,28,Male,Married,Finance,Senior Accountant,3,HR Management,Pune,173262,17,1,3,0,3,4,23,9,2,Travel_Rarely,No,1,4,4,4,4,3,4,No,"It is an okay place to work, nothing exceptional about it"
10301,45,Male,Married,Operations,Operations Manager,2,Computer Science,Bhubaneswar,87832,22,3,3,1,6,7,29,7,6,Travel_Rarely,Yes,5,4,3,4,4,4,4,Yes,"Too much overtime, work life balance is completely terrible"
10302,25,Male,Single,Technology,QA Engineer,3,Business Administration,Chennai,36383,17,2,17,3,9,8,5,3,29,Travel_Frequently,Yes,5,4,4,2,2,1,4,Yes,Poor management decisions causing frustration across the team
10303,49,Male,Single,Finance,Senior Accountant,2,Business Administration,Mumbai,139291,24,0,15,5,5,8,26,7,26,Travel_Rarely,Yes,1,1,4,2,2,4,2,Yes,I feel undervalued and underpaid compared to industry standards
10304,36,Male,Single,Technology,Senior Developer,4,Marketing,Hyderabad,170732,12,3,13,5,1,5,11,1,28,Non-Travel,Yes,1,3,1,1,3,2,2,Yes,"It is an okay place to work, nothing exceptional about it"
10305,22,Female,Married,Marketing,SEO Analyst,3,HR Management,Chennai,17674,10,3,16,0,3,3,11,2,7,Travel_Rarely,No,6,3,4,3,1,4,2,Yes,"No growth at all, stuck in same role for many years now"
10306,24,Female,Divorced,HR,Recruiter,2,Engineering,Bengaluru,129100,15,2,16,7,6,3,18,4,34,Travel_Rarely,No,5,4,4,4,2,3,1,No,Job is fine but I am looking for more interesting challenges
10307,35,Male,Single,Operations,Coordinator,4,Marketing,Bhubaneswar,124369,11,1,2,1,8,8,12,7,56,Travel_Frequently,Yes,5,2,1,3,4,4,4,Yes,I feel undervalued and underpaid compared to industry standards
10308,22,Female,Married,HR,L&D Specialist,5,Finance,Mumbai,37820,11,2,5,4,8,3,16,9,45,Travel_Rarely,No,5,4,4,4,2,4,4,No,"Very happy with my role, the team is fantastic and supportive"
10309,42,Male,Divorced,HR,HR Executive,4,Business Administration,Bhubaneswar,231112,12,2,12,3,2,7,27,5,10,Travel_Rarely,No,1,3,1,4,2,3,2,No,Work is okay but salary could definitely be better though
10310,50,Male,Married,Operations,Supply Chain Analyst,4,Engineering,Bhubaneswar,171738,17,1,8,4,0,8,17,8,48,Travel_Rarely,No,5,1,1,3,4,4,2,Yes,Work is okay but salary could definitely be better though
10311,26,Male,Married,Finance,Auditor,5,HR Management,Bengaluru,58794,12,3,8,4,8,4,21,7,41,Travel_Rarely,No,0,1,1,3,3,3,4,Yes,I feel undervalued and underpaid compared to industry standards
10312,31,Male,Married,Marketing,Brand Manager,4,Marketing,Mumbai,148148,16,2,7,9,7,5,31,5,40,Travel_Rarely,No,0,4,1,4,4,3,4,Yes,Excessive workload with no work life balance whatsoever here
10313,49,Male,Single,Technology,Junior Developer,5,Engineering,Bhubaneswar,210926,19,2,16,7,6,2,27,3,57,Non-Travel,No,1,1,3,2,3,3,1,Yes,Very high pressure with little or no recognition for work done
10314,42,Female,Single,Sales,Sales Manager,5,Marketing,Bengaluru,143544,23,3,15,9,5,4,23,3,47,Travel_Rarely,No,1,1,3,1,2,2,4,Yes,Poor management decisions causing frustration across the team
10315,28,Female,Single,Technology,Junior Developer,5,Marketing,Hyderabad,198414,19,3,15,6,9,4,32,6,22,Non-Travel,Yes,1,2,3,4,4,4,2,Yes,I feel undervalued and underpaid compared to industry standards
10316,24,Female,Divorced,Sales,Account Manager,2,Marketing,Bengaluru,52555,18,0,18,8,6,1,17,4,27,Travel_Rarely,No,2,1,3,1,2,3,1,Yes,I feel undervalued and underpaid compared to industry standards
10317,41,Female,Divorced,Technology,DevOps Engineer,3,HR Management,Pune,201280,22,2,15,0,8,9,11,3,39,Travel_Rarely,No,1,2,1,2,4,1,3,Yes,Management doesnt listen and salary is way below market rate
10318,40,Male,Married,Operations,Process Analyst,2,Engineering,Chennai,47406,17,0,13,5,5,5,1,4,22,Non-Travel,No,6,4,1,2,2,1,3,No,"Average experience overall, some good and some bad aspects"
10319,56,Female,Single,Marketing,Marketing Manager,5,Computer Science,Bengaluru,207644,10,1,19,5,9,8,28,3,55,Travel_Rarely,No,2,3,1,1,2,2,4,Yes,Very high pressure with little or no recognition for work done
10320,25,Male,Married,Sales,Sales Executive,3,Computer Science,Bengaluru,55262,16,3,13,1,2,6,18,6,19,Travel_Rarely,No,1,3,1,4,2,3,2,Yes,Work is okay but salary could definitely be better though
10321,26,Female,Single,Finance,Tax Analyst,3,HR Management,Bengaluru,106320,16,3,13,7,2,7,20,7,36,Travel_Rarely,No,3,2,3,1,4,3,4,Yes,Very high pressure with little or no recognition for work done
10322,22,Female,Single,Technology,Senior Developer,5,HR Management,Bhubaneswar,232733,17,0,13,5,3,1,7,4,9,Non-Travel,No,4,3,4,4,3,2,2,No,"Very happy with my role, the team is fantastic and supportive"
10323,25,Female,Married,Technology,Data Analyst,3,Business Administration,Mumbai,169288,19,2,11,9,9,8,16,3,19,Travel_Rarely,No,5,4,3,3,2,4,2,No,"I love working here, great team and management support"
10324,33,Female,Divorced,Sales,BD Executive,3,Marketing,Bengaluru,214189,14,1,5,8,9,2,23,3,2,Non-Travel,No,5,3,1,4,4,3,2,Yes,"No growth at all, stuck in same role for many years now"
10325,48,Male,Divorced,Finance,Senior Accountant,2,Engineering,Bengaluru,227208,19,2,19,9,7,9,32,3,28,Non-Travel,Yes,0,1,1,3,4,3,3,Yes,I feel undervalued and underpaid compared to industry standards
10326,44,Female,Married,Finance,Financial Analyst,3,Engineering,Pune,45284,18,2,12,4,9,4,17,9,59,Travel_Rarely,Yes,3,4,4,3,2,1,4,Yes,Management doesnt listen and salary is way below market rate
10327,46,Female,Single,Operations,Coordinator,5,Finance,Pune,166243,18,0,15,6,8,6,19,3,39,Non-Travel,No,4,4,1,1,2,3,4,Yes,"It is an okay place to work, nothing exceptional about it"
10328,42,Male,Single,Operations,Operations Manager,1,Finance,Hyderabad,105627,17,2,8,5,7,3,34,3,22,Travel_Frequently,Yes,5,3,4,3,3,2,3,Yes,Excessive workload with no work life balance whatsoever here
10329,45,Male,Single,Operations,Coordinator,1,Computer Science,Hyderabad,160405,15,0,1,4,9,6,14,8,51,Non-Travel,No,5,3,1,1,2,1,2,Yes,"Too much overtime, work life balance is completely terrible"
10330,46,Female,Married,Operations,Supply Chain Analyst,1,Finance,Pune,176607,15,3,2,5,1,7,3,4,6,Travel_Rarely,No,2,2,4,1,3,2,1,No,Management is supportive and salary is competitive and fair
10331,53,Male,Married,Operations,Ops Executive,5,Finance,Mumbai,104023,10,3,9,3,3,9,25,7,47,Travel_Frequently,No,0,1,2,2,1,2,1,Yes,Management doesnt listen and salary is way below market rate
10332,53,Male,Married,Operations,Supply Chain Analyst,1,Computer Science,Hyderabad,222012,22,3,19,2,3,9,11,3,7,Travel_Frequently,No,2,3,2,1,4,3,3,No,"I love working here, great team and management support"
10333,26,Male,Married,Marketing,SEO Analyst,2,Business Administration,Chennai,179772,24,1,1,0,1,3,15,8,6,Travel_Rarely,No,6,3,2,2,3,4,1,Yes,Very high pressure with little or no recognition for work done
10334,57,Female,Single,Finance,Financial Analyst,5,Computer Science,Chennai,229655,15,1,9,0,7,4,19,3,33,Travel_Frequently,No,6,2,2,2,2,3,2,Yes,Work is okay but salary could definitely be better though
10335,37,Male,Single,Operations,Coordinator,5,Finance,Mumbai,56516,23,2,7,5,2,2,15,5,14,Travel_Frequently,No,2,3,1,1,3,4,2,Yes,"It is an okay place to work, nothing exceptional about it"
10336,54,Female,Married,Finance,Tax Analyst,5,Engineering,Pune,30577,13,0,16,8,1,4,15,1,1,Non-Travel,No,0,1,1,4,2,1,4,Yes,Excessive workload with no work life balance whatsoever here
10337,42,Female,Single,Finance,Financial Analyst,3,Finance,Hyderabad,235906,13,2,0,7,6,7,15,5,25,Travel_Rarely,No,4,1,1,4,3,2,2,Yes,Excessive workload with no work life balance whatsoever here
10338,30,Female,Married,HR,HR Manager,3,Marketing,Bengaluru,30015,23,3,5,1,0,2,9,6,6,Non-Travel,No,0,4,2,1,4,2,2,No,"Good colleagues, strong learning opportunities and recognition"
10339,27,Female,Divorced,Marketing,SEO Analyst,3,Marketing,Pune,106104,11,2,6,8,5,4,5,7,28,Travel_Rarely,No,1,4,4,3,3,3,2,No,Great work life balance and very interesting projects daily
10340,56,Male,Married,Operations,Supply Chain Analyst,4,Marketing,Hyderabad,129412,22,2,14,7,2,9,19,2,18,Travel_Rarely,No,2,1,4,1,1,4,1,Yes,Job is fine but I am looking for more interesting challenges
10341,43,Female,Single,Technology,QA Engineer,2,Business Administration,Mumbai,106740,20,2,17,8,2,0,24,2,27,Non-Travel,Yes,1,2,2,3,4,2,1,Yes,I feel undervalued and underpaid compared to industry standards
10342,26,Male,Single,Sales,Sales Executive,5,HR Management,Chennai,243356,23,3,8,3,4,1,29,9,49,Travel_Rarely,Yes,0,4,1,4,3,2,3,Yes,"No growth at all, stuck in same role for many years now"
10343,44,Female,Married,Technology,Data Analyst,5,Marketing,Mumbai,237875,13,0,7,8,2,2,5,1,59,Non-Travel,No,0,1,2,3,1,4,3,Yes,"Too much overtime, work life balance is completely terrible"
10344,38,Male,Married,Marketing,SEO Analyst,3,Engineering,Hyderabad,167308,14,2,9,1,3,0,22,2,2,Travel_Frequently,No,5,1,3,1,1,2,1,Yes,Excessive workload with no work life balance whatsoever here
10345,33,Female,Married,Sales,Sales Lead,5,Business Administration,Mumbai,244223,22,3,3,0,2,8,13,2,40,Non-Travel,No,6,4,4,3,3,2,4,No,Great work life balance and very interesting projects daily
10346,44,Male,Married,Marketing,Marketing Manager,5,HR Management,Hyderabad,81640,21,1,19,8,6,8,29,7,21,Travel_Rarely,Yes,4,1,2,2,4,2,4,Yes,Excessive workload with no work life balance whatsoever here
10347,37,Female,Married,Finance,Financial Analyst,1,HR Management,Hyderabad,98190,14,0,7,9,2,4,16,6,23,Non-Travel,No,2,1,2,2,3,4,1,Yes,I feel undervalued and underpaid compared to industry standards
10348,24,Female,Married,Sales,Account Manager,5,Marketing,Mumbai,144516,14,3,0,7,9,3,17,9,55,Non-Travel,No,6,1,2,1,4,4,3,Yes,"It is an okay place to work, nothing exceptional about it"
10349,51,Male,Single,Finance,Auditor,4,Finance,Bhubaneswar,191776,13,2,7,6,3,4,20,7,2,Travel_Rarely,No,3,1,2,1,4,1,4,Yes,"Average experience overall, some good and some bad aspects"
10350,43,Female,Married,Technology,Data Analyst,3,Computer Science,Bengaluru,188441,10,3,11,7,1,3,14,3,16,Non-Travel,No,0,4,1,1,3,2,2,No,Job is fine but I am looking for more interesting challenges
10351,30,Female,Single,Technology,DevOps Engineer,2,Finance,Pune,149718,23,0,14,0,1,4,6,3,4,Travel_Rarely,No,5,2,4,4,1,2,4,Yes,I feel undervalued and underpaid compared to industry standards
10352,50,Female,Single,Sales,Sales Executive,2,Finance,Chennai,102007,19,2,12,8,8,6,22,1,34,Travel_Frequently,Yes,3,1,3,4,4,1,4,Yes,Management doesnt listen and salary is way below market rate
10353,44,Male,Married,Sales,Sales Executive,1,HR Management,Bengaluru,171978,17,1,15,9,0,7,9,8,55,Non-Travel,No,2,3,1,4,2,4,4,Yes,Excessive workload with no work life balance whatsoever here
10354,34,Female,Married,Operations,Coordinator,2,HR Management,Pune,232715,12,1,17,8,0,1,32,1,5,Travel_Frequently,No,1,2,2,2,2,4,3,No,"Average experience overall, some good and some bad aspects"
10355,53,Female,Divorced,Marketing,Brand Manager,2,Business Administration,Pune,62728,11,1,0,8,9,3,24,2,49,Non-Travel,No,2,3,2,3,1,3,3,Yes,"It is an okay place to work, nothing exceptional about it"
10356,44,Male,Married,Operations,Coordinator,3,Business Administration,Chennai,29878,18,3,16,5,0,7,33,7,34,Non-Travel,No,6,3,2,2,1,4,1,Yes,Job is fine but I am looking for more interesting challenges
10357,38,Male,Divorced,Marketing,Marketing Manager,3,HR Management,Bengaluru,143925,16,0,15,3,2,6,13,1,22,Non-Travel,No,4,1,2,3,3,3,4,No,"Very happy with my role, the team is fantastic and supportive"
10358,42,Male,Divorced,Operations,Ops Executive,4,Engineering,Chennai,24145,18,1,4,1,1,8,6,4,46,Travel_Frequently,Yes,3,4,4,3,4,1,3,Yes,Excessive workload with no work life balance whatsoever here
10359,23,Male,Married,Finance,Finance Manager,1,Engineering,Hyderabad,103578,22,2,19,3,2,4,30,9,20,Non-Travel,Yes,5,3,2,1,3,4,3,Yes,Work is okay but salary could definitely be better though
10360,27,Male,Married,Sales,Sales Manager,2,Computer Science,Chennai,33226,11,2,9,6,4,5,16,8,39,Travel_Frequently,No,6,3,3,1,2,1,1,Yes,Very high pressure with little or no recognition for work done
10361,39,Female,Married,Technology,Senior Developer,4,HR Management,Mumbai,17802,18,2,5,0,8,7,1,8,47,Travel_Frequently,No,3,3,1,4,2,3,2,Yes,Poor management decisions causing frustration across the team
10362,51,Female,Divorced,Marketing,Content Writer,1,Marketing,Bhubaneswar,39119,19,3,11,8,1,4,18,3,50,Travel_Rarely,Yes,1,1,4,1,4,2,2,Yes,Very high pressure with little or no recognition for work done
10363,43,Female,Married,Marketing,Marketing Manager,2,Business Administration,Bhubaneswar,78560,18,0,9,2,0,8,22,5,13,Travel_Rarely,No,6,1,2,2,4,2,4,Yes,"Too much overtime, work life balance is completely terrible"
10364,54,Male,Single,Technology,DevOps Engineer,2,HR Management,Bhubaneswar,72353,20,0,16,3,5,3,26,4,44,Travel_Rarely,No,5,4,3,2,2,1,2,No,"Very happy with my role, the team is fantastic and supportive"
10365,51,Female,Married,Operations,Coordinator,3,Engineering,Bengaluru,238793,18,1,1,4,2,7,14,8,34,Travel_Rarely,Yes,1,1,1,2,3,2,1,Yes,Excessive workload with no work life balance whatsoever here
10366,38,Male,Single,Marketing,Marketing Manager,5,HR Management,Bengaluru,138001,19,0,18,2,6,2,14,7,44,Non-Travel,No,0,2,1,1,4,1,3,Yes,"No growth at all, stuck in same role for many years now"
10367,53,Male,Married,Finance,Auditor,1,Engineering,Hyderabad,208198,22,2,19,3,5,4,26,7,6,Travel_Rarely,No,6,4,4,1,3,3,2,No,"Very happy with my role, the team is fantastic and supportive"
10368,35,Female,Single,Sales,Sales Executive,2,HR Management,Bhubaneswar,86641,19,2,5,4,6,7,23,7,56,Travel_Rarely,No,2,1,1,3,4,2,4,Yes,"It is an okay place to work, nothing exceptional about it"
10369,31,Male,Married,Technology,DevOps Engineer,1,Marketing,Hyderabad,66712,13,3,12,0,4,9,2,1,29,Travel_Rarely,Yes,6,1,2,3,1,3,4,Yes,"No growth at all, stuck in same role for many years now"
10370,57,Male,Divorced,Sales,Sales Lead,4,Computer Science,Bhubaneswar,198261,19,2,8,8,0,6,7,7,33,Non-Travel,No,6,3,2,1,3,4,3,No,Job is fine but I am looking for more interesting challenges
10371,55,Female,Single,Marketing,Brand Manager,4,Marketing,Bengaluru,203856,12,0,11,9,2,0,22,4,53,Non-Travel,No,4,1,3,2,2,2,4,Yes,Poor management decisions causing frustration across the team
10372,30,Male,Single,Marketing,Content Writer,5,Engineering,Mumbai,145085,15,2,17,9,2,3,28,3,1,Travel_Frequently,Yes,0,3,3,1,1,2,1,Yes,"Too much overtime, work life balance is completely terrible"
10373,49,Male,Single,Technology,QA Engineer,2,Business Administration,Mumbai,83285,12,1,7,3,6,1,20,5,47,Non-Travel,No,2,1,1,4,3,2,2,Yes,Management doesnt listen and salary is way below market rate
10374,32,Female,Married,Finance,Senior Accountant,3,Business Administration,Mumbai,130278,20,3,17,8,2,1,18,2,59,Travel_Rarely,No,1,1,4,4,4,1,4,Yes,Very high pressure with little or no recognition for work done
10375,35,Male,Single,HR,Recruiter,2,Finance,Chennai,189021,18,3,1,3,4,6,24,8,48,Non-Travel,No,4,1,2,2,2,4,2,Yes,Very high pressure with little or no recognition for work done
10376,40,Male,Single,Technology,DevOps Engineer,1,Marketing,Mumbai,180201,12,0,7,0,3,2,33,9,54,Travel_Frequently,No,1,1,1,4,4,4,3,Yes,"No growth at all, stuck in same role for many years now"
10377,36,Female,Single,HR,HR Business Partner,4,HR Management,Pune,39512,11,2,9,4,3,2,26,5,7,Travel_Frequently,No,5,1,4,1,3,4,2,Yes,Work is okay but salary could definitely be better though
10378,49,Female,Married,Operations,Process Analyst,1,Computer Science,Bhubaneswar,117077,17,2,8,8,6,5,19,3,22,Non-Travel,Yes,1,4,1,1,1,3,1,Yes,I feel undervalued and underpaid compared to industry standards
10379,45,Female,Single,HR,Recruiter,5,HR Management,Mumbai,225103,15,0,17,2,0,5,13,7,32,Non-Travel,No,3,1,4,3,3,4,3,Yes,"Average experience overall, some good and some bad aspects"
10380,29,Female,Married,Finance,Senior Accountant,4,HR Management,Pune,209626,17,0,7,4,6,0,10,1,14,Travel_Rarely,No,2,1,3,4,2,1,4,Yes,I feel undervalued and underpaid compared to industry standards
10381,30,Male,Single,Operations,Ops Executive,3,Marketing,Pune,17064,24,1,18,2,7,0,14,3,57,Non-Travel,No,0,3,2,4,1,1,3,Yes,Management doesnt listen and salary is way below market rate
10382,54,Male,Married,HR,HR Executive,4,Computer Science,Pune,110614,22,0,2,2,2,5,9,9,51,Travel_Rarely,No,6,2,3,4,2,3,2,Yes,"No growth at all, stuck in same role for many years now"
10383,54,Female,Single,Operations,Operations Manager,2,Finance,Hyderabad,197639,16,2,8,0,2,6,11,2,24,Travel_Rarely,No,3,2,2,4,4,3,2,No,"Average experience overall, some good and some bad aspects"
10384,40,Male,Married,HR,Recruiter,2,HR Management,Hyderabad,132639,12,1,12,1,3,8,3,9,19,Non-Travel,No,5,4,4,2,1,4,2,No,Management is supportive and salary is competitive and fair
10385,24,Male,Single,Finance,Senior Accountant,4,Computer Science,Pune,45011,17,3,8,1,5,3,12,1,27,Travel_Rarely,No,2,1,4,2,3,4,2,Yes,I feel undervalued and underpaid compared to industry standards
10386,31,Female,Married,HR,L&D Specialist,5,Finance,Chennai,86152,19,2,19,8,6,9,32,4,23,Travel_Rarely,No,5,2,1,1,4,1,3,Yes,Job is fine but I am looking for more interesting challenges
10387,22,Female,Divorced,HR,L&D Specialist,2,HR Management,Mumbai,219583,10,3,11,6,0,5,14,6,45,Travel_Rarely,No,2,3,4,4,4,1,3,No,Excellent culture and very clear career growth opportunities
10388,50,Male,Divorced,HR,HR Executive,2,Computer Science,Bhubaneswar,25960,10,3,12,7,3,2,1,7,21,Travel_Rarely,No,2,3,4,3,3,4,2,Yes,Excessive workload with no work life balance whatsoever here
10389,55,Female,Married,Technology,DevOps Engineer,3,Marketing,Chennai,239600,22,3,7,1,6,3,27,3,44,Travel_Rarely,No,4,4,1,1,4,1,4,No,"I love working here, great team and management support"
10390,34,Female,Married,Technology,QA Engineer,4,Business Administration,Bengaluru,136789,22,2,14,8,1,8,1,9,29,Travel_Rarely,No,3,3,1,1,2,3,3,No,"Average experience overall, some good and some bad aspects"
10391,22,Female,Married,Technology,QA Engineer,2,Business Administration,Hyderabad,73920,19,3,12,2,0,0,29,4,1,Travel_Rarely,Yes,0,2,2,2,3,1,1,Yes,"Too much overtime, work life balance is completely terrible"
10392,55,Male,Married,Finance,Tax Analyst,5,HR Management,Mumbai,36387,22,2,12,9,0,4,24,5,31,Non-Travel,Yes,3,2,4,1,4,4,3,Yes,"Average experience overall, some good and some bad aspects"
10393,50,Female,Single,Operations,Operations Manager,1,HR Management,Mumbai,161396,17,3,16,1,9,6,17,8,27,Non-Travel,No,5,2,1,3,1,3,1,Yes,"It is an okay place to work, nothing exceptional about it"
10394,34,Male,Married,Marketing,SEO Analyst,4,Computer Science,Bengaluru,78960,22,0,14,0,5,2,31,3,44,Travel_Frequently,No,1,1,2,4,3,1,4,Yes,"Too much overtime, work life balance is completely terrible"
10395,50,Male,Married,HR,HR Manager,3,Business Administration,Bengaluru,137994,18,0,18,8,4,1,32,8,36,Travel_Frequently,No,5,3,2,1,3,3,1,No,"I love working here, great team and management support"
10396,45,Male,Single,HR,L&D Specialist,2,HR Management,Mumbai,217851,19,2,2,7,0,1,19,1,27,Travel_Rarely,No,2,3,3,3,4,4,1,No,Work is okay but salary could definitely be better though
10397,47,Female,Single,Finance,Financial Analyst,5,Finance,Bengaluru,47628,15,3,13,3,9,0,31,8,15,Non-Travel,No,1,1,1,2,3,1,4,Yes,"Too much overtime, work life balance is completely terrible"
10398,38,Female,Single,HR,L&D Specialist,4,HR Management,Mumbai,136269,14,3,9,6,2,4,20,8,25,Travel_Rarely,No,3,2,3,2,3,4,2,Yes,Work is okay but salary could definitely be better though
10399,28,Female,Married,Technology,DevOps Engineer,5,Business Administration,Chennai,221168,11,3,16,2,6,2,28,6,48,Travel_Frequently,No,0,3,2,4,3,2,3,Yes,Management doesnt listen and salary is way below market rate
10400,34,Female,Single,Marketing,Content Writer,5,Engineering,Bengaluru,62452,20,0,7,2,8,6,3,5,15,Travel_Rarely,No,1,2,4,1,3,4,4,Yes,Very high pressure with little or no recognition for work done
10401,26,Female,Single,Sales,Sales Lead,3,Business Administration,Chennai,56098,18,3,17,3,8,0,32,9,40,Non-Travel,No,1,1,1,3,3,2,1,Yes,"No growth at all, stuck in same role for many years now"
10402,47,Male,Single,HR,L&D Specialist,4,Finance,Chennai,216531,15,3,11,1,5,8,22,6,19,Travel_Rarely,No,6,2,1,2,3,3,2,Yes,I feel undervalued and underpaid compared to industry standards
10403,24,Male,Married,Technology,Data Analyst,2,Computer Science,Bengaluru,185307,17,2,16,9,2,1,15,1,47,Travel_Frequently,Yes,4,4,2,3,2,3,3,Yes,Excessive workload with no work life balance whatsoever here
10404,28,Male,Married,Sales,Sales Lead,3,Finance,Mumbai,101861,18,3,10,3,0,7,19,6,50,Non-Travel,No,3,1,1,2,4,2,4,Yes,Job is fine but I am looking for more interesting challenges
10405,22,Female,Single,Marketing,Brand Manager,2,Engineering,Pune,42949,18,0,8,9,2,9,31,1,11,Travel_Rarely,No,1,2,2,2,2,3,3,Yes,Management doesnt listen and salary is way below market rate
10406,38,Male,Single,Sales,BD Executive,1,Engineering,Mumbai,168893,17,3,14,2,9,3,26,6,41,Travel_Rarely,No,3,1,1,4,4,3,2,Yes,"Average experience overall, some good and some bad aspects"
10407,46,Male,Single,Technology,Senior Developer,5,HR Management,Bhubaneswar,217684,21,0,8,7,1,5,5,3,33,Travel_Rarely,No,0,3,1,3,3,4,3,Yes,Management doesnt listen and salary is way below market rate
10408,24,Female,Divorced,Operations,Operations Manager,1,HR Management,Bengaluru,168104,19,0,11,1,4,8,20,6,41,Travel_Rarely,No,1,4,4,3,4,2,2,No,"Career growth is excellent here, very satisfied with my job"
10409,36,Female,Married,Operations,Coordinator,5,Business Administration,Hyderabad,88537,17,1,10,8,7,6,2,6,23,Travel_Rarely,No,0,1,2,3,2,1,4,Yes,Very high pressure with little or no recognition for work done
10410,50,Male,Married,Sales,BD Executive,3,Marketing,Bengaluru,161375,12,0,16,2,4,7,21,1,12,Non-Travel,No,5,2,3,2,4,3,2,No,"Good colleagues, strong learning opportunities and recognition"
10411,53,Male,Single,Finance,Senior Accountant,2,Finance,Bhubaneswar,131003,22,1,5,3,0,6,28,9,2,Non-Travel,No,1,3,4,4,3,3,4,No,"Average experience overall, some good and some bad aspects"
10412,47,Female,Married,Sales,Sales Manager,2,Business Administration,Chennai,228065,12,1,7,9,2,1,20,8,43,Travel_Rarely,No,6,2,2,3,3,1,2,Yes,Management doesnt listen and salary is way below market rate
10413,37,Female,Married,HR,HR Business Partner,3,Marketing,Hyderabad,158375,11,3,9,9,4,8,11,2,21,Non-Travel,No,2,2,1,1,3,4,3,Yes,Management doesnt listen and salary is way below market rate
10414,46,Female,Single,HR,L&D Specialist,4,Business Administration,Hyderabad,65701,10,1,14,2,6,0,3,2,14,Travel_Rarely,No,4,1,2,3,2,4,2,Yes,"Average experience overall, some good and some bad aspects"
10415,49,Female,Single,Operations,Ops Executive,1,Engineering,Mumbai,65511,13,2,3,2,4,1,20,5,34,Travel_Rarely,Yes,4,1,2,2,1,4,2,Yes,"Average experience overall, some good and some bad aspects"
10416,30,Male,Married,Finance,Senior Accountant,1,HR Management,Pune,95664,11,0,17,7,9,2,32,2,15,Non-Travel,No,4,2,4,4,3,1,3,Yes,Very high pressure with little or no recognition for work done
10417,22,Male,Married,Technology,QA Engineer,2,HR Management,Mumbai,164352,23,2,10,7,4,2,25,1,21,Travel_Rarely,Yes,0,1,2,3,3,4,1,Yes,"Too much overtime, work life balance is completely terrible"
10418,50,Female,Divorced,HR,L&D Specialist,2,Business Administration,Hyderabad,54427,23,1,8,5,6,9,21,2,23,Travel_Rarely,No,3,2,1,3,4,3,2,Yes,"Too much overtime, work life balance is completely terrible"
10419,43,Male,Married,Operations,Operations Manager,2,HR Management,Hyderabad,112180,11,3,8,3,7,3,16,5,21,Non-Travel,Yes,6,1,3,3,1,4,4,Yes,"Average experience overall, some good and some bad aspects"
10420,37,Male,Married,Marketing,SEO Analyst,3,Computer Science,Pune,118550,22,0,7,0,7,4,1,7,50,Travel_Rarely,No,4,4,3,1,4,3,2,No,"Very happy with my role, the team is fantastic and supportive"
10421,28,Female,Single,Operations,Coordinator,4,Business Administration,Bengaluru,153039,20,2,2,3,6,5,23,5,59,Travel_Frequently,No,5,1,1,2,2,1,1,Yes,Poor management decisions causing frustration across the team
10422,35,Male,Married,HR,HR Executive,1,Engineering,Pune,152733,20,3,17,7,2,0,24,1,14,Travel_Rarely,No,1,2,3,1,1,4,4,Yes,Job is fine but I am looking for more interesting challenges
10423,50,Male,Married,HR,HR Manager,5,Business Administration,Chennai,92952,14,1,13,5,1,7,25,7,21,Travel_Rarely,No,1,3,4,1,3,4,3,No,Management is supportive and salary is competitive and fair
10424,40,Male,Single,Operations,Coordinator,3,Business Administration,Mumbai,81046,13,3,2,1,0,5,7,6,12,Non-Travel,No,2,1,2,2,1,3,3,Yes,Management doesnt listen and salary is way below market rate
10425,40,Female,Divorced,Technology,Junior Developer,1,HR Management,Bengaluru,121918,10,2,16,2,5,9,14,7,42,Non-Travel,No,0,4,2,2,3,1,3,No,Excellent culture and very clear career growth opportunities
10426,23,Female,Single,Sales,Account Manager,4,Engineering,Mumbai,50200,24,3,3,6,8,8,9,2,46,Non-Travel,Yes,1,4,3,3,2,4,4,Yes,Excessive workload with no work life balance whatsoever here
10427,36,Male,Single,HR,HR Manager,3,Business Administration,Pune,82442,24,2,17,3,2,4,3,5,54,Travel_Rarely,No,1,4,3,2,4,1,2,No,"Average experience overall, some good and some bad aspects"
10428,24,Female,Married,Operations,Operations Manager,1,HR Management,Bengaluru,207743,18,3,14,3,4,6,20,8,47,Travel_Rarely,Yes,6,4,3,3,2,3,4,Yes,I feel undervalued and underpaid compared to industry standards
10429,32,Female,Married,Operations,Operations Manager,3,Finance,Pune,106070,23,0,18,4,8,3,33,7,5,Non-Travel,No,2,2,4,1,2,3,4,Yes,Job is fine but I am looking for more interesting challenges
10430,51,Female,Married,Finance,Finance Manager,1,Engineering,Chennai,73168,13,3,5,7,8,5,32,6,2,Travel_Rarely,Yes,2,4,2,3,3,4,1,Yes,"Too much overtime, work life balance is completely terrible"
10431,39,Male,Single,Sales,Account Manager,1,Marketing,Bhubaneswar,63322,14,0,14,6,6,5,26,6,22,Non-Travel,No,3,3,2,2,4,1,4,Yes,I feel undervalued and underpaid compared to industry standards
10432,23,Male,Married,Marketing,Brand Manager,4,Computer Science,Hyderabad,228056,16,2,6,8,3,3,5,1,6,Non-Travel,No,3,1,1,3,2,3,3,Yes,"It is an okay place to work, nothing exceptional about it"
10433,53,Female,Married,Technology,Junior Developer,5,Marketing,Bengaluru,183768,11,0,11,4,1,5,30,1,44,Travel_Rarely,No,3,4,1,1,1,1,4,No,Work is okay but salary could definitely be better though
10434,29,Male,Married,Marketing,Brand Manager,4,Engineering,Hyderabad,85246,17,3,15,0,1,7,17,7,2,Travel_Rarely,No,1,1,4,2,2,2,1,Yes,Work is okay but salary could definitely be better though
10435,43,Male,Divorced,Sales,Sales Executive,1,Business Administration,Bhubaneswar,184964,20,0,8,3,3,4,6,3,29,Travel_Rarely,No,2,2,2,2,3,2,4,No,Job is fine but I am looking for more interesting challenges
10436,27,Male,Married,Sales,Account Manager,3,HR Management,Bengaluru,30583,11,2,19,5,0,1,15,6,36,Travel_Rarely,No,5,1,2,4,1,4,4,Yes,Management doesnt listen and salary is way below market rate
10437,33,Male,Single,Sales,Account Manager,4,Engineering,Hyderabad,97720,20,3,4,5,3,8,1,5,7,Travel_Rarely,No,0,2,1,3,1,1,3,Yes,"Too much overtime, work life balance is completely terrible"
10438,57,Male,Married,Marketing,Brand Manager,5,Computer Science,Hyderabad,201287,19,0,10,8,5,3,13,3,16,Travel_Frequently,No,3,2,1,3,4,1,4,Yes,Poor management decisions causing frustration across the team
10439,36,Female,Single,Sales,Sales Lead,1,Engineering,Bengaluru,170925,14,0,1,9,5,3,34,6,33,Travel_Frequently,No,5,1,2,3,1,3,2,Yes,I feel undervalued and underpaid compared to industry standards
10440,49,Male,Single,Operations,Ops Executive,4,HR Management,Hyderabad,152181,22,1,15,4,6,6,30,3,33,Travel_Frequently,No,4,4,4,1,1,1,3,Yes,Job is fine but I am looking for more interesting challenges
10441,39,Male,Married,Marketing,SEO Analyst,4,Marketing,Hyderabad,74757,21,0,3,4,4,9,19,8,14,Travel_Frequently,Yes,1,3,3,1,3,1,1,Yes,"Average experience overall, some good and some bad aspects"
10442,23,Male,Divorced,Sales,BD Executive,4,Finance,Bengaluru,21659,11,1,4,5,8,9,2,7,43,Travel_Rarely,No,0,1,4,2,4,3,1,Yes,"No growth at all, stuck in same role for many years now"
10443,34,Female,Single,Operations,Operations Manager,4,Marketing,Hyderabad,16238,11,2,6,5,1,5,12,9,12,Travel_Rarely,No,1,3,2,2,2,4,1,Yes,"Too much overtime, work life balance is completely terrible"
10444,36,Female,Married,Finance,Senior Accountant,3,HR Management,Hyderabad,136270,13,1,5,2,1,3,24,5,43,Travel_Rarely,No,5,1,3,1,1,3,4,Yes,Excessive workload with no work life balance whatsoever here
10445,41,Female,Single,Sales,Sales Executive,5,HR Management,Mumbai,134211,13,2,9,5,3,5,11,1,6,Travel_Rarely,No,3,3,4,3,2,2,2,No,Excellent culture and very clear career growth opportunities
10446,50,Male,Married,Marketing,Digital Marketer,5,Computer Science,Chennai,30064,22,0,13,7,3,2,2,8,55,Travel_Rarely,Yes,5,1,4,3,2,1,3,Yes,"It is an okay place to work, nothing exceptional about it"
10447,50,Female,Married,HR,Recruiter,1,Engineering,Mumbai,177187,17,0,7,5,3,6,1,2,12,Non-Travel,Yes,5,3,2,1,2,1,2,Yes,"No growth at all, stuck in same role for many years now"
10448,24,Female,Married,Sales,Sales Executive,2,Engineering,Bhubaneswar,178024,22,1,13,4,0,5,28,6,53,Travel_Frequently,Yes,6,3,1,3,4,4,2,Yes,Management doesnt listen and salary is way below market rate
10449,40,Female,Single,HR,Recruiter,3,Marketing,Mumbai,151692,15,2,13,2,3,2,4,1,31,Travel_Rarely,No,1,1,4,1,2,2,1,Yes,Very high pressure with little or no recognition for work done
10450,24,Female,Married,Operations,Ops Executive,1,Finance,Mumbai,114790,19,0,19,0,4,0,30,6,12,Travel_Frequently,No,3,1,4,3,3,1,1,Yes,Excessive workload with no work life balance whatsoever here
10451,35,Male,Divorced,Finance,Financial Analyst,1,Finance,Bhubaneswar,117985,17,1,2,4,8,9,7,4,10,Non-Travel,No,1,2,1,3,4,3,2,Yes,"Too much overtime, work life balance is completely terrible"
10452,25,Female,Married,Technology,QA Engineer,4,Computer Science,Hyderabad,59258,22,1,0,5,2,4,22,5,40,Non-Travel,No,3,3,4,4,4,1,2,Yes,I feel undervalued and underpaid compared to industry standards
10453,32,Female,Married,Finance,Finance Manager,2,HR Management,Hyderabad,150542,16,1,8,5,2,9,26,7,27,Non-Travel,No,6,1,4,2,4,4,3,Yes,"It is an okay place to work, nothing exceptional about it"
10454,52,Male,Divorced,Sales,Sales Executive,2,Computer Science,Mumbai,168075,22,0,8,5,4,1,29,6,52,Travel_Rarely,No,2,4,1,3,4,3,1,No,"Career growth is excellent here, very satisfied with my job"
10455,53,Male,Single,HR,Recruiter,3,Engineering,Bhubaneswar,173643,19,2,1,2,9,6,25,1,51,Non-Travel,No,2,4,2,3,1,1,1,Yes,Management doesnt listen and salary is way below market rate
10456,48,Female,Married,HR,HR Executive,2,Business Administration,Hyderabad,39668,13,0,15,3,5,6,10,9,7,Travel_Rarely,No,6,2,2,1,1,4,4,Yes,Management doesnt listen and salary is way below market rate
10457,51,Male,Divorced,Marketing,Content Writer,1,Business Administration,Pune,92259,11,3,7,2,2,3,20,6,46,Non-Travel,No,6,4,2,4,2,2,1,No,Excellent culture and very clear career growth opportunities
10458,23,Female,Single,HR,HR Executive,2,Business Administration,Bengaluru,127192,24,3,5,1,0,5,14,6,36,Non-Travel,No,6,1,3,4,1,3,3,Yes,Poor management decisions causing frustration across the team
10459,30,Male,Married,Marketing,Brand Manager,2,HR Management,Bengaluru,111576,18,0,12,7,9,0,33,9,33,Travel_Rarely,Yes,6,3,2,1,4,3,4,Yes,Excessive workload with no work life balance whatsoever here
10460,49,Male,Single,Operations,Process Analyst,5,Computer Science,Chennai,120481,11,2,0,6,7,1,5,5,27,Travel_Frequently,Yes,2,1,3,1,2,2,3,Yes,"It is an okay place to work, nothing exceptional about it"
10461,52,Female,Married,Technology,Junior Developer,1,Marketing,Bengaluru,126505,10,1,18,7,0,5,6,6,8,Non-Travel,No,2,4,3,1,3,3,1,No,Management is supportive and salary is competitive and fair
10462,55,Male,Married,Sales,Sales Manager,2,Engineering,Mumbai,178118,17,3,14,5,1,1,22,6,5,Travel_Rarely,No,6,4,3,3,1,4,1,No,"Career growth is excellent here, very satisfied with my job"
10463,36,Female,Single,Marketing,SEO Analyst,2,Business Administration,Bengaluru,217049,19,3,0,6,2,3,17,7,8,Non-Travel,Yes,2,1,1,1,4,2,2,Yes,Work is okay but salary could definitely be better though
10464,46,Male,Married,Technology,Senior Developer,4,Finance,Bengaluru,223327,24,0,9,0,5,3,15,9,40,Non-Travel,No,4,2,3,2,2,1,2,No,Management is supportive and salary is competitive and fair
10465,57,Female,Single,HR,HR Business Partner,2,Computer Science,Pune,20397,18,3,0,9,3,9,28,5,21,Travel_Rarely,No,1,1,3,1,1,4,3,Yes,"It is an okay place to work, nothing exceptional about it"
10466,29,Male,Married,HR,HR Manager,2,Engineering,Hyderabad,114925,10,3,11,4,3,8,2,5,24,Travel_Rarely,No,5,2,1,3,4,2,4,Yes,"Too much overtime, work life balance is completely terrible"
10467,30,Male,Single,Technology,DevOps Engineer,5,Engineering,Pune,98481,16,1,10,3,8,9,18,4,7,Travel_Frequently,No,6,4,4,2,2,1,1,No,Management is supportive and salary is competitive and fair
10468,53,Male,Divorced,HR,HR Manager,1,Finance,Mumbai,168305,11,1,16,9,5,6,27,4,19,Travel_Rarely,No,2,3,4,3,1,4,2,No,"Very happy with my role, the team is fantastic and supportive"
10469,38,Male,Single,Operations,Coordinator,3,Finance,Bengaluru,229408,15,2,3,2,1,6,21,8,31,Travel_Frequently,Yes,4,3,3,2,3,4,2,Yes,"Too much overtime, work life balance is completely terrible"
10470,56,Male,Divorced,Operations,Ops Executive,1,Finance,Hyderabad,75308,22,3,6,1,6,0,23,2,36,Non-Travel,Yes,6,1,2,2,1,3,1,Yes,"Average experience overall, some good and some bad aspects"
10471,40,Female,Married,Technology,Data Analyst,4,Business Administration,Chennai,215798,20,2,11,8,2,4,7,8,27,Non-Travel,No,4,2,4,2,4,3,1,Yes,Management doesnt listen and salary is way below market rate
10472,50,Male,Single,Marketing,Content Writer,1,Business Administration,Chennai,209291,14,2,12,7,8,2,19,2,29,Non-Travel,No,1,4,2,3,4,2,4,No,Management is supportive and salary is competitive and fair
10473,28,Female,Married,Marketing,Marketing Manager,2,Computer Science,Bengaluru,249430,10,1,4,9,5,2,9,1,23,Travel_Rarely,No,1,3,1,2,3,1,2,No,"Career growth is excellent here, very satisfied with my job"
10474,49,Female,Married,Technology,Senior Developer,4,Finance,Bengaluru,16130,11,1,5,1,7,5,12,9,20,Non-Travel,No,3,1,4,4,3,4,4,Yes,Excessive workload with no work life balance whatsoever here
10475,30,Female,Married,Marketing,Digital Marketer,1,Marketing,Chennai,139293,11,0,1,5,0,3,30,8,6,Non-Travel,No,3,1,1,4,2,4,4,Yes,I feel undervalued and underpaid compared to industry standards
10476,49,Male,Single,Marketing,Digital Marketer,4,Engineering,Chennai,29071,19,1,6,2,1,7,7,6,12,Travel_Rarely,No,2,4,3,3,2,2,1,Yes,Excessive workload with no work life balance whatsoever here
10477,27,Female,Married,Operations,Process Analyst,3,Finance,Mumbai,100517,19,2,13,2,5,3,2,4,50,Non-Travel,No,0,4,4,4,4,3,4,No,"Good colleagues, strong learning opportunities and recognition"
10478,50,Male,Single,Marketing,Digital Marketer,1,Engineering,Bengaluru,125240,15,3,13,4,2,7,17,2,12,Non-Travel,Yes,3,1,3,2,1,4,1,Yes,Work is okay but salary could definitely be better though
10479,38,Female,Single,Finance,Senior Accountant,2,HR Management,Chennai,17118,20,2,9,6,0,3,11,8,50,Non-Travel,No,0,1,3,1,3,4,3,Yes,Job is fine but I am looking for more interesting challenges
10480,37,Female,Married,Sales,BD Executive,4,HR Management,Bhubaneswar,146735,21,2,3,6,5,2,12,3,3,Non-Travel,No,5,1,1,1,2,3,4,Yes,"No growth at all, stuck in same role for many years now"
10481,44,Female,Single,HR,HR Manager,5,Finance,Chennai,77408,10,2,2,9,4,4,3,4,42,Travel_Rarely,No,3,2,4,2,4,1,2,Yes,Poor management decisions causing frustration across the team
10482,52,Female,Single,Finance,Auditor,4,Engineering,Hyderabad,66786,20,1,13,0,8,4,21,5,39,Travel_Rarely,No,5,4,4,4,4,1,2,No,"It is an okay place to work, nothing exceptional about it"
10483,24,Female,Single,Marketing,Digital Marketer,5,HR Management,Hyderabad,96271,22,2,5,6,5,9,14,4,35,Non-Travel,No,4,1,4,2,4,3,3,Yes,"Average experience overall, some good and some bad aspects"
10484,42,Male,Single,Operations,Ops Executive,2,Finance,Bhubaneswar,34158,13,0,14,6,4,9,15,8,19,Non-Travel,No,4,4,3,1,3,4,3,No,Great work life balance and very interesting projects daily
10485,47,Female,Single,Technology,DevOps Engineer,3,Engineering,Mumbai,46087,21,3,7,5,0,0,10,9,45,Travel_Frequently,Yes,5,1,4,1,3,3,4,Yes,Work is okay but salary could definitely be better though
10486,57,Female,Divorced,Marketing,Brand Manager,5,Finance,Bengaluru,103114,19,1,4,5,0,7,10,1,4,Travel_Rarely,No,4,1,2,3,3,1,2,Yes,Management doesnt listen and salary is way below market rate
10487,43,Male,Single,Operations,Coordinator,3,Business Administration,Bengaluru,199193,20,2,2,1,0,7,17,2,31,Travel_Rarely,No,5,1,2,1,1,2,2,Yes,I feel undervalued and underpaid compared to industry standards
10488,33,Male,Married,Sales,BD Executive,4,Engineering,Chennai,34874,14,0,2,2,6,7,25,4,42,Travel_Rarely,Yes,0,4,3,3,3,2,1,Yes,Work is okay but salary could definitely be better though
10489,34,Male,Single,Marketing,SEO Analyst,2,HR Management,Hyderabad,98443,11,3,12,2,5,9,27,1,38,Non-Travel,Yes,2,1,1,4,4,1,1,Yes,"Average experience overall, some good and some bad aspects"
10490,32,Female,Divorced,Technology,QA Engineer,5,Finance,Mumbai,55821,11,2,1,2,4,3,33,6,33,Travel_Frequently,No,5,1,2,2,3,1,2,Yes,Excessive workload with no work life balance whatsoever here
10491,37,Female,Single,Operations,Ops Executive,4,HR Management,Mumbai,130675,24,3,0,1,3,8,11,5,6,Travel_Rarely,No,3,4,1,3,1,1,1,Yes,I feel undervalued and underpaid compared to industry standards
10492,29,Female,Divorced,Operations,Coordinator,1,Finance,Mumbai,75582,16,1,11,8,7,9,13,7,8,Non-Travel,No,3,1,4,2,1,3,1,Yes,"It is an okay place to work, nothing exceptional about it"
10493,23,Female,Married,Operations,Supply Chain Analyst,4,Computer Science,Chennai,137603,16,1,7,5,7,2,1,6,28,Travel_Rarely,No,0,3,2,3,4,2,1,No,"Very happy with my role, the team is fantastic and supportive"
10494,51,Female,Single,Sales,Sales Executive,3,HR Management,Bengaluru,168859,15,0,18,1,4,6,31,3,15,Travel_Rarely,No,5,3,3,4,2,1,3,No,"Very happy with my role, the team is fantastic and supportive"
10495,51,Female,Divorced,Marketing,Brand Manager,2,HR Management,Mumbai,210775,10,1,8,2,3,5,33,5,31,Non-Travel,No,4,1,3,4,3,4,2,Yes,Job is fine but I am looking for more interesting challenges
10496,33,Male,Married,Sales,Account Manager,2,Marketing,Chennai,167777,21,0,13,9,1,8,21,3,8,Travel_Frequently,No,2,2,1,3,3,2,2,Yes,"Average experience overall, some good and some bad aspects"
10497,31,Male,Single,HR,Recruiter,4,Business Administration,Chennai,84381,22,2,17,5,6,3,16,9,54,Travel_Frequently,No,3,4,3,3,1,3,2,Yes,Management doesnt listen and salary is way below market rate
10498,32,Female,Married,HR,HR Business Partner,1,HR Management,Bhubaneswar,126800,21,3,9,3,4,3,23,2,6,Non-Travel,No,2,1,1,4,1,4,1,Yes,Very high pressure with little or no recognition for work done
10499,36,Female,Divorced,Marketing,Content Writer,3,Engineering,Pune,145805,12,1,8,6,2,5,10,6,29,Travel_Rarely,No,2,4,1,2,2,3,4,No,Management is supportive and salary is competitive and fair
10500,37,Female,Married,Sales,Sales Executive,4,Finance,Mumbai,190725,18,3,5,5,8,7,33,9,51,Travel_Rarely,Yes,1,2,2,4,1,1,4,Yes,"Average experience overall, some good and some bad aspects"
10501,38,Female,Single,Technology,Junior Developer,4,Computer Science,Pune,97018,19,3,0,5,8,2,22,7,46,Non-Travel,No,2,2,2,2,1,1,1,Yes,Poor management decisions causing frustration across the team
10502,47,Female,Married,Operations,Operations Manager,2,Engineering,Bengaluru,115592,10,2,4,2,9,7,6,5,34,Travel_Rarely,No,5,4,3,3,1,1,3,Yes,Job is fine but I am looking for more interesting challenges
10503,23,Male,Married,Operations,Process Analyst,3,Engineering,Chennai,106626,11,2,9,7,7,7,10,2,7,Travel_Rarely,No,6,2,1,2,1,4,3,Yes,Work is okay but salary could definitely be better though
10504,33,Male,Divorced,Marketing,Content Writer,1,Engineering,Mumbai,101217,17,1,12,8,0,6,16,2,40,Travel_Rarely,Yes,1,2,2,3,2,1,2,Yes,Work is okay but salary could definitely be better though
10505,47,Female,Married,HR,HR Executive,2,Engineering,Hyderabad,178324,16,2,3,5,2,6,13,4,10,Travel_Rarely,Yes,6,4,4,2,3,2,4,No,"Average experience overall, some good and some bad aspects"
10506,44,Male,Single,HR,HR Business Partner,4,Computer Science,Bengaluru,219404,18,3,0,1,1,4,20,2,13,Travel_Rarely,Yes,0,2,3,3,3,1,3,Yes,Job is fine but I am looking for more interesting challenges
10507,39,Female,Divorced,Operations,Operations Manager,2,Marketing,Bhubaneswar,87799,19,0,1,0,3,1,4,8,22,Travel_Frequently,No,4,3,3,1,3,2,4,Yes,Excessive workload with no work life balance whatsoever here
10508,53,Female,Single,Marketing,Content Writer,2,Business Administration,Bhubaneswar,77185,21,0,3,2,1,1,20,7,21,Travel_Rarely,No,1,1,4,1,3,4,4,Yes,Management doesnt listen and salary is way below market rate
10509,24,Female,Single,Sales,Sales Manager,5,HR Management,Pune,224385,24,0,16,2,7,9,22,7,52,Travel_Frequently,No,6,3,4,4,3,3,3,Yes,Poor management decisions causing frustration across the team
10510,24,Male,Married,HR,Recruiter,2,Engineering,Chennai,56538,24,1,9,7,0,7,29,3,1,Non-Travel,No,2,3,4,4,4,3,1,No,Management is supportive and salary is competitive and fair
10511,51,Male,Married,Sales,Sales Lead,2,HR Management,Pune,35343,24,2,11,4,3,5,16,7,41,Non-Travel,Yes,4,1,2,3,4,2,2,Yes,"No growth at all, stuck in same role for many years now"
10512,22,Female,Single,HR,HR Manager,3,HR Management,Hyderabad,226470,21,2,1,0,4,7,23,8,59,Non-Travel,Yes,2,3,4,2,1,4,2,Yes,Management doesnt listen and salary is way below market rate
10513,51,Male,Married,HR,L&D Specialist,2,Engineering,Hyderabad,187304,13,2,2,3,9,2,30,5,42,Travel_Rarely,Yes,2,1,3,3,4,2,3,Yes,Job is fine but I am looking for more interesting challenges
10514,53,Male,Married,Finance,Finance Manager,1,Marketing,Bhubaneswar,135026,13,2,13,6,3,0,30,1,52,Non-Travel,No,1,1,2,1,3,1,1,Yes,"Average experience overall, some good and some bad aspects"
10515,49,Female,Married,HR,L&D Specialist,4,HR Management,Mumbai,249257,16,3,14,4,7,5,3,1,2,Travel_Frequently,No,0,4,1,1,1,1,3,Yes,"Average experience overall, some good and some bad aspects"
10516,42,Male,Married,Technology,Senior Developer,3,Finance,Bhubaneswar,68106,10,0,12,9,1,1,24,4,52,Travel_Rarely,No,6,1,4,3,3,1,3,Yes,Work is okay but salary could definitely be better though
10517,34,Male,Married,Marketing,Brand Manager,2,HR Management,Bhubaneswar,129322,19,3,8,5,8,8,13,2,29,Non-Travel,No,2,1,3,1,3,3,4,Yes,Excessive workload with no work life balance whatsoever here
10518,48,Female,Single,Marketing,Brand Manager,1,Business Administration,Hyderabad,96227,21,1,1,9,1,4,32,7,11,Travel_Rarely,Yes,5,2,4,4,1,2,4,Yes,"Too much overtime, work life balance is completely terrible"
10519,57,Female,Single,Sales,Sales Manager,4,Engineering,Pune,199151,18,0,18,3,1,4,12,3,37,Travel_Frequently,Yes,1,2,1,3,3,4,2,Yes,"Average experience overall, some good and some bad aspects"
10520,28,Male,Divorced,HR,HR Business Partner,3,Computer Science,Hyderabad,171100,11,0,15,1,1,9,8,4,50,Travel_Rarely,No,5,3,2,4,4,2,4,No,Job is fine but I am looking for more interesting challenges
10521,43,Female,Single,Technology,DevOps Engineer,1,HR Management,Chennai,57135,24,3,10,8,9,7,24,9,7,Non-Travel,No,5,1,1,4,1,2,4,Yes,"No growth at all, stuck in same role for many years now"
10522,31,Male,Married,Sales,BD Executive,2,Marketing,Hyderabad,177138,10,1,11,1,7,5,16,2,35,Travel_Frequently,Yes,6,1,2,4,2,2,1,Yes,I feel undervalued and underpaid compared to industry standards
10523,36,Female,Married,Finance,Tax Analyst,5,Finance,Hyderabad,134599,16,1,0,1,2,2,32,8,30,Travel_Rarely,Yes,2,4,3,1,2,1,3,Yes,Job is fine but I am looking for more interesting challenges
10524,36,Female,Married,Sales,BD Executive,5,Finance,Bhubaneswar,244789,15,0,1,1,9,8,34,1,16,Travel_Rarely,No,6,1,3,2,2,1,3,Yes,Poor management decisions causing frustration across the team
10525,25,Female,Single,Sales,BD Executive,3,Computer Science,Mumbai,98470,21,2,15,0,9,9,32,3,15,Travel_Rarely,No,5,4,3,2,3,2,1,No,"Very happy with my role, the team is fantastic and supportive"
10526,53,Female,Married,HR,L&D Specialist,1,Business Administration,Bhubaneswar,35910,12,1,1,2,7,3,17,4,40,Travel_Rarely,Yes,6,1,1,2,3,1,4,Yes,Work is okay but salary could definitely be better though
10527,44,Male,Married,Finance,Senior Accountant,4,Computer Science,Bengaluru,153213,10,3,18,5,6,9,2,6,20,Travel_Frequently,No,4,2,4,4,3,3,4,Yes,Work is okay but salary could definitely be better though
10528,27,Female,Divorced,Sales,Sales Lead,1,Business Administration,Hyderabad,60950,21,1,9,6,9,3,26,1,28,Non-Travel,Yes,0,2,4,3,3,1,3,Yes,Job is fine but I am looking for more interesting challenges
10529,45,Female,Single,Technology,DevOps Engineer,5,HR Management,Hyderabad,201795,14,0,18,0,3,1,17,8,59,Non-Travel,No,2,2,1,4,1,3,2,Yes,"No growth at all, stuck in same role for many years now"
10530,41,Female,Married,Technology,QA Engineer,3,Engineering,Bengaluru,31225,19,2,9,4,6,2,2,2,37,Travel_Frequently,Yes,5,3,4,4,2,3,3,Yes,Excessive workload with no work life balance whatsoever here
10531,41,Male,Married,Marketing,Content Writer,2,Marketing,Hyderabad,246322,23,1,15,4,7,3,8,5,3,Non-Travel,Yes,0,1,1,3,4,2,2,Yes,"No growth at all, stuck in same role for many years now"
10532,33,Male,Married,Finance,Finance Manager,1,Finance,Hyderabad,233195,13,0,12,0,5,6,6,6,29,Travel_Frequently,No,6,2,4,2,1,2,4,Yes,"Too much overtime, work life balance is completely terrible"
10533,54,Female,Married,Finance,Auditor,5,Computer Science,Chennai,47959,14,1,15,3,5,2,9,8,59,Travel_Rarely,Yes,0,4,2,2,2,1,2,Yes,Work is okay but salary could definitely be better though
10534,49,Female,Single,Marketing,Digital Marketer,4,Marketing,Hyderabad,64192,10,2,17,9,2,7,1,3,37,Travel_Rarely,No,4,2,3,2,2,4,2,Yes,"Average experience overall, some good and some bad aspects"
10535,29,Female,Single,Sales,Sales Lead,3,Business Administration,Bengaluru,94711,10,3,7,0,4,7,5,9,9,Non-Travel,No,4,1,4,4,1,2,2,Yes,Excessive workload with no work life balance whatsoever here
10536,22,Female,Married,Finance,Tax Analyst,2,Engineering,Bhubaneswar,156123,14,0,17,0,9,9,9,5,27,Travel_Frequently,No,3,2,1,4,1,3,2,Yes,Very high pressure with little or no recognition for work done
10537,43,Female,Married,Technology,Junior Developer,1,Finance,Hyderabad,217500,15,0,12,6,1,1,14,8,32,Travel_Rarely,No,0,1,2,1,1,3,2,Yes,Excessive workload with no work life balance whatsoever here
10538,27,Female,Married,Technology,Data Analyst,4,Finance,Mumbai,18449,14,2,6,6,4,3,27,4,48,Travel_Frequently,No,2,1,4,2,4,1,3,Yes,Very high pressure with little or no recognition for work done
10539,42,Male,Single,HR,HR Business Partner,2,Business Administration,Bengaluru,187167,11,0,17,2,4,7,9,9,46,Travel_Rarely,Yes,4,2,4,4,2,3,1,Yes,Excessive workload with no work life balance whatsoever here
10540,53,Female,Single,Finance,Tax Analyst,5,Engineering,Pune,119213,18,2,5,6,6,0,29,8,50,Non-Travel,No,2,4,1,1,4,2,4,Yes,Very high pressure with little or no recognition for work done
10541,56,Female,Single,Sales,Sales Executive,5,Finance,Chennai,224001,14,0,8,2,3,0,20,5,39,Travel_Rarely,No,0,3,2,4,4,1,3,No,"Average experience overall, some good and some bad aspects"
10542,36,Female,Single,Marketing,SEO Analyst,4,Engineering,Bengaluru,175262,20,2,5,1,5,3,15,3,31,Travel_Rarely,Yes,4,1,3,4,4,1,1,Yes,Poor management decisions causing frustration across the team
10543,26,Female,Married,Marketing,Digital Marketer,5,Finance,Bhubaneswar,115245,20,1,17,9,8,1,3,1,47,Travel_Rarely,No,3,3,1,2,4,4,3,Yes,Excessive workload with no work life balance whatsoever here
10544,27,Female,Divorced,Sales,Sales Manager,3,HR Management,Bengaluru,112069,14,1,16,3,3,0,23,5,26,Travel_Frequently,No,0,2,4,3,4,1,1,Yes,"It is an okay place to work, nothing exceptional about it"
10545,46,Female,Single,Operations,Coordinator,4,Business Administration,Pune,172213,19,1,11,9,5,7,9,5,40,Travel_Rarely,Yes,2,1,3,4,1,4,3,Yes,Work is okay but salary could definitely be better though
10546,50,Male,Single,HR,HR Business Partner,5,Engineering,Chennai,248597,18,0,2,2,8,1,30,4,3,Travel_Rarely,No,3,1,4,4,4,2,4,Yes,Poor management decisions causing frustration across the team
10547,28,Male,Single,Marketing,SEO Analyst,1,Marketing,Mumbai,38908,12,2,4,6,9,3,19,8,11,Travel_Frequently,No,0,2,1,4,3,3,4,Yes,"Too much overtime, work life balance is completely terrible"
10548,34,Male,Married,Finance,Senior Accountant,5,HR Management,Pune,119847,14,2,6,0,0,2,3,3,52,Non-Travel,Yes,4,3,2,2,1,2,2,Yes,Very high pressure with little or no recognition for work done
10549,39,Male,Single,HR,HR Business Partner,3,Marketing,Bengaluru,135910,24,3,9,5,7,1,3,9,29,Travel_Frequently,Yes,5,4,3,4,2,1,1,Yes,Management doesnt listen and salary is way below market rate
10550,23,Male,Divorced,Finance,Tax Analyst,2,Business Administration,Pune,178394,22,1,9,1,0,7,34,3,27,Travel_Rarely,No,0,2,1,1,2,4,3,Yes,Excessive workload with no work life balance whatsoever here
10551,29,Male,Married,Technology,QA Engineer,2,Finance,Bengaluru,196782,21,3,18,7,3,2,2,4,58,Travel_Rarely,No,1,2,1,2,1,3,2,Yes,I feel undervalued and underpaid compared to industry standards
10552,32,Female,Divorced,HR,HR Executive,5,Marketing,Mumbai,29012,14,1,3,4,2,8,27,6,50,Non-Travel,Yes,2,4,3,1,4,1,3,Yes,I feel undervalued and underpaid compared to industry standards
10553,54,Female,Divorced,Marketing,Digital Marketer,2,HR Management,Mumbai,180961,11,3,9,2,3,9,23,9,47,Travel_Rarely,No,4,4,2,2,1,2,4,No,Excellent culture and very clear career growth opportunities
10554,48,Female,Married,HR,HR Business Partner,5,Engineering,Bhubaneswar,32412,20,1,17,9,6,4,32,2,10,Non-Travel,No,4,4,4,4,2,1,4,No,"Very happy with my role, the team is fantastic and supportive"
10555,41,Female,Married,HR,L&D Specialist,3,Computer Science,Mumbai,242222,13,2,2,6,8,8,18,2,57,Travel_Frequently,Yes,1,4,3,4,2,4,1,Yes,Work is okay but salary could definitely be better though
10556,33,Female,Single,HR,HR Manager,2,Marketing,Hyderabad,125030,20,1,2,1,8,2,27,2,35,Travel_Frequently,No,5,2,1,1,1,2,3,Yes,Poor management decisions causing frustration across the team
10557,52,Female,Married,Operations,Supply Chain Analyst,1,Computer Science,Pune,39657,20,0,4,4,9,4,11,5,47,Non-Travel,No,3,4,3,1,3,1,3,No,"Average experience overall, some good and some bad aspects"
10558,48,Male,Divorced,HR,HR Manager,5,Business Administration,Pune,20656,11,1,15,7,0,9,19,6,57,Travel_Frequently,No,4,3,3,2,3,4,2,Yes,"It is an okay place to work, nothing exceptional about it"
10559,53,Female,Single,Finance,Auditor,2,Marketing,Bengaluru,155039,14,1,19,0,9,5,25,3,23,Travel_Rarely,No,6,4,2,2,3,1,4,No,Excellent culture and very clear career growth opportunities
10560,31,Male,Divorced,Technology,Data Analyst,3,Marketing,Mumbai,231030,19,2,12,0,0,8,7,3,6,Travel_Frequently,No,3,1,2,3,2,4,2,Yes,Excessive workload with no work life balance whatsoever here
10561,24,Male,Single,Sales,Sales Lead,3,Engineering,Bhubaneswar,161836,22,0,10,2,8,7,31,2,11,Non-Travel,Yes,3,1,4,3,3,1,2,Yes,I feel undervalued and underpaid compared to industry standards
10562,48,Female,Divorced,HR,L&D Specialist,1,Finance,Bhubaneswar,30873,21,2,12,2,3,1,2,6,43,Travel_Rarely,No,3,4,3,3,3,2,1,No,"It is an okay place to work, nothing exceptional about it"
10563,56,Female,Divorced,Marketing,Digital Marketer,3,HR Management,Bhubaneswar,109485,11,3,18,6,2,1,5,1,51,Travel_Rarely,No,5,2,2,4,1,2,2,Yes,"It is an okay place to work, nothing exceptional about it"
10564,52,Female,Married,HR,HR Executive,3,HR Management,Chennai,124383,19,3,5,5,8,4,14,9,27,Non-Travel,No,0,2,2,1,4,2,1,Yes,I feel undervalued and underpaid compared to industry standards
10565,36,Female,Married,Marketing,Brand Manager,2,HR Management,Hyderabad,197102,24,0,12,6,4,4,18,4,55,Travel_Rarely,No,1,3,1,1,4,2,4,No,Great work life balance and very interesting projects daily
10566,37,Female,Married,Finance,Senior Accountant,5,Business Administration,Mumbai,213879,23,3,3,3,5,4,4,2,31,Travel_Rarely,No,2,2,2,3,1,2,2,Yes,Job is fine but I am looking for more interesting challenges
10567,34,Female,Married,Marketing,Brand Manager,4,Finance,Bhubaneswar,16607,18,0,4,1,0,3,24,6,59,Non-Travel,Yes,1,3,3,3,4,3,2,Yes,"Average experience overall, some good and some bad aspects"
10568,56,Female,Divorced,Sales,BD Executive,3,Computer Science,Hyderabad,165595,19,1,18,1,0,7,13,5,30,Travel_Rarely,No,4,3,3,2,3,1,2,No,"Very happy with my role, the team is fantastic and supportive"
10569,32,Male,Married,Technology,Junior Developer,3,HR Management,Pune,63447,15,3,4,9,6,4,21,3,3,Travel_Frequently,No,1,3,1,3,2,2,2,Yes,Work is okay but salary could definitely be better though
10570,42,Female,Married,Marketing,Content Writer,4,Computer Science,Bengaluru,64757,17,1,13,0,9,0,33,3,13,Non-Travel,No,2,4,1,1,3,3,4,No,Work is okay but salary could definitely be better though
10571,32,Female,Married,Marketing,Marketing Manager,3,Finance,Mumbai,239598,18,2,3,8,7,9,20,5,59,Non-Travel,No,0,2,1,2,1,3,1,Yes,Very high pressure with little or no recognition for work done
10572,51,Male,Married,Technology,QA Engineer,2,Business Administration,Mumbai,84201,24,3,11,6,7,4,5,4,54,Travel_Rarely,No,4,1,3,3,4,1,4,Yes,Poor management decisions causing frustration across the team
10573,56,Female,Married,Sales,BD Executive,2,Finance,Chennai,143765,22,2,5,9,6,0,24,5,40,Travel_Rarely,No,0,3,3,4,1,4,1,Yes,"No growth at all, stuck in same role for many years now"
10574,43,Female,Married,HR,HR Business Partner,4,Engineering,Pune,227916,17,2,18,2,8,3,30,2,21,Travel_Rarely,Yes,4,1,4,3,1,1,1,Yes,Very high pressure with little or no recognition for work done
10575,52,Male,Married,Marketing,SEO Analyst,3,HR Management,Mumbai,217460,14,0,9,1,0,0,28,1,43,Travel_Rarely,Yes,2,3,2,4,3,1,2,Yes,I feel undervalued and underpaid compared to industry standards
10576,35,Female,Single,Technology,QA Engineer,3,Business Administration,Chennai,20462,14,2,0,2,1,5,7,5,11,Non-Travel,No,0,2,1,3,4,4,2,Yes,"No growth at all, stuck in same role for many years now"
10577,45,Female,Married,Finance,Senior Accountant,5,Engineering,Chennai,131832,15,0,15,6,2,5,30,1,45,Travel_Rarely,Yes,2,4,2,2,2,4,2,No,Excellent culture and very clear career growth opportunities
10578,53,Female,Married,Technology,QA Engineer,3,HR Management,Chennai,177867,23,0,3,4,4,0,34,3,3,Travel_Rarely,No,2,3,2,4,3,2,1,No,Job is fine but I am looking for more interesting challenges
10579,57,Female,Single,Finance,Financial Analyst,2,Finance,Mumbai,215878,10,0,8,2,3,7,9,8,38,Travel_Frequently,Yes,5,3,4,4,1,4,3,Yes,Excessive workload with no work life balance whatsoever here
10580,53,Female,Single,Sales,Sales Manager,1,Finance,Mumbai,63465,22,0,17,8,3,3,12,8,31,Travel_Rarely,Yes,1,1,3,2,1,4,3,Yes,Job is fine but I am looking for more interesting challenges
10581,36,Female,Married,HR,HR Manager,1,Marketing,Mumbai,207181,20,0,16,1,7,1,29,9,24,Non-Travel,No,4,4,2,4,4,1,3,No,"Good colleagues, strong learning opportunities and recognition"
10582,56,Male,Single,Technology,Senior Developer,1,Marketing,Hyderabad,105027,17,1,14,6,7,0,10,1,42,Travel_Rarely,No,3,2,1,2,1,1,4,Yes,Management doesnt listen and salary is way below market rate
10583,24,Female,Single,Operations,Operations Manager,1,Finance,Chennai,65528,11,0,18,9,6,2,27,4,51,Non-Travel,No,3,3,1,3,1,1,1,Yes,Management doesnt listen and salary is way below market rate
10584,37,Female,Married,Marketing,Marketing Manager,3,Finance,Hyderabad,51230,15,3,6,5,0,6,19,6,12,Travel_Rarely,No,0,2,3,2,3,4,3,Yes,Excessive workload with no work life balance whatsoever here
10585,26,Male,Divorced,Sales,Sales Executive,3,Computer Science,Bengaluru,63242,23,0,17,5,9,9,13,7,46,Non-Travel,Yes,2,4,3,2,4,3,1,Yes,Management doesnt listen and salary is way below market rate
10586,42,Male,Married,Technology,DevOps Engineer,5,Computer Science,Mumbai,211955,23,1,5,6,3,9,32,5,43,Non-Travel,No,1,1,3,2,3,2,1,Yes,Job is fine but I am looking for more interesting challenges
10587,31,Female,Divorced,Marketing,Digital Marketer,3,Engineering,Pune,129688,18,3,18,5,0,7,15,7,27,Travel_Rarely,Yes,4,4,1,2,2,1,4,Yes,Poor management decisions causing frustration across the team
10588,40,Male,Married,Technology,Senior Developer,1,Marketing,Bhubaneswar,244438,22,3,11,1,4,4,21,8,21,Travel_Rarely,No,0,4,3,1,1,3,2,No,Excellent culture and very clear career growth opportunities
10589,46,Female,Single,Finance,Senior Accountant,4,Marketing,Bengaluru,16783,12,1,2,4,2,6,3,6,25,Travel_Rarely,No,2,4,4,4,3,2,2,Yes,Management doesnt listen and salary is way below market rate
10590,25,Female,Married,Technology,Junior Developer,4,Finance,Bhubaneswar,43390,11,3,0,2,2,1,8,4,30,Travel_Rarely,No,5,4,4,3,3,1,4,No,Great work life balance and very interesting projects daily
10591,50,Male,Married,Operations,Process Analyst,2,Finance,Bhubaneswar,154489,19,1,4,8,3,3,6,1,30,Travel_Rarely,Yes,3,2,1,2,4,3,4,Yes,"Too much overtime, work life balance is completely terrible"
10592,40,Female,Married,Technology,DevOps Engineer,2,Engineering,Mumbai,87102,14,2,0,7,1,5,29,5,58,Travel_Rarely,No,3,2,4,1,1,2,1,Yes,Very high pressure with little or no recognition for work done
10593,23,Female,Single,Technology,QA Engineer,3,Business Administration,Pune,32426,20,2,7,9,6,4,19,4,10,Travel_Rarely,Yes,4,1,2,1,3,1,3,Yes,Very high pressure with little or no recognition for work done
10594,31,Male,Married,Operations,Ops Executive,4,Business Administration,Bhubaneswar,45750,18,0,6,1,3,5,17,5,3,Travel_Rarely,No,4,3,3,3,1,1,1,No,Management is supportive and salary is competitive and fair
10595,46,Male,Single,Sales,Account Manager,1,Business Administration,Chennai,73188,15,0,14,0,4,1,10,4,13,Travel_Rarely,No,4,3,4,4,2,3,1,No,Job is fine but I am looking for more interesting challenges
10596,41,Male,Married,Technology,Junior Developer,1,Marketing,Bhubaneswar,25872,23,0,10,3,1,6,33,9,27,Travel_Rarely,No,0,4,3,3,1,4,3,Yes,"Average experience overall, some good and some bad aspects"
10597,40,Male,Single,Operations,Supply Chain Analyst,1,Computer Science,Bengaluru,109231,17,0,17,3,5,7,13,3,18,Travel_Rarely,No,4,4,4,2,1,4,2,No,Management is supportive and salary is competitive and fair
10598,44,Female,Married,Marketing,Marketing Manager,3,Business Administration,Pune,144860,17,1,13,9,8,8,27,3,59,Travel_Rarely,No,0,2,3,4,3,1,1,Yes,"No growth at all, stuck in same role for many years now"
10599,45,Male,Married,Finance,Financial Analyst,3,HR Management,Pune,194158,16,2,8,1,7,5,12,7,45,Travel_Rarely,No,1,3,1,4,4,3,2,Yes,Excessive workload with no work life balance whatsoever here
10600,32,Male,Single,Finance,Auditor,5,Engineering,Bhubaneswar,81770,14,1,4,6,7,6,2,2,24,Travel_Frequently,No,2,1,2,3,4,4,2,Yes,"Average experience overall, some good and some bad aspects"
10601,55,Male,Married,Technology,QA Engineer,1,Business Administration,Pune,246360,11,3,3,2,1,0,10,9,46,Travel_Rarely,No,3,4,3,3,4,4,2,No,"Very happy with my role, the team is fantastic and supportive"
10602,49,Male,Married,Sales,Account Manager,1,HR Management,Bengaluru,240440,23,3,11,6,3,8,21,8,14,Travel_Rarely,No,6,2,2,4,2,4,1,No,"Good colleagues, strong learning opportunities and recognition"
10603,26,Male,Married,Sales,Sales Lead,3,Business Administration,Bengaluru,139158,24,3,0,6,7,5,23,6,39,Travel_Rarely,Yes,6,4,3,3,2,3,3,Yes,"Too much overtime, work life balance is completely terrible"
10604,26,Female,Divorced,Marketing,Brand Manager,3,Computer Science,Bengaluru,98514,19,3,12,0,0,3,1,9,44,Non-Travel,No,0,4,1,4,3,3,3,No,Management is supportive and salary is competitive and fair
10605,42,Male,Married,Technology,Senior Developer,5,Computer Science,Chennai,234249,19,3,0,5,7,9,33,3,57,Travel_Rarely,No,2,2,2,3,4,2,2,Yes,"Average experience overall, some good and some bad aspects"
10606,33,Female,Married,Finance,Tax Analyst,5,Business Administration,Mumbai,107663,14,2,2,3,2,8,26,4,4,Travel_Rarely,Yes,5,3,4,4,2,4,2,Yes,Work is okay but salary could definitely be better though
10607,25,Male,Single,Sales,Sales Lead,2,HR Management,Bhubaneswar,180792,21,1,7,7,7,0,15,7,16,Non-Travel,No,4,3,2,2,4,3,3,Yes,"Average experience overall, some good and some bad aspects"
10608,41,Male,Single,Technology,Senior Developer,4,Engineering,Pune,164151,16,3,17,7,5,1,22,1,51,Travel_Rarely,No,3,4,3,1,4,2,4,No,Work is okay but salary could definitely be better though
10609,46,Male,Single,Sales,Account Manager,1,HR Management,Bengaluru,163410,21,0,15,2,6,2,25,1,10,Travel_Rarely,No,5,3,2,3,2,1,4,Yes,"Too much overtime, work life balance is completely terrible"
10610,35,Male,Married,Operations,Operations Manager,1,Engineering,Bhubaneswar,149363,21,2,19,3,1,0,1,1,48,Travel_Frequently,No,0,2,1,4,4,2,2,Yes,Work is okay but salary could definitely be better though
10611,32,Male,Single,Sales,Sales Lead,5,Business Administration,Bhubaneswar,220156,16,0,19,0,0,1,26,8,37,Travel_Frequently,No,4,3,2,1,1,4,3,Yes,Work is okay but salary could definitely be better though
10612,53,Male,Single,Finance,Finance Manager,5,Engineering,Mumbai,127808,20,2,15,9,5,1,21,6,27,Non-Travel,No,2,4,2,1,3,3,4,No,"Good colleagues, strong learning opportunities and recognition"
10613,32,Male,Married,HR,Recruiter,2,Finance,Chennai,125091,22,2,1,1,2,6,24,3,48,Travel_Rarely,No,1,4,2,1,2,4,3,No,"Very happy with my role, the team is fantastic and supportive"
10614,39,Male,Married,Marketing,Marketing Manager,4,Marketing,Pune,114272,24,0,16,6,3,9,16,7,1,Non-Travel,Yes,2,2,4,3,2,4,1,Yes,"No growth at all, stuck in same role for many years now"
10615,48,Female,Married,Marketing,Digital Marketer,2,Marketing,Chennai,64393,11,0,9,6,8,5,32,6,5,Non-Travel,No,0,4,2,3,4,1,2,No,"I love working here, great team and management support"
10616,39,Male,Single,Finance,Auditor,4,Computer Science,Pune,108558,16,3,6,8,2,8,16,5,13,Travel_Rarely,No,1,3,3,2,2,3,4,No,Work is okay but salary could definitely be better though
10617,44,Female,Married,Sales,Sales Lead,1,Finance,Bengaluru,84770,15,0,9,9,1,4,13,3,45,Non-Travel,Yes,1,2,3,3,1,3,2,Yes,Excessive workload with no work life balance whatsoever here
10618,32,Male,Married,Technology,Junior Developer,2,Marketing,Bengaluru,41720,16,1,18,8,1,8,32,4,3,Non-Travel,No,4,4,2,3,4,1,1,No,Great work life balance and very interesting projects daily
10619,42,Female,Married,Sales,BD Executive,5,Business Administration,Bhubaneswar,28368,20,2,19,8,1,9,24,1,17,Travel_Frequently,No,2,2,2,3,1,3,3,Yes,"It is an okay place to work, nothing exceptional about it"
10620,26,Male,Single,Finance,Finance Manager,2,Engineering,Pune,200385,17,2,8,5,5,8,13,9,19,Travel_Frequently,No,0,2,4,1,3,2,2,Yes,Excessive workload with no work life balance whatsoever here
10621,44,Male,Married,Marketing,Brand Manager,2,Engineering,Pune,62969,13,3,16,7,1,1,11,5,37,Travel_Rarely,No,5,3,1,2,3,4,4,No,Excellent culture and very clear career growth opportunities
10622,46,Male,Divorced,Sales,Account Manager,1,HR Management,Chennai,63838,10,2,8,8,6,8,15,2,5,Travel_Frequently,No,5,3,3,1,1,1,1,Yes,"It is an okay place to work, nothing exceptional about it"
10623,31,Female,Single,Marketing,Content Writer,5,HR Management,Bengaluru,23734,17,0,8,6,6,2,10,9,47,Travel_Rarely,No,1,1,4,2,4,1,4,Yes,"No growth at all, stuck in same role for many years now"
10624,43,Female,Divorced,Technology,DevOps Engineer,5,Engineering,Hyderabad,122187,17,2,4,3,6,2,3,7,42,Non-Travel,Yes,4,2,3,3,3,4,3,Yes,Excessive workload with no work life balance whatsoever here
10625,40,Female,Married,Marketing,Content Writer,3,Business Administration,Bhubaneswar,114329,12,2,6,3,1,8,16,8,44,Travel_Rarely,Yes,5,3,3,4,4,1,4,Yes,Management doesnt listen and salary is way below market rate
10626,22,Female,Single,Marketing,Content Writer,3,Engineering,Pune,158269,12,0,10,5,6,6,17,3,24,Travel_Rarely,No,1,4,2,3,4,3,4,No,"Very happy with my role, the team is fantastic and supportive"
10627,28,Male,Married,HR,HR Executive,3,HR Management,Mumbai,83895,14,0,7,3,9,7,25,7,43,Travel_Rarely,No,6,1,3,1,3,3,4,Yes,Excessive workload with no work life balance whatsoever here
10628,25,Male,Single,HR,HR Business Partner,1,Marketing,Mumbai,249633,23,2,13,6,7,6,30,1,33,Travel_Frequently,Yes,2,1,1,1,3,4,1,Yes,Excessive workload with no work life balance whatsoever here
10629,22,Male,Single,Operations,Coordinator,2,Computer Science,Hyderabad,135424,12,1,1,7,7,8,13,6,55,Travel_Rarely,No,5,4,1,1,1,1,4,Yes,Job is fine but I am looking for more interesting challenges
10630,36,Female,Married,HR,HR Executive,5,HR Management,Bengaluru,202903,24,0,9,7,1,7,24,6,21,Non-Travel,No,3,3,1,2,4,2,4,No,Great work life balance and very interesting projects daily
10631,33,Male,Married,Marketing,Brand Manager,5,Business Administration,Bengaluru,116255,23,1,15,7,4,3,26,6,3,Non-Travel,No,6,2,4,1,1,4,1,Yes,Management doesnt listen and salary is way below market rate
10632,43,Female,Divorced,Finance,Financial Analyst,2,Marketing,Bengaluru,73073,14,1,15,1,5,1,9,3,4,Non-Travel,No,0,1,1,4,2,3,1,Yes,"Too much overtime, work life balance is completely terrible"
10633,43,Female,Married,Marketing,Marketing Manager,5,Marketing,Chennai,218997,24,3,18,9,8,4,19,6,51,Travel_Frequently,No,6,4,1,4,2,3,1,Yes,Excessive workload with no work life balance whatsoever here
10634,38,Female,Single,Finance,Financial Analyst,2,Marketing,Mumbai,226560,17,1,10,1,5,1,28,3,32,Travel_Rarely,No,3,4,3,3,2,3,3,No,"Average experience overall, some good and some bad aspects"
10635,50,Female,Married,Finance,Senior Accountant,1,Finance,Bengaluru,240683,10,3,5,1,9,3,7,9,24,Travel_Rarely,No,2,4,4,2,2,2,1,No,"I love working here, great team and management support"
10636,35,Female,Married,HR,HR Executive,1,Finance,Mumbai,230547,11,1,5,1,5,1,22,7,52,Travel_Rarely,No,3,4,2,2,3,3,3,No,"Good colleagues, strong learning opportunities and recognition"
10637,41,Male,Married,Sales,Account Manager,1,Marketing,Hyderabad,196374,11,3,6,3,9,4,30,4,35,Travel_Rarely,No,2,1,4,3,3,4,1,Yes,Very high pressure with little or no recognition for work done
10638,54,Female,Married,Technology,Senior Developer,2,Business Administration,Bhubaneswar,30624,21,0,15,4,9,5,16,3,18,Travel_Rarely,No,2,2,4,1,1,4,1,Yes,Job is fine but I am looking for more interesting challenges
10639,36,Female,Divorced,HR,L&D Specialist,2,Engineering,Chennai,213343,13,2,12,3,5,0,5,6,3,Travel_Rarely,Yes,4,3,2,1,3,4,2,Yes,"No growth at all, stuck in same role for many years now"
10640,33,Male,Married,HR,L&D Specialist,4,Business Administration,Pune,39315,18,2,2,4,8,7,29,9,39,Travel_Frequently,No,6,4,2,3,3,3,2,Yes,Excessive workload with no work life balance whatsoever here
10641,41,Female,Married,Sales,Sales Manager,5,Finance,Hyderabad,32422,11,3,8,3,9,1,23,3,54,Travel_Frequently,No,3,4,2,3,3,2,2,No,"Career growth is excellent here, very satisfied with my job"
10642,51,Female,Single,Technology,Senior Developer,5,HR Management,Mumbai,185209,21,0,2,6,6,4,6,8,26,Travel_Frequently,Yes,1,2,3,3,2,2,2,Yes,Work is okay but salary could definitely be better though
10643,24,Male,Divorced,Marketing,Marketing Manager,4,Finance,Hyderabad,87663,23,3,5,9,0,7,33,6,53,Travel_Rarely,Yes,2,2,3,3,1,3,1,Yes,Management doesnt listen and salary is way below market rate
10644,49,Male,Single,Operations,Process Analyst,4,Engineering,Pune,116216,20,3,16,0,0,4,16,4,24,Travel_Frequently,No,6,3,3,2,4,1,1,Yes,I feel undervalued and underpaid compared to industry standards
10645,47,Male,Single,Operations,Process Analyst,1,Computer Science,Chennai,194304,22,0,2,0,3,2,34,5,59,Travel_Rarely,Yes,3,1,1,2,4,1,3,Yes,Very high pressure with little or no recognition for work done
10646,51,Female,Single,Marketing,SEO Analyst,4,Finance,Bhubaneswar,224214,24,1,1,1,1,5,26,3,1,Travel_Frequently,No,1,2,2,1,4,4,1,Yes,"It is an okay place to work, nothing exceptional about it"
10647,34,Male,Married,HR,HR Business Partner,2,Business Administration,Pune,47743,21,1,11,0,2,0,13,2,51,Travel_Frequently,Yes,0,1,3,2,2,2,3,Yes,Management doesnt listen and salary is way below market rate
10648,34,Male,Married,Technology,DevOps Engineer,3,Business Administration,Chennai,245618,18,0,5,9,6,0,17,9,50,Travel_Frequently,Yes,1,1,3,2,3,3,4,Yes,Very high pressure with little or no recognition for work done
10649,23,Male,Married,HR,L&D Specialist,2,Marketing,Mumbai,161708,16,3,9,9,6,7,32,3,34,Travel_Frequently,No,3,4,4,2,3,2,4,No,"I love working here, great team and management support"
10650,23,Female,Divorced,Finance,Finance Manager,4,Marketing,Pune,236956,19,2,10,2,2,6,32,6,59,Travel_Rarely,No,3,1,3,3,4,2,1,Yes,Excessive workload with no work life balance whatsoever here
10651,57,Male,Divorced,HR,HR Executive,5,Marketing,Hyderabad,25108,17,3,15,5,1,9,28,5,12,Non-Travel,Yes,1,4,2,2,4,1,4,Yes,Excessive workload with no work life balance whatsoever here
10652,47,Female,Single,HR,HR Business Partner,2,Computer Science,Bengaluru,219706,10,1,15,9,0,9,29,8,17,Travel_Rarely,Yes,1,4,2,1,1,2,1,Yes,Excessive workload with no work life balance whatsoever here
10653,32,Female,Single,Marketing,Digital Marketer,5,Engineering,Hyderabad,51180,22,0,17,5,8,2,25,5,21,Travel_Rarely,No,5,3,1,2,2,2,3,Yes,"No growth at all, stuck in same role for many years now"
10654,29,Male,Married,Marketing,Brand Manager,2,HR Management,Mumbai,33883,14,0,8,0,9,7,22,8,21,Non-Travel,No,2,1,1,3,3,3,2,Yes,"Too much overtime, work life balance is completely terrible"
10655,43,Female,Divorced,Marketing,SEO Analyst,5,Business Administration,Bhubaneswar,59400,18,0,18,5,2,7,27,5,3,Travel_Rarely,No,3,2,4,2,4,3,4,No,"Average experience overall, some good and some bad aspects"
10656,41,Female,Married,Operations,Supply Chain Analyst,2,Business Administration,Pune,192071,21,1,1,4,8,0,20,6,44,Travel_Rarely,Yes,2,2,1,4,4,2,1,Yes,"No growth at all, stuck in same role for many years now"
10657,29,Male,Married,Finance,Senior Accountant,5,Engineering,Bhubaneswar,62951,13,3,0,6,3,9,24,5,28,Travel_Rarely,Yes,2,2,2,1,1,2,2,Yes,Poor management decisions causing frustration across the team
10658,50,Female,Single,Marketing,Marketing Manager,3,Computer Science,Mumbai,153232,11,0,15,5,9,6,8,2,25,Travel_Frequently,Yes,6,3,1,2,3,3,3,Yes,Poor management decisions causing frustration across the team
10659,47,Male,Married,Technology,Junior Developer,1,Marketing,Pune,70262,15,2,17,6,5,1,14,6,44,Travel_Rarely,Yes,0,4,1,1,3,1,1,Yes,"It is an okay place to work, nothing exceptional about it"
10660,51,Female,Married,Operations,Operations Manager,2,Engineering,Chennai,166001,11,0,2,1,6,1,14,7,6,Travel_Rarely,No,6,4,3,3,1,3,4,No,Work is okay but salary could definitely be better though
10661,38,Female,Married,Sales,Sales Manager,3,HR Management,Chennai,98133,12,3,0,0,9,1,5,3,42,Travel_Rarely,No,3,2,2,1,1,3,3,Yes,"Too much overtime, work life balance is completely terrible"
10662,41,Male,Single,Technology,Data Analyst,1,Marketing,Hyderabad,157195,23,1,5,6,5,4,21,3,30,Travel_Frequently,No,2,4,4,4,3,3,1,No,"It is an okay place to work, nothing exceptional about it"
10663,37,Male,Divorced,Technology,DevOps Engineer,2,HR Management,Hyderabad,130106,17,2,18,8,0,6,15,7,32,Non-Travel,No,0,4,1,4,1,3,4,Yes,Excessive workload with no work life balance whatsoever here
10664,28,Female,Married,Marketing,SEO Analyst,3,Finance,Mumbai,174429,24,2,18,1,5,3,33,4,22,Non-Travel,No,5,3,1,1,4,3,3,No,Management is supportive and salary is competitive and fair
10665,37,Female,Single,Sales,Sales Manager,3,HR Management,Chennai,85496,12,0,10,6,5,3,17,2,58,Travel_Frequently,No,2,1,4,3,3,1,3,Yes,"No growth at all, stuck in same role for many years now"
10666,48,Male,Married,Sales,Sales Executive,3,Marketing,Pune,179628,11,3,7,2,4,8,20,9,38,Travel_Rarely,No,2,1,4,1,2,4,2,Yes,Poor management decisions causing frustration across the team
10667,44,Female,Married,Operations,Ops Executive,4,Finance,Chennai,229863,15,0,4,5,2,9,1,9,14,Travel_Rarely,Yes,5,3,2,2,3,3,2,Yes,Very high pressure with little or no recognition for work done
10668,45,Female,Married,Sales,BD Executive,5,Marketing,Hyderabad,76934,23,2,19,2,9,8,16,6,34,Travel_Rarely,No,3,3,4,2,1,3,2,Yes,"Average experience overall, some good and some bad aspects"
10669,30,Female,Married,Finance,Tax Analyst,1,Business Administration,Mumbai,93886,12,0,8,9,2,6,18,2,43,Travel_Rarely,No,6,4,1,1,2,1,1,No,"It is an okay place to work, nothing exceptional about it"
10670,56,Female,Married,Marketing,Brand Manager,5,Marketing,Chennai,45881,10,3,14,4,9,9,10,3,47,Travel_Rarely,No,1,3,2,2,4,4,3,No,"I love working here, great team and management support"
10671,41,Male,Divorced,Sales,Account Manager,5,Finance,Mumbai,33409,21,1,13,1,6,3,23,5,58,Non-Travel,No,5,4,2,2,4,2,2,No,"It is an okay place to work, nothing exceptional about it"
10672,38,Male,Single,Operations,Operations Manager,5,HR Management,Chennai,201488,23,2,3,7,7,7,18,5,26,Travel_Rarely,No,1,1,4,3,4,1,4,Yes,Management doesnt listen and salary is way below market rate
10673,52,Male,Single,Finance,Tax Analyst,3,Business Administration,Bhubaneswar,113171,24,3,7,7,2,9,9,9,40,Travel_Rarely,No,3,3,2,1,1,3,1,Yes,Management doesnt listen and salary is way below market rate
10674,29,Male,Single,HR,Recruiter,5,Computer Science,Chennai,214054,24,0,19,6,2,2,30,3,54,Travel_Rarely,No,6,4,1,2,3,2,2,No,Great work life balance and very interesting projects daily
10675,36,Male,Married,HR,HR Executive,4,Computer Science,Hyderabad,176729,23,2,16,5,6,2,13,2,13,Travel_Rarely,No,1,1,1,1,1,1,1,Yes,Excessive workload with no work life balance whatsoever here
10676,52,Male,Married,Finance,Financial Analyst,2,Computer Science,Pune,232815,12,0,1,0,9,6,31,8,30,Travel_Frequently,Yes,6,1,1,1,3,2,3,Yes,Poor management decisions causing frustration across the team
10677,51,Female,Divorced,Operations,Ops Executive,3,Computer Science,Hyderabad,63951,15,0,19,7,6,8,13,7,19,Travel_Rarely,No,4,2,2,2,1,1,4,Yes,"It is an okay place to work, nothing exceptional about it"
10678,41,Male,Married,Finance,Financial Analyst,1,Engineering,Hyderabad,23752,12,1,15,0,8,3,32,9,42,Travel_Frequently,No,1,1,4,3,4,1,3,Yes,Job is fine but I am looking for more interesting challenges
10679,33,Female,Married,Marketing,SEO Analyst,2,Computer Science,Hyderabad,132339,18,0,9,7,5,3,17,3,41,Travel_Rarely,No,6,3,1,3,1,2,4,Yes,I feel undervalued and underpaid compared to industry standards
10680,38,Female,Divorced,Marketing,Digital Marketer,2,Finance,Mumbai,159512,16,0,1,1,6,0,3,6,50,Travel_Rarely,No,5,3,3,4,3,4,3,Yes,Management doesnt listen and salary is way below market rate
10681,51,Female,Single,HR,HR Business Partner,2,Computer Science,Bengaluru,59864,23,3,10,7,9,0,1,5,39,Non-Travel,No,2,4,4,1,4,2,1,No,"Good colleagues, strong learning opportunities and recognition"
10682,50,Male,Married,Sales,Sales Lead,5,Marketing,Bengaluru,195763,14,0,9,9,0,2,5,5,3,Non-Travel,No,2,3,2,4,4,2,3,No,"It is an okay place to work, nothing exceptional about it"
10683,40,Female,Married,Operations,Ops Executive,5,Computer Science,Bhubaneswar,87035,11,1,18,3,6,6,32,8,31,Travel_Rarely,No,0,1,1,3,2,4,4,Yes,"No growth at all, stuck in same role for many years now"
10684,32,Male,Married,HR,Recruiter,3,HR Management,Hyderabad,101675,24,0,13,6,1,8,25,1,12,Travel_Rarely,Yes,5,4,2,2,3,2,1,No,Great work life balance and very interesting projects daily
10685,55,Female,Married,Sales,Account Manager,5,Finance,Bengaluru,226375,18,0,10,4,6,3,5,1,15,Travel_Rarely,No,6,1,1,2,2,4,1,Yes,Management doesnt listen and salary is way below market rate
10686,28,Female,Married,Sales,Sales Manager,5,Finance,Bhubaneswar,37343,14,0,8,7,2,1,23,3,54,Travel_Rarely,No,3,2,2,3,2,4,4,No,Management is supportive and salary is competitive and fair
10687,55,Male,Single,Marketing,Brand Manager,5,Business Administration,Mumbai,239320,16,2,6,5,8,5,12,2,53,Travel_Frequently,No,0,4,3,3,2,4,4,Yes,Very high pressure with little or no recognition for work done
10688,41,Female,Married,Technology,QA Engineer,3,Engineering,Hyderabad,34673,18,1,14,4,4,5,34,2,45,Travel_Frequently,Yes,2,2,2,1,4,3,1,Yes,Work is okay but salary could definitely be better though
10689,45,Female,Married,Technology,QA Engineer,3,Marketing,Pune,206026,13,2,19,0,6,8,23,2,38,Non-Travel,No,2,4,2,4,2,1,4,No,Work is okay but salary could definitely be better though
10690,31,Female,Married,Finance,Senior Accountant,4,Finance,Mumbai,200770,18,1,16,2,7,3,16,4,40,Travel_Rarely,No,0,3,2,4,3,3,3,Yes,"Too much overtime, work life balance is completely terrible"
10691,53,Female,Married,Marketing,SEO Analyst,4,HR Management,Bhubaneswar,110024,10,1,2,9,1,7,5,1,14,Travel_Rarely,No,5,1,1,3,3,1,3,Yes,Poor management decisions causing frustration across the team
10692,36,Male,Divorced,Sales,Sales Lead,4,Computer Science,Mumbai,41520,21,3,14,8,0,2,28,9,35,Travel_Rarely,No,4,4,4,1,2,3,3,No,Excellent culture and very clear career growth opportunities
10693,41,Female,Married,Operations,Coordinator,4,Finance,Pune,30784,15,2,13,8,6,1,6,5,16,Non-Travel,No,1,3,2,2,2,4,1,No,Job is fine but I am looking for more interesting challenges
10694,24,Female,Married,Technology,DevOps Engineer,2,HR Management,Mumbai,132446,11,1,7,4,5,8,13,5,50,Travel_Frequently,No,6,3,4,3,2,3,3,No,"Very happy with my role, the team is fantastic and supportive"
10695,29,Male,Married,Sales,Account Manager,2,Computer Science,Bhubaneswar,53079,17,1,3,2,5,5,30,9,24,Travel_Frequently,No,6,3,1,4,2,1,1,Yes,Management doesnt listen and salary is way below market rate
10696,44,Female,Married,Technology,Junior Developer,4,Engineering,Pune,59220,14,3,9,5,1,7,26,5,17,Travel_Rarely,Yes,4,2,2,1,2,3,4,Yes,Job is fine but I am looking for more interesting challenges
10697,32,Female,Divorced,Technology,Data Analyst,4,Finance,Pune,166563,24,2,1,4,2,9,17,8,18,Travel_Rarely,No,4,3,1,1,2,2,3,Yes,Job is fine but I am looking for more interesting challenges
10698,29,Female,Married,Technology,DevOps Engineer,1,Finance,Mumbai,127878,12,0,13,0,3,8,9,1,42,Travel_Rarely,No,4,4,4,1,1,2,1,No,"Average experience overall, some good and some bad aspects"
10699,50,Female,Married,Operations,Coordinator,2,HR Management,Pune,131583,11,3,7,1,2,0,16,1,17,Travel_Rarely,No,6,2,1,4,4,4,2,Yes,"Average experience overall, some good and some bad aspects"
10700,51,Male,Single,Marketing,Content Writer,1,Business Administration,Mumbai,63720,17,1,9,4,1,0,18,4,16,Travel_Rarely,No,5,1,1,1,4,3,3,Yes,Work is okay but salary could definitely be better though
10701,31,Female,Married,Operations,Coordinator,1,Marketing,Hyderabad,246876,16,2,17,8,2,4,13,8,21,Travel_Rarely,No,4,3,4,2,4,3,3,No,Excellent culture and very clear career growth opportunities
10702,49,Male,Single,HR,HR Business Partner,5,Engineering,Pune,29718,18,1,14,3,5,8,29,3,24,Non-Travel,No,1,4,1,4,2,1,1,Yes,"It is an okay place to work, nothing exceptional about it"
10703,57,Female,Married,Sales,Sales Manager,3,Marketing,Mumbai,181669,17,3,4,8,8,6,24,1,34,Travel_Frequently,No,3,4,4,3,1,1,1,Yes,"No growth at all, stuck in same role for many years now"
10704,34,Female,Single,Marketing,Content Writer,2,Finance,Hyderabad,76217,20,3,12,2,3,6,13,9,52,Travel_Rarely,Yes,0,2,4,1,4,3,4,Yes,"It is an okay place to work, nothing exceptional about it"
10705,53,Female,Single,Marketing,Content Writer,4,Marketing,Pune,244423,13,2,17,0,5,1,25,9,36,Travel_Rarely,No,4,1,2,4,3,1,1,Yes,"No growth at all, stuck in same role for many years now"
10706,57,Male,Single,Marketing,Digital Marketer,4,Computer Science,Hyderabad,115668,11,3,1,5,0,2,1,9,43,Travel_Frequently,Yes,4,2,2,3,4,2,4,Yes,Poor management decisions causing frustration across the team
10707,47,Female,Single,Marketing,Brand Manager,3,Engineering,Chennai,172904,23,3,12,9,5,3,9,9,27,Non-Travel,Yes,0,3,1,3,4,2,2,Yes,Job is fine but I am looking for more interesting challenges
10708,43,Female,Single,Operations,Operations Manager,2,Marketing,Pune,200890,22,0,13,6,2,1,4,2,39,Non-Travel,No,6,1,1,2,4,4,4,Yes,"Average experience overall, some good and some bad aspects"
10709,25,Male,Divorced,Marketing,Digital Marketer,4,Computer Science,Chennai,243470,11,1,9,3,8,9,28,4,17,Travel_Frequently,Yes,6,1,1,3,4,2,3,Yes,Excessive workload with no work life balance whatsoever here
10710,52,Male,Married,Finance,Senior Accountant,4,HR Management,Bhubaneswar,158936,11,0,3,9,3,8,12,2,25,Travel_Frequently,Yes,0,1,3,2,3,1,1,Yes,Excessive workload with no work life balance whatsoever here
10711,39,Male,Married,Sales,Sales Executive,5,Marketing,Bhubaneswar,103378,23,0,14,4,6,4,24,7,51,Travel_Rarely,No,6,2,3,4,2,1,2,Yes,Management doesnt listen and salary is way below market rate
10712,45,Male,Married,Marketing,Marketing Manager,1,Engineering,Mumbai,23177,20,2,7,3,3,6,9,3,38,Non-Travel,No,6,4,2,2,3,1,2,No,Management is supportive and salary is competitive and fair
10713,44,Female,Single,Sales,BD Executive,4,Computer Science,Bengaluru,192187,21,3,14,2,5,8,33,9,42,Travel_Rarely,Yes,3,2,4,4,3,1,1,Yes,Job is fine but I am looking for more interesting challenges
10714,43,Female,Divorced,Finance,Tax Analyst,2,Marketing,Chennai,137318,15,1,13,0,6,4,20,7,21,Non-Travel,Yes,2,4,3,4,2,3,3,Yes,Management doesnt listen and salary is way below market rate
10715,23,Female,Single,Finance,Finance Manager,3,HR Management,Chennai,202282,16,1,8,5,1,5,2,8,4,Travel_Rarely,Yes,3,2,3,1,3,3,1,Yes,"Too much overtime, work life balance is completely terrible"
10716,52,Female,Single,Sales,Sales Manager,5,Marketing,Bhubaneswar,198026,21,1,19,9,9,3,26,9,25,Non-Travel,No,2,4,4,2,3,3,1,No,Work is okay but salary could definitely be better though
10717,32,Male,Married,Technology,DevOps Engineer,2,Computer Science,Chennai,126145,15,3,2,4,5,7,13,8,59,Travel_Frequently,No,5,4,1,4,4,3,1,No,"It is an okay place to work, nothing exceptional about it"
10718,49,Female,Single,HR,Recruiter,5,Marketing,Bengaluru,157916,11,1,14,0,7,0,30,7,30,Travel_Rarely,No,1,1,1,1,4,2,4,Yes,"No growth at all, stuck in same role for many years now"
10719,53,Female,Married,Technology,Junior Developer,1,Engineering,Hyderabad,220202,13,1,16,4,5,0,32,9,57,Travel_Frequently,Yes,6,4,3,2,2,1,2,Yes,"It is an okay place to work, nothing exceptional about it"
10720,26,Female,Married,Technology,Junior Developer,4,Finance,Hyderabad,28418,12,3,15,5,1,4,19,1,33,Non-Travel,No,3,3,3,2,4,2,2,Yes,Excessive workload with no work life balance whatsoever here
10721,31,Female,Married,Operations,Supply Chain Analyst,2,Computer Science,Bengaluru,180926,20,2,3,9,3,9,22,4,39,Travel_Rarely,No,1,3,4,3,2,1,3,No,"Average experience overall, some good and some bad aspects"
10722,45,Male,Married,Technology,Senior Developer,3,Computer Science,Chennai,234716,22,1,10,4,0,8,1,4,26,Travel_Frequently,No,0,4,4,1,2,3,2,No,Excellent culture and very clear career growth opportunities
10723,56,Female,Single,Marketing,SEO Analyst,1,Computer Science,Chennai,222027,13,3,7,0,6,1,11,5,25,Non-Travel,No,3,4,3,3,1,2,1,Yes,"Too much overtime, work life balance is completely terrible"
10724,44,Female,Married,Operations,Coordinator,1,Computer Science,Chennai,103075,14,0,2,4,7,2,26,8,53,Travel_Rarely,No,5,4,4,4,2,1,2,No,"Good colleagues, strong learning opportunities and recognition"
10725,38,Female,Single,Operations,Supply Chain Analyst,5,Marketing,Mumbai,190022,16,3,18,9,9,7,19,1,16,Travel_Rarely,Yes,0,4,1,2,3,3,3,Yes,Job is fine but I am looking for more interesting challenges
10726,22,Male,Married,Finance,Finance Manager,1,Engineering,Pune,80227,23,0,13,0,1,4,19,6,49,Travel_Rarely,No,5,1,2,4,2,4,4,Yes,Poor management decisions causing frustration across the team
10727,52,Male,Single,Technology,Junior Developer,2,HR Management,Bengaluru,158907,18,3,8,2,9,2,12,9,24,Non-Travel,Yes,5,3,3,1,1,1,4,Yes,"Too much overtime, work life balance is completely terrible"
10728,52,Female,Married,Finance,Financial Analyst,5,Engineering,Bengaluru,32533,24,1,2,1,4,5,3,8,5,Travel_Rarely,No,4,1,2,2,3,4,1,Yes,"Average experience overall, some good and some bad aspects"
10729,55,Female,Married,Sales,Sales Lead,1,Computer Science,Bengaluru,241123,20,2,3,0,7,5,18,2,54,Travel_Rarely,No,0,3,4,4,1,1,1,Yes,Management doesnt listen and salary is way below market rate
10730,30,Female,Married,HR,HR Manager,3,Business Administration,Bengaluru,116457,11,2,3,3,7,4,5,7,55,Travel_Rarely,No,6,4,2,2,4,3,2,No,Excellent culture and very clear career growth opportunities
10731,43,Male,Divorced,Operations,Ops Executive,2,Marketing,Bengaluru,122504,17,1,10,1,4,4,24,5,42,Non-Travel,No,5,3,3,3,3,2,2,No,"Career growth is excellent here, very satisfied with my job"
10732,34,Female,Divorced,Sales,BD Executive,3,Business Administration,Chennai,233930,12,0,18,4,7,5,14,2,39,Travel_Rarely,Yes,4,3,4,1,2,1,3,Yes,Poor management decisions causing frustration across the team
10733,46,Female,Married,Sales,Sales Executive,3,Marketing,Mumbai,156295,18,3,15,9,5,1,3,1,13,Travel_Rarely,No,2,2,2,1,1,4,1,Yes,Very high pressure with little or no recognition for work done
10734,39,Female,Married,Marketing,SEO Analyst,5,Computer Science,Bhubaneswar,139202,19,1,16,0,4,5,6,2,30,Non-Travel,Yes,4,2,1,1,2,3,3,Yes,Very high pressure with little or no recognition for work done
10735,33,Male,Single,HR,HR Executive,4,Marketing,Chennai,25273,21,3,9,9,3,1,12,6,7,Travel_Rarely,No,6,4,3,2,4,1,4,Yes,"Average experience overall, some good and some bad aspects"
10736,38,Female,Married,Sales,BD Executive,5,Computer Science,Chennai,48519,13,1,16,0,4,2,11,8,47,Travel_Frequently,No,2,1,3,4,3,4,2,Yes,"Average experience overall, some good and some bad aspects"
10737,36,Female,Single,Sales,Sales Manager,2,Engineering,Pune,170232,24,1,15,9,3,1,26,3,17,Non-Travel,No,4,2,3,4,2,1,1,No,"I love working here, great team and management support"
10738,36,Male,Single,HR,HR Manager,2,Finance,Bhubaneswar,142024,12,3,19,3,0,0,1,5,55,Travel_Rarely,Yes,4,4,3,1,4,4,2,Yes,Job is fine but I am looking for more interesting challenges
10739,36,Male,Divorced,HR,HR Executive,5,Marketing,Bengaluru,220457,19,2,5,6,2,0,16,2,27,Travel_Rarely,Yes,1,1,4,2,2,1,1,Yes,Excessive workload with no work life balance whatsoever here
10740,34,Female,Married,Sales,Sales Lead,4,Computer Science,Bhubaneswar,139540,15,2,6,1,7,8,9,8,35,Non-Travel,No,1,2,1,2,3,2,4,Yes,"It is an okay place to work, nothing exceptional about it"
10741,38,Male,Married,HR,HR Manager,5,Business Administration,Mumbai,237264,19,0,13,1,6,3,5,4,5,Non-Travel,No,6,3,1,2,4,2,3,No,Work is okay but salary could definitely be better though
10742,53,Female,Single,Sales,BD Executive,2,Computer Science,Hyderabad,195060,22,3,10,0,6,4,8,6,42,Travel_Rarely,No,0,2,2,4,4,2,1,Yes,Poor management decisions causing frustration across the team
10743,30,Male,Married,Sales,Account Manager,4,Business Administration,Chennai,156420,18,0,11,4,2,9,21,3,5,Travel_Rarely,No,5,4,3,1,1,2,2,No,"Career growth is excellent here, very satisfied with my job"
10744,41,Male,Single,Marketing,Content Writer,2,Marketing,Bhubaneswar,98460,16,1,13,5,8,6,33,8,24,Non-Travel,No,6,2,3,4,3,3,1,Yes,Work is okay but salary could definitely be better though
10745,47,Female,Single,Technology,Data Analyst,4,HR Management,Pune,119471,13,0,4,5,5,1,20,8,7,Travel_Frequently,Yes,1,2,2,3,4,2,3,Yes,Work is okay but salary could definitely be better though
10746,48,Female,Single,Sales,Sales Lead,4,Business Administration,Mumbai,119668,12,1,4,1,7,9,22,3,7,Travel_Rarely,No,2,1,4,2,3,1,4,Yes,"Average experience overall, some good and some bad aspects"
10747,42,Female,Married,Finance,Senior Accountant,5,Computer Science,Hyderabad,82519,19,3,19,6,7,8,13,9,54,Travel_Rarely,No,1,1,1,3,2,3,2,Yes,Poor management decisions causing frustration across the team
10748,39,Male,Married,Operations,Ops Executive,5,Marketing,Mumbai,105426,13,3,14,5,2,3,11,5,55,Travel_Rarely,Yes,0,3,3,1,3,1,4,Yes,"No growth at all, stuck in same role for many years now"
10749,34,Female,Single,Technology,QA Engineer,5,Computer Science,Bengaluru,29629,12,3,0,7,3,9,18,9,14,Travel_Frequently,No,3,4,2,1,1,4,4,Yes,I feel undervalued and underpaid compared to industry standards
10750,37,Female,Married,Technology,DevOps Engineer,4,HR Management,Hyderabad,64056,21,3,8,5,5,9,30,7,55,Non-Travel,Yes,2,3,1,4,3,2,3,Yes,"Too much overtime, work life balance is completely terrible"
10751,30,Female,Single,Technology,DevOps Engineer,4,Finance,Pune,26273,12,0,2,8,1,0,33,3,15,Travel_Rarely,No,3,3,2,1,3,1,1,Yes,Job is fine but I am looking for more interesting challenges
10752,33,Female,Married,Marketing,SEO Analyst,2,HR Management,Hyderabad,135484,21,1,3,9,6,7,3,6,5,Travel_Rarely,Yes,2,2,2,1,2,1,1,Yes,I feel undervalued and underpaid compared to industry standards
10753,40,Female,Divorced,Sales,Account Manager,3,Engineering,Pune,112275,23,2,15,1,1,3,1,2,37,Non-Travel,Yes,5,3,4,4,1,1,1,Yes,Management doesnt listen and salary is way below market rate
10754,28,Male,Married,Marketing,SEO Analyst,5,Marketing,Bengaluru,186488,22,3,6,6,4,6,6,6,4,Non-Travel,No,5,1,1,4,2,4,1,Yes,Management doesnt listen and salary is way below market rate
10755,56,Female,Divorced,Sales,Sales Lead,2,HR Management,Pune,153966,18,3,13,4,3,2,29,5,30,Non-Travel,No,5,3,3,4,4,4,2,No,"Career growth is excellent here, very satisfied with my job"
10756,39,Female,Divorced,Marketing,Digital Marketer,2,Finance,Mumbai,61073,13,1,15,0,8,8,11,3,20,Travel_Rarely,No,0,4,1,4,2,4,4,No,Great work life balance and very interesting projects daily
10757,37,Male,Married,Marketing,Digital Marketer,1,Computer Science,Bhubaneswar,60693,18,2,17,2,1,4,13,7,53,Non-Travel,No,1,3,4,1,1,1,1,Yes,Poor management decisions causing frustration across the team
10758,25,Female,Married,Operations,Process Analyst,5,Marketing,Mumbai,197538,21,3,15,3,6,4,11,4,26,Travel_Frequently,Yes,3,4,3,3,1,4,4,Yes,I feel undervalued and underpaid compared to industry standards
10759,46,Female,Divorced,Finance,Auditor,2,Business Administration,Chennai,39343,24,2,15,1,6,2,25,6,9,Travel_Frequently,No,3,4,1,4,3,2,2,Yes,Job is fine but I am looking for more interesting challenges
10760,53,Female,Married,Marketing,Brand Manager,1,HR Management,Mumbai,58095,19,3,1,6,6,8,15,9,30,Non-Travel,Yes,1,3,4,1,1,4,2,Yes,I feel undervalued and underpaid compared to industry standards
10761,34,Female,Single,Operations,Operations Manager,5,Finance,Hyderabad,177246,14,0,9,0,0,2,13,6,59,Travel_Rarely,No,0,3,3,1,2,4,2,Yes,"No growth at all, stuck in same role for many years now"
10762,38,Female,Divorced,HR,HR Business Partner,4,HR Management,Bengaluru,196873,16,0,6,2,7,1,33,4,44,Non-Travel,No,1,3,3,1,1,1,4,Yes,Management doesnt listen and salary is way below market rate
10763,27,Male,Married,Finance,Auditor,1,Engineering,Chennai,137388,23,2,14,8,1,8,13,2,48,Non-Travel,No,4,4,2,1,4,1,1,No,"I love working here, great team and management support"
10764,40,Male,Single,Marketing,Marketing Manager,4,Marketing,Chennai,218508,14,1,8,1,4,8,24,9,22,Travel_Rarely,No,4,1,2,1,1,1,4,Yes,Management doesnt listen and salary is way below market rate
10765,34,Male,Married,Technology,DevOps Engineer,3,Computer Science,Chennai,129441,10,1,6,4,1,9,20,4,40,Travel_Rarely,Yes,5,2,4,4,1,1,1,Yes,Work is okay but salary could definitely be better though
10766,47,Female,Married,HR,HR Business Partner,3,Finance,Bhubaneswar,215408,11,0,15,3,4,3,17,4,41,Travel_Frequently,No,4,3,3,4,2,2,3,No,Great work life balance and very interesting projects daily
10767,35,Male,Married,HR,Recruiter,3,HR Management,Pune,115782,20,1,2,2,6,3,24,2,44,Travel_Rarely,No,3,2,1,2,3,1,1,Yes,"No growth at all, stuck in same role for many years now"
10768,52,Female,Married,Operations,Coordinator,3,Marketing,Hyderabad,188998,24,1,16,4,5,9,26,5,30,Travel_Rarely,No,5,3,3,2,3,3,1,No,Great work life balance and very interesting projects daily
10769,25,Female,Married,HR,HR Executive,2,HR Management,Bengaluru,87590,14,1,7,5,4,5,32,6,20,Non-Travel,Yes,3,4,4,4,2,3,1,Yes,Excessive workload with no work life balance whatsoever here
10770,29,Female,Married,Finance,Auditor,3,Marketing,Bhubaneswar,184899,15,2,1,0,3,8,29,6,28,Non-Travel,No,0,4,1,4,3,1,2,Yes,"Average experience overall, some good and some bad aspects"
10771,46,Male,Married,Marketing,Brand Manager,2,Engineering,Mumbai,123263,16,2,19,1,7,7,14,3,7,Travel_Frequently,Yes,2,2,3,4,4,1,3,Yes,Poor management decisions causing frustration across the team
10772,34,Male,Married,Marketing,SEO Analyst,2,HR Management,Bengaluru,190847,11,1,2,0,7,9,22,9,53,Non-Travel,No,1,1,1,3,4,2,1,Yes,Poor management decisions causing frustration across the team
10773,53,Male,Married,Technology,Junior Developer,5,Engineering,Chennai,187273,19,0,7,2,0,2,34,7,4,Travel_Frequently,No,6,4,2,4,3,3,3,No,"Good colleagues, strong learning opportunities and recognition"
10774,49,Female,Married,Operations,Supply Chain Analyst,2,Business Administration,Bengaluru,44373,18,1,1,7,9,5,27,3,28,Non-Travel,Yes,6,2,1,1,2,4,4,Yes,Job is fine but I am looking for more interesting challenges
10775,51,Male,Married,Technology,DevOps Engineer,2,Business Administration,Bengaluru,42525,15,3,18,7,1,6,28,4,55,Travel_Rarely,No,6,4,2,3,2,2,4,No,"Average experience overall, some good and some bad aspects"
10776,24,Female,Married,HR,L&D Specialist,3,Finance,Mumbai,142716,11,0,16,3,2,5,22,7,35,Travel_Frequently,No,2,3,1,3,3,4,2,Yes,Excessive workload with no work life balance whatsoever here
10777,49,Male,Divorced,Technology,Data Analyst,2,Engineering,Pune,119513,11,2,4,5,0,2,3,8,33,Non-Travel,No,3,2,2,1,1,1,4,Yes,Management doesnt listen and salary is way below market rate
10778,24,Male,Single,Finance,Financial Analyst,4,Marketing,Hyderabad,218723,12,3,19,8,2,8,22,6,7,Travel_Rarely,Yes,1,2,4,1,3,3,3,Yes,"No growth at all, stuck in same role for many years now"
10779,55,Female,Single,Marketing,Content Writer,3,Finance,Chennai,144401,10,1,16,6,9,3,21,4,9,Travel_Rarely,No,3,3,1,2,4,4,3,Yes,"Average experience overall, some good and some bad aspects"
10780,37,Female,Married,HR,HR Business Partner,1,HR Management,Pune,111643,18,1,9,1,7,1,16,2,34,Non-Travel,No,0,2,3,1,4,3,3,Yes,Management doesnt listen and salary is way below market rate
10781,43,Male,Married,Technology,DevOps Engineer,3,HR Management,Bhubaneswar,176558,23,0,8,1,3,8,9,8,39,Travel_Rarely,No,5,3,4,4,1,4,3,Yes,"It is an okay place to work, nothing exceptional about it"
10782,53,Male,Single,Operations,Process Analyst,2,Marketing,Chennai,224676,19,0,5,2,6,2,13,1,42,Non-Travel,Yes,1,1,4,4,4,2,3,Yes,Work is okay but salary could definitely be better though
10783,29,Male,Single,Finance,Tax Analyst,4,Computer Science,Hyderabad,164712,20,1,10,7,6,5,10,9,34,Non-Travel,Yes,3,3,1,2,2,1,2,Yes,Very high pressure with little or no recognition for work done
10784,29,Female,Single,Finance,Auditor,3,Computer Science,Bhubaneswar,112694,13,1,1,9,4,4,21,8,13,Non-Travel,No,4,1,4,3,1,3,1,Yes,Poor management decisions causing frustration across the team
10785,27,Female,Married,Technology,Data Analyst,4,HR Management,Mumbai,207527,14,0,11,8,0,1,7,3,29,Travel_Frequently,No,6,2,2,3,1,2,4,Yes,Work is okay but salary could definitely be better though
10786,35,Male,Single,Marketing,Digital Marketer,1,Marketing,Pune,51136,16,3,11,2,9,0,22,4,35,Non-Travel,Yes,4,3,2,2,1,3,3,Yes,Poor management decisions causing frustration across the team
10787,53,Male,Married,Technology,DevOps Engineer,1,Computer Science,Chennai,208497,10,2,15,8,3,8,18,4,45,Non-Travel,No,3,2,1,4,2,4,4,Yes,Job is fine but I am looking for more interesting challenges
10788,56,Female,Married,HR,HR Manager,5,Engineering,Bengaluru,71539,12,0,11,9,6,2,21,2,10,Travel_Rarely,Yes,2,1,4,2,4,4,2,Yes,"No growth at all, stuck in same role for many years now"
10789,31,Male,Divorced,Technology,Senior Developer,5,HR Management,Hyderabad,227736,23,3,17,7,4,6,14,5,30,Travel_Rarely,No,5,4,3,4,3,1,2,No,"Very happy with my role, the team is fantastic and supportive"
10790,24,Female,Married,Finance,Senior Accountant,3,Business Administration,Chennai,171014,12,1,12,4,1,8,10,3,44,Travel_Rarely,No,0,4,1,4,4,4,1,No,"Career growth is excellent here, very satisfied with my job"
10791,33,Female,Single,Technology,DevOps Engineer,5,Engineering,Bengaluru,83363,11,2,14,9,7,8,33,1,26,Non-Travel,Yes,0,4,1,1,3,1,2,Yes,"Too much overtime, work life balance is completely terrible"
10792,52,Female,Married,Marketing,Marketing Manager,4,Marketing,Chennai,204668,17,3,15,2,1,9,9,2,35,Travel_Rarely,Yes,6,4,4,2,1,1,1,Yes,Job is fine but I am looking for more interesting challenges
10793,50,Female,Divorced,Operations,Supply Chain Analyst,5,Business Administration,Bhubaneswar,96526,14,2,3,6,7,5,18,7,28,Travel_Rarely,Yes,3,4,2,2,3,2,3,Yes,"Average experience overall, some good and some bad aspects"
10794,26,Female,Married,Sales,BD Executive,4,Engineering,Bengaluru,50255,10,2,11,8,1,7,13,1,29,Travel_Rarely,Yes,0,1,4,4,4,1,2,Yes,I feel undervalued and underpaid compared to industry standards
10795,46,Female,Divorced,Technology,Data Analyst,5,Computer Science,Bengaluru,208201,21,2,16,5,4,8,17,2,52,Non-Travel,Yes,1,4,3,4,2,2,4,No,Great work life balance and very interesting projects daily
10796,52,Male,Married,Marketing,Content Writer,5,Computer Science,Chennai,231595,11,3,0,2,3,2,23,7,6,Travel_Rarely,No,0,4,3,1,4,3,2,No,Excellent culture and very clear career growth opportunities
10797,42,Female,Single,Marketing,Marketing Manager,5,Business Administration,Mumbai,133209,10,3,17,4,0,5,25,1,3,Travel_Rarely,No,4,2,3,4,2,4,2,No,"Average experience overall, some good and some bad aspects"
10798,41,Female,Married,Operations,Ops Executive,2,Finance,Mumbai,208358,24,1,15,6,7,4,16,7,29,Travel_Rarely,No,3,3,3,4,2,4,3,No,"Very happy with my role, the team is fantastic and supportive"
10799,43,Male,Single,Finance,Tax Analyst,2,HR Management,Pune,101437,15,2,0,7,9,6,24,8,57,Non-Travel,No,1,3,1,3,2,4,1,Yes,"Average experience overall, some good and some bad aspects"
10800,25,Female,Married,Marketing,Marketing Manager,5,Business Administration,Bhubaneswar,162349,18,0,9,3,2,6,31,2,2,Non-Travel,No,6,3,3,2,3,1,1,No,Excellent culture and very clear career growth opportunities
10801,34,Male,Single,Marketing,Marketing Manager,4,Marketing,Mumbai,147715,20,0,18,1,3,8,11,4,55,Travel_Rarely,No,0,3,3,1,1,2,2,Yes,Poor management decisions causing frustration across the team
10802,41,Female,Single,Marketing,Brand Manager,3,HR Management,Chennai,130900,16,0,15,9,3,0,23,7,22,Travel_Frequently,Yes,6,1,3,1,1,2,4,Yes,I feel undervalued and underpaid compared to industry standards
10803,34,Male,Divorced,Marketing,Brand Manager,1,Engineering,Mumbai,38729,14,3,13,1,4,5,22,1,46,Non-Travel,No,4,3,4,4,1,2,2,Yes,"It is an okay place to work, nothing exceptional about it"
10804,38,Male,Single,HR,Recruiter,2,Marketing,Pune,232695,21,1,1,2,2,4,33,6,47,Travel_Rarely,Yes,5,2,2,2,2,1,4,Yes,Poor management decisions causing frustration across the team
10805,57,Female,Divorced,HR,L&D Specialist,5,Marketing,Hyderabad,36818,22,3,5,7,8,3,18,5,50,Non-Travel,No,2,1,2,3,3,4,3,Yes,I feel undervalued and underpaid compared to industry standards
10806,54,Female,Single,Finance,Finance Manager,1,Computer Science,Pune,80555,12,2,4,0,3,9,14,6,27,Travel_Rarely,Yes,0,4,2,1,3,4,3,Yes,Management doesnt listen and salary is way below market rate
10807,22,Female,Single,Technology,Senior Developer,2,Engineering,Bengaluru,113979,21,0,11,6,9,0,28,8,51,Travel_Rarely,No,6,2,3,4,3,2,1,Yes,"Average experience overall, some good and some bad aspects"
10808,36,Female,Divorced,Marketing,SEO Analyst,3,Computer Science,Bengaluru,68629,21,3,3,5,3,3,11,1,22,Travel_Frequently,No,4,2,4,2,4,1,4,No,Excellent culture and very clear career growth opportunities
10809,34,Male,Married,Operations,Coordinator,4,Computer Science,Mumbai,130296,17,0,3,1,5,9,24,3,10,Non-Travel,No,5,4,1,3,3,4,2,No,Excellent culture and very clear career growth opportunities
10810,38,Male,Married,Technology,Senior Developer,5,Finance,Mumbai,70438,19,3,4,8,7,6,19,9,52,Travel_Rarely,Yes,5,4,4,2,3,1,2,Yes,Poor management decisions causing frustration across the team
10811,45,Male,Single,Operations,Ops Executive,3,Computer Science,Pune,24457,13,0,6,4,6,3,13,8,49,Travel_Rarely,Yes,4,2,1,1,3,3,2,Yes,"It is an okay place to work, nothing exceptional about it"
10812,29,Female,Married,Technology,QA Engineer,2,HR Management,Pune,205701,18,2,5,1,3,0,33,4,49,Travel_Frequently,No,4,1,4,4,1,3,2,Yes,Job is fine but I am looking for more interesting challenges
10813,48,Male,Married,Finance,Senior Accountant,5,Marketing,Chennai,48922,14,0,12,2,3,9,19,9,19,Travel_Rarely,Yes,6,4,2,4,2,1,3,Yes,Management doesnt listen and salary is way below market rate
10814,44,Female,Married,Marketing,SEO Analyst,1,Computer Science,Bhubaneswar,155892,23,2,3,6,4,0,32,7,24,Non-Travel,Yes,4,3,2,1,4,3,4,Yes,"No growth at all, stuck in same role for many years now"
10815,29,Female,Married,Marketing,Content Writer,4,Business Administration,Chennai,178822,15,2,12,6,9,0,15,2,27,Travel_Frequently,No,2,2,3,1,1,4,3,Yes,I feel undervalued and underpaid compared to industry standards
10816,29,Male,Divorced,Sales,Sales Lead,2,HR Management,Bengaluru,123122,14,3,3,9,4,9,11,1,36,Non-Travel,No,3,2,2,2,3,2,4,No,"Very happy with my role, the team is fantastic and supportive"
10817,47,Female,Married,Operations,Supply Chain Analyst,4,Engineering,Chennai,117020,19,3,9,0,0,4,23,1,43,Travel_Rarely,No,4,4,2,1,2,1,1,No,"Career growth is excellent here, very satisfied with my job"
10818,34,Male,Divorced,Technology,Senior Developer,5,Marketing,Pune,249618,21,3,19,9,7,6,5,3,17,Travel_Frequently,No,3,4,2,2,2,3,4,No,Great work life balance and very interesting projects daily
10819,49,Female,Married,Technology,QA Engineer,3,Business Administration,Chennai,183862,20,2,0,3,9,8,22,2,56,Non-Travel,No,5,3,4,4,2,2,2,Yes,Work is okay but salary could definitely be better though
10820,46,Male,Married,HR,HR Manager,4,Business Administration,Hyderabad,103405,16,1,7,5,4,7,18,4,10,Travel_Rarely,Yes,2,3,2,3,2,4,3,Yes,Management doesnt listen and salary is way below market rate
10821,37,Female,Single,Sales,Account Manager,1,Engineering,Bhubaneswar,131130,16,1,6,7,2,1,7,8,54,Travel_Frequently,No,6,3,1,4,3,4,2,Yes,Job is fine but I am looking for more interesting challenges
10822,23,Male,Married,HR,HR Business Partner,2,Business Administration,Pune,180493,10,2,4,2,2,8,33,5,17,Travel_Frequently,No,5,3,3,4,4,1,4,No,"I love working here, great team and management support"
10823,39,Male,Divorced,HR,Recruiter,1,HR Management,Mumbai,83038,11,2,2,2,3,3,3,5,44,Travel_Rarely,No,2,2,4,3,3,2,4,No,"Good colleagues, strong learning opportunities and recognition"
10824,38,Female,Single,HR,HR Business Partner,4,Engineering,Chennai,228273,16,3,14,7,6,9,28,6,10,Non-Travel,Yes,5,4,1,3,2,4,1,Yes,I feel undervalued and underpaid compared to industry standards
10825,51,Female,Single,Operations,Supply Chain Analyst,3,Business Administration,Pune,77325,17,3,16,7,4,4,1,5,10,Travel_Rarely,No,1,1,4,3,3,1,4,Yes,"It is an okay place to work, nothing exceptional about it"
10826,34,Male,Single,Operations,Process Analyst,3,Engineering,Mumbai,40600,13,3,12,7,0,4,22,5,38,Travel_Rarely,No,1,4,2,4,2,3,4,No,Management is supportive and salary is competitive and fair
10827,53,Female,Single,Finance,Finance Manager,1,Engineering,Mumbai,175466,15,1,14,0,4,3,19,7,17,Travel_Rarely,Yes,4,4,4,1,3,2,2,Yes,"No growth at all, stuck in same role for many years now"
10828,50,Female,Divorced,Finance,Senior Accountant,5,Computer Science,Bengaluru,225694,20,1,18,7,4,5,14,6,26,Travel_Frequently,No,3,3,4,4,4,4,4,No,Management is supportive and salary is competitive and fair
10829,51,Female,Divorced,HR,Recruiter,5,Computer Science,Bengaluru,182243,21,2,19,7,5,0,3,2,26,Non-Travel,Yes,5,3,3,1,2,3,4,Yes,Management doesnt listen and salary is way below market rate
10830,39,Male,Married,Sales,Sales Lead,3,Computer Science,Pune,245611,19,1,13,1,6,1,19,1,51,Non-Travel,No,2,2,4,2,3,2,3,Yes,Excessive workload with no work life balance whatsoever here
10831,34,Male,Single,Technology,QA Engineer,1,Business Administration,Pune,76526,12,3,12,8,4,3,33,1,34,Travel_Rarely,Yes,0,3,4,4,1,2,3,Yes,"Too much overtime, work life balance is completely terrible"
10832,42,Female,Married,Operations,Coordinator,1,Marketing,Hyderabad,28149,16,3,11,6,1,3,21,4,4,Travel_Frequently,No,1,2,3,3,4,2,1,Yes,"It is an okay place to work, nothing exceptional about it"
10833,51,Female,Married,Sales,BD Executive,1,HR Management,Bhubaneswar,176466,20,3,8,7,1,7,1,2,50,Travel_Rarely,No,1,4,4,4,1,4,1,No,Great work life balance and very interesting projects daily
10834,42,Male,Divorced,Marketing,Marketing Manager,4,Business Administration,Bhubaneswar,160468,12,3,2,1,3,8,26,6,27,Travel_Frequently,No,5,4,4,4,3,2,2,No,"It is an okay place to work, nothing exceptional about it"
10835,38,Female,Married,Operations,Coordinator,5,Computer Science,Pune,169396,20,3,10,3,0,3,10,9,21,Travel_Frequently,No,6,4,1,3,4,3,2,No,Management is supportive and salary is competitive and fair
10836,40,Male,Single,Operations,Process Analyst,5,Engineering,Bengaluru,193270,16,0,9,6,6,5,13,8,36,Travel_Frequently,Yes,0,2,1,2,4,4,3,Yes,Job is fine but I am looking for more interesting challenges
10837,36,Female,Married,Finance,Tax Analyst,4,Business Administration,Chennai,228777,21,2,0,5,0,3,6,4,38,Travel_Frequently,No,3,2,4,2,4,2,3,Yes,"It is an okay place to work, nothing exceptional about it"
10838,30,Female,Divorced,Technology,DevOps Engineer,2,Engineering,Hyderabad,127168,20,2,16,6,2,3,6,2,46,Travel_Frequently,No,3,2,4,2,3,3,3,Yes,Excessive workload with no work life balance whatsoever here
10839,31,Female,Married,Technology,Junior Developer,4,Engineering,Bhubaneswar,124813,21,1,12,0,9,8,16,1,31,Travel_Frequently,Yes,3,3,2,2,4,4,1,Yes,"Too much overtime, work life balance is completely terrible"
10840,52,Male,Married,Marketing,Brand Manager,1,Engineering,Pune,106779,20,3,13,7,6,3,8,7,7,Travel_Rarely,No,4,1,1,4,4,2,1,Yes,Work is okay but salary could definitely be better though
10841,44,Male,Single,Marketing,SEO Analyst,4,Finance,Bengaluru,177088,17,0,0,6,5,5,3,3,44,Non-Travel,No,4,3,2,4,1,1,4,Yes,Job is fine but I am looking for more interesting challenges
10842,51,Male,Married,Operations,Supply Chain Analyst,1,Marketing,Bengaluru,149266,12,3,1,3,6,8,5,6,34,Non-Travel,No,6,1,4,3,3,1,1,Yes,Excessive workload with no work life balance whatsoever here
10843,54,Male,Married,HR,HR Manager,3,HR Management,Bengaluru,47398,11,3,1,0,4,2,21,5,18,Non-Travel,No,5,3,2,1,2,2,4,No,Work is okay but salary could definitely be better though
10844,30,Female,Single,Finance,Financial Analyst,1,HR Management,Chennai,19789,21,1,6,7,7,6,31,5,24,Non-Travel,No,0,4,2,3,3,1,2,Yes,Work is okay but salary could definitely be better though
10845,22,Female,Married,Finance,Auditor,5,Computer Science,Mumbai,231767,15,0,8,9,5,6,14,2,13,Non-Travel,Yes,5,2,3,2,3,4,1,Yes,"It is an okay place to work, nothing exceptional about it"
10846,56,Male,Single,Operations,Operations Manager,4,Finance,Chennai,79967,13,0,3,6,3,0,19,9,13,Travel_Frequently,No,2,3,3,1,4,2,2,Yes,"Average experience overall, some good and some bad aspects"
10847,32,Female,Single,Sales,BD Executive,1,Business Administration,Bengaluru,207206,17,2,1,7,0,1,20,4,25,Travel_Rarely,No,0,2,4,3,1,3,4,Yes,"Too much overtime, work life balance is completely terrible"
10848,55,Female,Single,HR,L&D Specialist,2,Business Administration,Pune,216958,22,3,18,9,1,4,2,1,5,Travel_Rarely,Yes,2,3,1,2,1,1,2,Yes,"Average experience overall, some good and some bad aspects"
10849,37,Male,Single,Operations,Ops Executive,3,HR Management,Hyderabad,113837,24,0,4,0,5,7,7,2,39,Travel_Rarely,No,0,4,4,1,3,2,2,No,"I love working here, great team and management support"
10850,30,Female,Married,HR,HR Manager,2,Marketing,Chennai,171049,23,2,8,4,3,5,33,9,29,Travel_Rarely,No,4,2,1,1,2,4,1,Yes,Management doesnt listen and salary is way below market rate
10851,53,Female,Single,HR,L&D Specialist,2,Engineering,Pune,116967,11,0,12,8,2,6,6,7,44,Non-Travel,No,3,4,3,2,3,2,4,No,"Career growth is excellent here, very satisfied with my job"
10852,36,Male,Single,HR,HR Manager,2,Computer Science,Bengaluru,146201,13,3,11,4,6,2,7,2,57,Travel_Frequently,Yes,1,1,1,1,2,3,4,Yes,Work is okay but salary could definitely be better though
10853,33,Female,Divorced,Operations,Ops Executive,3,Marketing,Hyderabad,74683,11,2,18,9,6,5,18,7,46,Travel_Rarely,No,6,2,2,3,2,3,3,Yes,Poor management decisions causing frustration across the team
10854,54,Female,Married,Finance,Tax Analyst,3,HR Management,Bhubaneswar,60331,23,0,8,2,1,8,29,4,33,Travel_Rarely,No,0,3,2,3,3,2,1,No,"I love working here, great team and management support"
10855,35,Female,Married,Finance,Auditor,3,Finance,Bhubaneswar,49626,11,1,9,8,7,2,19,2,24,Non-Travel,No,0,2,3,3,4,2,1,Yes,Management doesnt listen and salary is way below market rate
10856,29,Male,Married,HR,HR Executive,3,Computer Science,Pune,194575,11,0,18,8,0,5,25,4,10,Travel_Rarely,Yes,6,1,4,1,4,2,4,Yes,Excessive workload with no work life balance whatsoever here
10857,29,Male,Married,Sales,BD Executive,2,HR Management,Hyderabad,173621,10,3,9,3,9,6,4,5,58,Travel_Frequently,No,1,1,1,1,2,2,1,Yes,"No growth at all, stuck in same role for many years now"
10858,48,Female,Single,Technology,Data Analyst,5,Business Administration,Pune,27342,13,1,11,3,6,4,13,4,25,Non-Travel,No,6,3,4,2,1,4,2,Yes,"No growth at all, stuck in same role for many years now"
10859,33,Female,Married,Operations,Ops Executive,5,Computer Science,Hyderabad,51417,11,0,13,7,9,9,32,3,41,Travel_Frequently,No,0,4,1,2,4,2,3,Yes,"Average experience overall, some good and some bad aspects"
10860,22,Female,Single,Technology,Junior Developer,3,HR Management,Hyderabad,222586,18,0,7,6,0,7,27,6,10,Non-Travel,No,6,2,3,1,4,4,4,Yes,I feel undervalued and underpaid compared to industry standards
10861,32,Male,Married,Sales,Sales Executive,4,Business Administration,Pune,198321,18,2,15,4,2,7,34,1,39,Travel_Rarely,No,3,4,2,3,2,2,1,No,Great work life balance and very interesting projects daily
10862,52,Male,Single,Operations,Operations Manager,1,Business Administration,Hyderabad,67664,20,3,16,5,2,5,28,8,16,Travel_Frequently,No,5,4,2,1,2,4,1,No,Job is fine but I am looking for more interesting challenges
10863,38,Male,Married,HR,HR Business Partner,4,Engineering,Chennai,249236,20,0,19,2,9,6,9,5,28,Travel_Frequently,No,1,3,1,4,2,3,2,Yes,"Average experience overall, some good and some bad aspects"
10864,54,Female,Married,Finance,Auditor,4,Finance,Bengaluru,23833,16,0,3,5,1,2,8,8,12,Non-Travel,No,1,2,4,3,4,1,1,Yes,Excessive workload with no work life balance whatsoever here
10865,53,Female,Married,Technology,Senior Developer,4,Engineering,Hyderabad,75658,15,0,5,7,9,6,21,4,44,Non-Travel,No,3,1,3,4,4,2,1,Yes,Excessive workload with no work life balance whatsoever here
10866,50,Female,Single,Marketing,Digital Marketer,5,HR Management,Chennai,245099,21,3,11,9,4,6,30,4,58,Travel_Rarely,Yes,3,3,3,2,1,2,2,Yes,Work is okay but salary could definitely be better though
10867,42,Female,Married,Marketing,Brand Manager,1,Marketing,Hyderabad,175545,12,1,17,8,3,3,29,5,32,Non-Travel,No,1,4,4,1,1,3,1,No,Management is supportive and salary is competitive and fair
10868,42,Female,Divorced,Sales,Account Manager,4,Engineering,Chennai,146809,23,3,6,2,5,9,9,5,51,Travel_Rarely,No,3,1,2,4,3,1,3,Yes,"No growth at all, stuck in same role for many years now"
10869,44,Male,Married,HR,L&D Specialist,3,Marketing,Pune,109965,21,2,4,7,1,3,13,6,29,Travel_Rarely,No,5,4,4,1,2,3,2,No,"I love working here, great team and management support"
10870,27,Female,Single,Technology,Junior Developer,5,Business Administration,Bhubaneswar,192719,23,2,9,2,3,2,18,5,45,Travel_Rarely,No,3,2,2,4,4,3,4,Yes,"No growth at all, stuck in same role for many years now"
10871,43,Female,Married,HR,HR Executive,3,HR Management,Mumbai,79054,24,3,5,1,6,9,22,5,53,Non-Travel,No,5,4,1,1,1,2,3,Yes,Management doesnt listen and salary is way below market rate
10872,29,Female,Divorced,Technology,Data Analyst,3,Finance,Hyderabad,16299,16,0,13,4,0,6,31,8,50,Travel_Rarely,Yes,3,1,3,3,2,2,1,Yes,Poor management decisions causing frustration across the team
10873,56,Male,Married,Sales,Sales Manager,4,Marketing,Mumbai,209353,10,0,5,3,2,4,10,6,27,Travel_Frequently,Yes,1,2,1,2,2,3,2,Yes,Work is okay but salary could definitely be better though
10874,32,Female,Married,Sales,Sales Lead,3,HR Management,Hyderabad,80875,18,1,13,4,0,2,9,2,26,Travel_Rarely,Yes,0,3,4,3,3,2,2,No,"It is an okay place to work, nothing exceptional about it"
10875,45,Male,Divorced,Marketing,Brand Manager,1,Marketing,Pune,178992,13,3,11,5,1,5,31,4,3,Travel_Rarely,Yes,2,4,4,2,2,2,1,No,"It is an okay place to work, nothing exceptional about it"
10876,42,Male,Divorced,HR,HR Executive,3,Engineering,Pune,200908,15,3,11,2,8,5,24,4,26,Travel_Rarely,Yes,1,2,1,3,1,2,4,Yes,Management doesnt listen and salary is way below market rate
10877,23,Male,Married,Operations,Operations Manager,4,HR Management,Chennai,188453,15,0,7,0,9,5,8,5,39,Non-Travel,No,6,2,4,2,3,1,3,Yes,Excessive workload with no work life balance whatsoever here
10878,40,Male,Married,Marketing,Content Writer,3,Engineering,Hyderabad,129286,20,2,9,3,4,1,20,6,1,Non-Travel,No,2,3,4,3,4,1,1,No,"It is an okay place to work, nothing exceptional about it"
10879,49,Male,Single,HR,HR Executive,5,Computer Science,Pune,231043,12,2,15,5,3,9,17,5,35,Travel_Rarely,No,3,3,4,1,3,2,4,No,"It is an okay place to work, nothing exceptional about it"
10880,38,Female,Married,Marketing,Content Writer,5,HR Management,Pune,113730,13,1,19,1,3,6,28,6,53,Non-Travel,No,3,1,3,3,2,3,2,Yes,Poor management decisions causing frustration across the team
10881,27,Female,Single,Operations,Ops Executive,5,Marketing,Hyderabad,71298,22,1,7,1,7,6,6,8,27,Travel_Rarely,No,0,2,3,4,2,1,2,Yes,Poor management decisions causing frustration across the team
10882,40,Male,Single,Finance,Tax Analyst,2,Computer Science,Chennai,170581,20,2,8,0,2,9,33,4,46,Travel_Rarely,Yes,3,2,2,4,1,3,2,Yes,Work is okay but salary could definitely be better though
10883,49,Male,Married,Finance,Senior Accountant,5,Engineering,Chennai,136035,19,3,12,8,3,3,28,3,4,Travel_Rarely,No,6,1,3,1,2,4,1,No,Job is fine but I am looking for more interesting challenges
10884,23,Male,Single,Finance,Senior Accountant,5,Engineering,Chennai,188167,12,1,19,2,1,5,1,9,19,Non-Travel,No,2,4,1,1,4,4,4,No,"Good colleagues, strong learning opportunities and recognition"
10885,25,Female,Married,Finance,Auditor,2,Marketing,Chennai,197596,22,0,16,1,5,3,24,3,22,Travel_Rarely,No,1,2,1,1,1,2,1,Yes,Job is fine but I am looking for more interesting challenges
10886,43,Female,Married,Technology,Senior Developer,5,Computer Science,Bhubaneswar,124825,15,3,18,3,8,3,6,8,6,Travel_Rarely,Yes,1,2,3,4,2,3,1,Yes,Excessive workload with no work life balance whatsoever here
10887,47,Male,Married,Finance,Tax Analyst,4,Business Administration,Hyderabad,130637,10,0,16,5,3,5,7,5,52,Non-Travel,Yes,6,4,1,3,4,3,3,Yes,Job is fine but I am looking for more interesting challenges
10888,57,Female,Married,Operations,Process Analyst,5,Finance,Bhubaneswar,212981,17,1,6,0,5,8,9,9,9,Non-Travel,No,5,3,4,1,1,4,3,Yes,Work is okay but salary could definitely be better though
10889,34,Female,Divorced,Sales,Sales Lead,5,Marketing,Pune,87618,17,2,0,8,3,6,16,3,11,Travel_Rarely,No,0,3,3,3,2,1,3,No,Work is okay but salary could definitely be better though
10890,53,Male,Single,Sales,Sales Executive,2,Engineering,Bhubaneswar,40532,18,1,19,8,1,1,34,8,22,Travel_Rarely,No,6,3,2,2,4,3,4,No,Management is supportive and salary is competitive and fair
10891,38,Male,Married,Technology,QA Engineer,4,HR Management,Chennai,123197,15,2,13,7,5,5,20,7,47,Non-Travel,No,2,1,2,3,4,3,2,Yes,Very high pressure with little or no recognition for work done
10892,57,Female,Divorced,Finance,Finance Manager,3,Computer Science,Pune,145860,10,3,16,5,6,4,23,7,9,Non-Travel,Yes,3,4,3,3,3,1,3,Yes,Work is okay but salary could definitely be better though
10893,40,Female,Married,Finance,Senior Accountant,1,Business Administration,Bhubaneswar,75285,12,1,12,3,3,5,23,9,29,Non-Travel,No,4,3,1,4,1,2,2,Yes,Poor management decisions causing frustration across the team
10894,56,Female,Married,Finance,Tax Analyst,4,Finance,Bhubaneswar,33866,24,1,1,1,6,7,4,8,43,Travel_Frequently,Yes,0,1,3,3,3,4,4,Yes,"Too much overtime, work life balance is completely terrible"
10895,49,Male,Divorced,Marketing,Marketing Manager,3,HR Management,Hyderabad,153665,10,1,13,7,7,7,10,3,58,Travel_Rarely,Yes,0,4,3,4,4,3,3,Yes,Excessive workload with no work life balance whatsoever here
10896,22,Male,Single,HR,Recruiter,4,Computer Science,Bhubaneswar,24495,24,3,0,6,2,2,11,6,10,Travel_Rarely,Yes,4,3,2,2,3,2,3,Yes,Management doesnt listen and salary is way below market rate
10897,39,Male,Married,Marketing,Content Writer,3,Business Administration,Pune,22837,22,0,4,3,1,8,9,6,34,Travel_Frequently,No,6,2,4,4,3,2,2,Yes,"No growth at all, stuck in same role for many years now"
10898,54,Female,Married,HR,HR Manager,3,Marketing,Chennai,222780,24,0,6,2,4,5,12,5,31,Travel_Rarely,Yes,1,2,4,2,3,2,1,Yes,Job is fine but I am looking for more interesting challenges
10899,33,Female,Single,Finance,Tax Analyst,4,Business Administration,Hyderabad,164752,14,2,18,5,1,6,17,3,22,Travel_Rarely,No,5,3,3,2,1,1,4,Yes,Poor management decisions causing frustration across the team
10900,29,Male,Married,Finance,Auditor,2,Marketing,Bhubaneswar,201548,12,1,13,0,9,8,32,9,46,Non-Travel,No,1,3,2,1,2,2,4,Yes,"Too much overtime, work life balance is completely terrible"
10901,45,Female,Divorced,Marketing,Marketing Manager,4,Computer Science,Hyderabad,45346,23,0,13,1,4,6,23,7,4,Travel_Rarely,Yes,1,1,2,3,3,3,3,Yes,"Average experience overall, some good and some bad aspects"
10902,37,Male,Married,Marketing,Digital Marketer,4,Business Administration,Mumbai,123621,11,3,14,6,9,9,15,4,2,Non-Travel,No,4,2,3,3,2,2,4,Yes,Job is fine but I am looking for more interesting challenges
10903,25,Female,Single,HR,HR Manager,3,Finance,Hyderabad,38412,12,1,4,2,5,8,28,6,5,Travel_Rarely,Yes,3,4,3,1,1,2,2,Yes,Poor management decisions causing frustration across the team
10904,48,Male,Single,Sales,Sales Manager,1,Business Administration,Chennai,234471,18,2,4,0,7,0,5,5,46,Non-Travel,No,3,3,3,1,2,2,1,Yes,I feel undervalued and underpaid compared to industry standards
10905,30,Female,Married,HR,HR Executive,3,Computer Science,Mumbai,133833,20,0,1,1,5,0,18,1,15,Non-Travel,No,5,4,4,3,1,4,1,No,"Career growth is excellent here, very satisfied with my job"
10906,37,Female,Single,Marketing,Digital Marketer,5,HR Management,Mumbai,176876,17,3,17,9,3,2,21,2,19,Non-Travel,Yes,5,3,3,1,2,3,4,Yes,"Average experience overall, some good and some bad aspects"
10907,33,Male,Married,Operations,Ops Executive,4,HR Management,Hyderabad,80206,22,3,8,9,2,8,15,1,38,Travel_Rarely,No,2,2,2,1,1,4,1,Yes,"It is an okay place to work, nothing exceptional about it"
10908,52,Male,Married,Marketing,SEO Analyst,4,Business Administration,Pune,25934,12,2,9,8,1,0,3,9,59,Travel_Frequently,Yes,2,3,3,2,4,4,2,Yes,Poor management decisions causing frustration across the team
10909,45,Male,Married,Operations,Operations Manager,2,Business Administration,Chennai,45723,20,0,17,6,0,0,26,9,15,Travel_Rarely,No,1,4,2,1,1,2,3,No,Great work life balance and very interesting projects daily
10910,35,Male,Married,Technology,Senior Developer,3,Marketing,Pune,142968,11,1,3,6,1,4,15,5,46,Travel_Frequently,No,4,2,2,1,2,2,3,Yes,Management doesnt listen and salary is way below market rate
10911,46,Male,Married,Marketing,Marketing Manager,2,Computer Science,Chennai,166477,14,3,7,9,1,7,20,8,8,Travel_Rarely,No,5,3,1,4,3,2,4,No,"Good colleagues, strong learning opportunities and recognition"
10912,55,Female,Single,Technology,QA Engineer,4,Marketing,Chennai,164820,21,2,17,7,4,1,21,4,20,Travel_Rarely,No,0,2,2,3,4,1,4,No,Job is fine but I am looking for more interesting challenges
10913,24,Male,Single,Sales,Sales Lead,3,Finance,Pune,216838,21,3,19,7,8,3,26,1,12,Non-Travel,No,3,1,1,4,3,3,4,Yes,Job is fine but I am looking for more interesting challenges
10914,45,Male,Married,HR,HR Executive,3,HR Management,Bengaluru,192485,22,3,16,8,0,5,23,4,4,Travel_Frequently,No,6,4,3,1,2,1,3,No,Management is supportive and salary is competitive and fair
10915,30,Male,Married,Operations,Ops Executive,5,Engineering,Mumbai,168426,21,0,15,1,3,0,25,7,53,Non-Travel,No,4,3,1,1,3,3,4,Yes,Poor management decisions causing frustration across the team
10916,47,Male,Married,HR,HR Executive,5,Engineering,Hyderabad,220562,10,0,17,7,9,3,4,2,38,Travel_Rarely,No,5,3,4,4,3,2,1,Yes,Work is okay but salary could definitely be better though
10917,41,Male,Married,Technology,Data Analyst,1,Computer Science,Pune,136988,13,1,6,7,6,3,10,2,43,Travel_Rarely,No,2,3,4,1,1,3,3,Yes,"No growth at all, stuck in same role for many years now"
10918,31,Female,Divorced,Operations,Operations Manager,5,Computer Science,Pune,234747,17,3,0,4,9,8,22,6,55,Travel_Rarely,No,5,4,4,2,2,3,2,Yes,Very high pressure with little or no recognition for work done
10919,40,Male,Single,HR,HR Manager,3,Engineering,Hyderabad,163460,10,2,0,4,2,8,3,9,54,Non-Travel,No,3,1,3,4,3,4,4,Yes,Work is okay but salary could definitely be better though
10920,24,Male,Single,Marketing,Marketing Manager,5,Computer Science,Mumbai,51523,14,3,17,3,7,5,19,3,39,Travel_Rarely,Yes,5,4,2,4,3,3,3,Yes,Poor management decisions causing frustration across the team
10921,45,Male,Single,Finance,Senior Accountant,1,HR Management,Hyderabad,116150,21,2,3,4,2,7,31,7,57,Travel_Frequently,No,3,3,4,3,3,3,4,Yes,Work is okay but salary could definitely be better though
10922,26,Female,Married,Technology,Junior Developer,4,Finance,Chennai,135950,13,3,19,1,7,9,9,9,36,Travel_Frequently,No,4,4,1,4,2,4,3,Yes,I feel undervalued and underpaid compared to industry standards
10923,24,Female,Married,HR,HR Manager,5,Finance,Bengaluru,203765,15,2,19,1,1,3,29,9,58,Travel_Frequently,No,5,3,3,2,4,1,3,Yes,"Too much overtime, work life balance is completely terrible"
10924,48,Male,Married,Technology,Junior Developer,3,Marketing,Chennai,181804,16,3,3,4,4,9,7,4,15,Travel_Rarely,Yes,5,4,3,1,3,3,3,No,"Good colleagues, strong learning opportunities and recognition"
10925,37,Male,Married,Technology,QA Engineer,4,HR Management,Bengaluru,56646,18,3,5,2,3,7,24,2,1,Travel_Rarely,No,2,2,1,4,3,1,2,No,Job is fine but I am looking for more interesting challenges
10926,36,Female,Divorced,Operations,Coordinator,3,Computer Science,Hyderabad,167093,10,1,2,0,8,2,8,1,31,Non-Travel,No,4,4,1,4,4,1,3,No,Excellent culture and very clear career growth opportunities
10927,56,Female,Divorced,Operations,Process Analyst,4,Computer Science,Chennai,239310,20,0,5,8,2,1,34,6,9,Travel_Frequently,Yes,0,3,3,3,4,2,1,Yes,Excessive workload with no work life balance whatsoever here
10928,33,Female,Single,Finance,Financial Analyst,3,Marketing,Mumbai,247131,19,0,12,1,4,5,26,5,23,Travel_Rarely,No,3,3,3,3,4,3,4,No,Job is fine but I am looking for more interesting challenges
10929,47,Male,Married,Marketing,SEO Analyst,5,Marketing,Chennai,67776,13,2,6,9,9,4,28,6,52,Travel_Rarely,No,6,4,2,1,3,4,4,No,Great work life balance and very interesting projects daily
10930,55,Male,Married,Technology,Junior Developer,5,Computer Science,Pune,34116,15,3,3,1,8,7,28,7,26,Travel_Frequently,Yes,6,4,3,4,1,4,4,Yes,"No growth at all, stuck in same role for many years now"
10931,44,Female,Single,HR,HR Executive,1,Computer Science,Bengaluru,218081,19,3,0,3,5,0,7,9,40,Travel_Rarely,No,4,2,1,2,2,2,3,Yes,"Too much overtime, work life balance is completely terrible"
10932,52,Male,Married,Sales,Account Manager,4,HR Management,Bengaluru,127858,16,0,5,1,1,9,3,6,44,Travel_Rarely,No,6,1,3,1,3,4,4,Yes,Poor management decisions causing frustration across the team
10933,41,Female,Married,Technology,QA Engineer,1,Marketing,Mumbai,234343,16,2,4,6,0,2,22,6,39,Non-Travel,No,4,1,3,2,4,3,1,Yes,"It is an okay place to work, nothing exceptional about it"
10934,33,Female,Single,Technology,DevOps Engineer,2,HR Management,Bengaluru,246069,17,1,12,9,0,6,18,3,18,Travel_Rarely,No,6,2,1,4,4,1,1,Yes,Job is fine but I am looking for more interesting challenges
10935,44,Female,Married,Finance,Auditor,5,Business Administration,Bengaluru,91620,23,1,18,0,6,9,12,8,33,Travel_Frequently,No,0,1,2,1,4,1,1,Yes,Work is okay but salary could definitely be better though
10936,25,Male,Married,Marketing,Content Writer,4,Computer Science,Mumbai,190843,19,1,3,1,1,3,31,9,41,Travel_Rarely,No,4,1,3,3,4,4,2,Yes,Work is okay but salary could definitely be better though
10937,44,Female,Single,Sales,Sales Executive,1,Engineering,Chennai,174828,17,3,5,4,6,9,5,1,39,Non-Travel,No,3,3,4,3,1,4,1,Yes,Job is fine but I am looking for more interesting challenges
10938,22,Female,Married,Operations,Supply Chain Analyst,1,Engineering,Hyderabad,97604,17,2,12,1,0,4,29,6,14,Non-Travel,Yes,6,3,4,2,2,4,1,Yes,"No growth at all, stuck in same role for many years now"
10939,46,Male,Single,Operations,Supply Chain Analyst,2,Business Administration,Chennai,109452,17,0,4,8,3,7,14,7,58,Travel_Rarely,No,1,3,1,1,1,1,4,Yes,I feel undervalued and underpaid compared to industry standards
10940,23,Female,Married,HR,HR Manager,1,Computer Science,Pune,148991,21,3,12,3,9,0,18,8,1,Travel_Rarely,Yes,1,4,1,2,1,3,3,Yes,Excessive workload with no work life balance whatsoever here
10941,51,Male,Single,Sales,Sales Lead,3,Marketing,Pune,38550,24,3,9,8,3,0,7,8,13,Non-Travel,No,2,4,1,3,2,3,4,No,Job is fine but I am looking for more interesting challenges
10942,24,Female,Divorced,Operations,Ops Executive,5,Engineering,Bengaluru,182596,17,1,2,0,4,6,23,7,52,Travel_Rarely,Yes,0,1,4,4,3,3,2,Yes,"Too much overtime, work life balance is completely terrible"
10943,42,Male,Married,HR,HR Executive,1,Marketing,Pune,200678,15,2,12,0,9,8,33,8,15,Travel_Rarely,No,2,4,1,3,3,3,2,Yes,Poor management decisions causing frustration across the team
10944,46,Female,Single,Marketing,Brand Manager,1,Engineering,Hyderabad,214891,18,2,11,0,0,3,16,9,37,Travel_Rarely,No,1,3,4,4,1,3,2,Yes,I feel undervalued and underpaid compared to industry standards
10945,41,Female,Married,HR,L&D Specialist,2,Marketing,Bengaluru,85227,12,1,3,3,6,7,25,7,5,Non-Travel,No,0,4,2,2,2,2,1,No,"Career growth is excellent here, very satisfied with my job"
10946,43,Female,Married,Operations,Coordinator,3,Engineering,Pune,38212,15,1,9,8,1,9,9,3,14,Travel_Rarely,No,4,1,1,2,4,4,1,Yes,"It is an okay place to work, nothing exceptional about it"
10947,42,Female,Married,Finance,Auditor,1,Marketing,Bhubaneswar,55118,14,1,2,7,1,6,28,9,14,Travel_Rarely,No,4,3,3,2,2,3,1,No,"Average experience overall, some good and some bad aspects"
10948,54,Female,Married,Finance,Auditor,5,Business Administration,Bhubaneswar,43602,24,3,16,6,7,1,9,1,46,Travel_Rarely,Yes,3,1,2,4,3,2,3,Yes,Management doesnt listen and salary is way below market rate
10949,36,Male,Married,Finance,Finance Manager,5,HR Management,Bhubaneswar,32540,24,3,8,0,8,4,12,8,5,Travel_Frequently,No,5,4,4,2,1,3,4,Yes,Work is okay but salary could definitely be better though
10950,36,Male,Single,Operations,Coordinator,1,Marketing,Bhubaneswar,181901,17,3,0,2,5,8,18,6,11,Non-Travel,No,1,2,1,2,4,4,1,Yes,Job is fine but I am looking for more interesting challenges
10951,46,Female,Single,Finance,Financial Analyst,3,HR Management,Chennai,202381,13,0,17,8,0,8,27,3,32,Travel_Rarely,No,4,2,3,1,3,3,2,Yes,Management doesnt listen and salary is way below market rate
10952,42,Female,Married,Sales,Sales Executive,5,HR Management,Bhubaneswar,211475,13,0,8,8,0,2,26,9,51,Travel_Rarely,Yes,0,3,4,4,4,3,3,Yes,"It is an okay place to work, nothing exceptional about it"
10953,45,Female,Married,Marketing,Brand Manager,5,Computer Science,Bengaluru,86455,22,2,19,4,6,2,26,6,5,Travel_Rarely,No,5,1,2,2,2,3,3,Yes,"Average experience overall, some good and some bad aspects"
10954,26,Male,Married,HR,HR Executive,3,Business Administration,Mumbai,37277,24,1,8,5,7,1,10,7,36,Travel_Rarely,No,5,2,3,2,2,4,2,Yes,Work is okay but salary could definitely be better though
10955,27,Male,Married,HR,HR Manager,3,HR Management,Chennai,134133,19,1,1,5,2,6,17,2,15,Non-Travel,No,4,2,2,4,3,1,1,Yes,"Average experience overall, some good and some bad aspects"
10956,44,Female,Married,Operations,Process Analyst,1,Finance,Mumbai,205745,20,3,18,9,8,5,32,1,53,Travel_Rarely,Yes,2,3,1,4,3,4,3,Yes,Poor management decisions causing frustration across the team
10957,25,Male,Married,Finance,Financial Analyst,4,HR Management,Bengaluru,163748,19,0,15,3,3,4,24,1,7,Travel_Rarely,No,2,3,3,3,4,1,2,No,"It is an okay place to work, nothing exceptional about it"
10958,48,Female,Single,Finance,Finance Manager,2,Marketing,Bengaluru,188916,22,1,2,0,3,6,8,3,5,Travel_Rarely,Yes,2,1,1,3,4,2,1,Yes,"Average experience overall, some good and some bad aspects"
10959,39,Female,Single,Technology,DevOps Engineer,4,HR Management,Hyderabad,210780,14,2,15,4,2,3,30,3,30,Non-Travel,Yes,5,2,4,1,2,2,3,Yes,Management doesnt listen and salary is way below market rate
10960,42,Female,Divorced,Marketing,Marketing Manager,4,Marketing,Chennai,24752,20,1,12,0,7,4,26,8,15,Non-Travel,Yes,2,1,4,2,1,3,3,Yes,Excessive workload with no work life balance whatsoever here
10961,49,Male,Married,Sales,Sales Executive,5,Marketing,Mumbai,227620,22,3,2,0,8,8,24,7,30,Travel_Rarely,No,2,1,2,4,4,3,4,Yes,Management doesnt listen and salary is way below market rate
10962,56,Female,Married,HR,L&D Specialist,3,Finance,Bhubaneswar,220783,22,3,9,4,0,8,27,8,14,Non-Travel,Yes,5,3,1,2,2,3,4,Yes,I feel undervalued and underpaid compared to industry standards
10963,43,Female,Single,Technology,Data Analyst,5,HR Management,Bengaluru,186742,24,0,17,4,1,3,15,1,24,Travel_Rarely,No,3,1,1,3,1,4,3,Yes,Work is okay but salary could definitely be better though
10964,44,Female,Married,Technology,DevOps Engineer,2,HR Management,Bhubaneswar,213675,15,2,5,6,0,5,28,4,24,Non-Travel,Yes,2,4,3,3,3,3,3,No,Excellent culture and very clear career growth opportunities
10965,24,Male,Divorced,Operations,Operations Manager,1,Engineering,Mumbai,177550,24,2,5,1,3,1,11,8,35,Travel_Rarely,No,3,1,4,3,3,1,3,Yes,Work is okay but salary could definitely be better though
10966,31,Male,Single,HR,Recruiter,2,Engineering,Chennai,172511,20,1,17,5,9,2,2,2,5,Travel_Frequently,No,3,2,1,4,4,2,4,Yes,"Too much overtime, work life balance is completely terrible"
10967,46,Male,Married,Operations,Process Analyst,5,Computer Science,Pune,180819,13,2,5,1,6,8,9,7,12,Travel_Rarely,Yes,4,1,1,2,1,2,1,Yes,Very high pressure with little or no recognition for work done
10968,29,Female,Married,Sales,Account Manager,5,Marketing,Pune,140332,11,1,5,9,6,5,23,8,20,Travel_Rarely,No,5,4,1,4,2,2,4,No,"Career growth is excellent here, very satisfied with my job"
10969,32,Male,Married,Technology,Data Analyst,5,Finance,Bengaluru,175882,21,1,12,4,5,7,33,9,46,Travel_Frequently,No,0,4,4,2,4,1,2,No,"I love working here, great team and management support"
10970,26,Female,Married,Technology,QA Engineer,5,Engineering,Hyderabad,33302,21,0,13,3,4,4,19,7,5,Travel_Rarely,No,2,2,4,1,2,3,3,No,"Very happy with my role, the team is fantastic and supportive"
10971,50,Male,Divorced,Marketing,Content Writer,4,HR Management,Bhubaneswar,81236,23,2,6,9,3,1,13,9,56,Travel_Rarely,No,0,2,4,3,1,1,2,Yes,Job is fine but I am looking for more interesting challenges
10972,26,Female,Single,Sales,Account Manager,1,Computer Science,Bengaluru,79467,11,3,12,4,7,6,14,2,36,Travel_Frequently,No,1,1,2,3,4,1,2,Yes,I feel undervalued and underpaid compared to industry standards
10973,30,Male,Single,Technology,DevOps Engineer,4,Finance,Hyderabad,117350,21,1,14,1,6,5,32,1,21,Travel_Rarely,No,3,4,4,3,1,4,2,Yes,Excessive workload with no work life balance whatsoever here
10974,23,Female,Divorced,Sales,Sales Executive,5,Business Administration,Bhubaneswar,180913,12,1,11,7,9,1,22,1,48,Travel_Rarely,No,6,4,4,3,1,4,4,Yes,"Average experience overall, some good and some bad aspects"
10975,22,Male,Married,HR,L&D Specialist,3,HR Management,Mumbai,190785,11,1,0,7,0,5,20,4,39,Travel_Rarely,No,1,1,4,4,1,2,4,Yes,Excessive workload with no work life balance whatsoever here
10976,51,Male,Single,Finance,Auditor,4,HR Management,Pune,195618,10,2,2,5,5,7,33,1,3,Travel_Frequently,No,3,2,3,3,2,1,1,Yes,Management doesnt listen and salary is way below market rate
10977,32,Male,Married,Technology,Senior Developer,5,Business Administration,Hyderabad,18048,23,2,17,2,1,0,5,7,29,Non-Travel,No,2,4,3,2,3,2,2,No,Great work life balance and very interesting projects daily
10978,49,Female,Married,Marketing,Brand Manager,5,Marketing,Bhubaneswar,179362,17,2,7,3,3,3,20,8,54,Non-Travel,Yes,1,1,1,2,4,1,2,Yes,"Too much overtime, work life balance is completely terrible"
10979,33,Male,Married,HR,HR Business Partner,1,Marketing,Bengaluru,73906,21,1,1,0,4,0,14,3,25,Non-Travel,Yes,5,2,3,3,2,2,4,Yes,Poor management decisions causing frustration across the team
10980,47,Male,Single,Sales,Sales Lead,2,Engineering,Bhubaneswar,91637,14,3,3,8,7,1,27,1,27,Non-Travel,No,4,1,2,3,1,2,2,Yes,Excessive workload with no work life balance whatsoever here
10981,34,Male,Married,Operations,Operations Manager,4,Engineering,Bengaluru,44778,19,3,17,9,5,0,26,3,36,Travel_Rarely,No,1,2,2,4,2,3,4,No,Management is supportive and salary is competitive and fair
10982,29,Male,Single,HR,HR Executive,4,HR Management,Pune,173497,10,2,12,4,1,5,32,2,52,Travel_Frequently,Yes,3,2,1,4,1,2,3,Yes,I feel undervalued and underpaid compared to industry standards
10983,49,Female,Married,Technology,Junior Developer,4,HR Management,Pune,229460,22,3,14,7,4,5,30,6,22,Travel_Rarely,Yes,5,4,1,2,1,4,3,Yes,Management doesnt listen and salary is way below market rate
10984,51,Male,Married,Sales,BD Executive,5,Engineering,Bhubaneswar,135918,18,1,1,2,4,0,27,7,38,Non-Travel,No,3,3,2,2,1,1,2,Yes,Very high pressure with little or no recognition for work done
10985,30,Female,Married,Finance,Auditor,1,Business Administration,Bhubaneswar,105036,17,2,9,3,5,3,26,9,35,Travel_Rarely,No,0,4,2,1,1,2,1,No,"Good colleagues, strong learning opportunities and recognition"
10986,52,Female,Single,HR,L&D Specialist,5,Engineering,Bengaluru,204248,13,2,1,3,0,3,18,5,1,Travel_Rarely,Yes,6,1,2,2,2,1,4,Yes,I feel undervalued and underpaid compared to industry standards
10987,42,Female,Single,Technology,Junior Developer,5,HR Management,Bengaluru,158746,17,1,11,7,7,7,23,4,3,Travel_Rarely,No,6,2,1,1,1,2,3,Yes,I feel undervalued and underpaid compared to industry standards
10988,55,Female,Married,Marketing,Content Writer,3,Finance,Hyderabad,208474,22,2,4,8,2,5,24,1,24,Travel_Rarely,No,1,4,2,3,2,4,3,No,"I love working here, great team and management support"
10989,52,Male,Married,Operations,Coordinator,1,HR Management,Hyderabad,234803,21,1,11,2,4,1,4,6,8,Travel_Frequently,No,4,2,1,3,2,3,2,Yes,Work is okay but salary could definitely be better though
10990,46,Female,Married,Sales,Account Manager,4,Finance,Hyderabad,235979,22,2,0,6,6,4,3,8,48,Travel_Rarely,No,2,4,2,3,3,3,4,Yes,Management doesnt listen and salary is way below market rate
10991,33,Female,Married,HR,Recruiter,2,Finance,Bhubaneswar,179125,19,3,1,8,2,3,30,4,54,Non-Travel,Yes,0,1,2,2,2,1,2,Yes,Very high pressure with little or no recognition for work done
10992,22,Female,Married,HR,HR Executive,4,HR Management,Chennai,26957,16,2,15,1,9,9,16,1,39,Travel_Rarely,No,1,1,3,2,3,2,4,Yes,Work is okay but salary could definitely be better though
10993,43,Female,Single,Finance,Finance Manager,5,Computer Science,Chennai,87644,20,2,1,3,5,3,7,5,18,Travel_Rarely,Yes,0,1,2,3,3,4,1,Yes,Poor management decisions causing frustration across the team
10994,22,Male,Single,Finance,Financial Analyst,1,Engineering,Chennai,199688,24,2,15,2,4,7,22,5,41,Travel_Rarely,Yes,1,4,1,4,3,1,4,Yes,I feel undervalued and underpaid compared to industry standards
10995,22,Male,Single,Marketing,Brand Manager,1,Marketing,Chennai,128294,20,0,19,7,6,4,31,2,3,Non-Travel,No,6,3,2,3,2,3,3,Yes,"Too much overtime, work life balance is completely terrible"
10996,42,Female,Single,Operations,Operations Manager,1,HR Management,Hyderabad,32829,16,3,15,3,9,2,13,6,18,Non-Travel,Yes,2,1,4,1,3,1,2,Yes,Work is okay but salary could definitely be better though
10997,36,Female,Married,Marketing,Digital Marketer,3,Finance,Bhubaneswar,20837,10,1,5,8,2,9,29,9,16,Travel_Rarely,No,2,4,3,4,4,1,4,No,"Good colleagues, strong learning opportunities and recognition"
10998,38,Female,Divorced,Technology,DevOps Engineer,4,HR Management,Chennai,210213,15,0,12,0,1,3,28,6,32,Travel_Rarely,No,6,3,2,4,1,2,3,Yes,"Too much overtime, work life balance is completely terrible"
10999,43,Male,Married,Technology,Data Analyst,3,Engineering,Pune,161104,22,3,11,0,3,0,19,8,53,Travel_Rarely,Yes,4,4,2,2,2,4,2,Yes,Excessive workload with no work life balance whatsoever here
11000,56,Male,Single,Marketing,Digital Marketer,2,Business Administration,Mumbai,114770,13,2,9,3,2,5,23,3,1,Travel_Frequently,Yes,0,4,4,2,1,3,2,Yes,"No growth at all, stuck in same role for many years now"
11001,37,Male,Single,Operations,Ops Executive,5,Finance,Pune,41352,23,2,4,2,3,9,8,2,53,Travel_Frequently,No,4,1,4,1,2,3,1,Yes,I feel undervalued and underpaid compared to industry standards
11002,29,Male,Single,Marketing,Content Writer,3,Marketing,Bhubaneswar,45215,19,1,7,2,6,3,25,4,26,Non-Travel,Yes,1,3,4,3,3,4,3,Yes,Management doesnt listen and salary is way below market rate
11003,38,Male,Single,Operations,Operations Manager,3,Marketing,Bhubaneswar,202391,19,1,5,9,4,5,26,9,52,Travel_Rarely,No,2,4,4,3,4,2,4,No,"Very happy with my role, the team is fantastic and supportive"
11004,38,Female,Married,Operations,Ops Executive,5,Marketing,Mumbai,220714,19,3,4,1,3,1,3,9,48,Non-Travel,No,2,4,4,2,3,4,3,No,"Average experience overall, some good and some bad aspects"
11005,47,Male,Married,Sales,Account Manager,1,Business Administration,Bengaluru,56247,20,3,19,9,5,4,2,3,12,Travel_Rarely,No,3,4,4,2,2,4,2,No,"Very happy with my role, the team is fantastic and supportive"
11006,34,Male,Single,Operations,Operations Manager,5,Computer Science,Bengaluru,240374,21,1,5,9,6,8,5,1,38,Travel_Rarely,No,3,4,2,3,3,2,1,No,"I love working here, great team and management support"
11007,38,Female,Single,Finance,Tax Analyst,4,Finance,Bengaluru,144692,11,3,16,1,4,7,20,1,21,Non-Travel,No,6,1,1,4,4,2,4,Yes,I feel undervalued and underpaid compared to industry standards
11008,38,Male,Single,Operations,Coordinator,5,Business Administration,Hyderabad,189120,19,1,5,7,6,2,12,4,41,Travel_Rarely,Yes,4,4,2,1,1,3,1,Yes,Management doesnt listen and salary is way below market rate
11009,35,Male,Single,Operations,Coordinator,1,Finance,Bengaluru,221604,16,2,16,0,2,0,16,4,53,Travel_Frequently,No,0,3,2,1,1,3,1,Yes,Very high pressure with little or no recognition for work done
11010,27,Male,Married,Operations,Coordinator,5,Business Administration,Hyderabad,81714,18,1,4,7,6,9,29,6,13,Non-Travel,Yes,6,2,2,1,3,2,3,Yes,Very high pressure with little or no recognition for work done
11011,56,Female,Single,Technology,Junior Developer,3,Business Administration,Hyderabad,50319,22,0,16,9,2,2,21,5,56,Non-Travel,Yes,1,3,3,2,2,1,2,Yes,"Average experience overall, some good and some bad aspects"
11012,35,Male,Married,Finance,Auditor,2,Computer Science,Bengaluru,134058,14,1,16,2,5,7,21,6,12,Travel_Rarely,No,4,4,1,4,2,3,2,No,Work is okay but salary could definitely be better though
11013,29,Female,Married,Finance,Auditor,3,Finance,Bengaluru,31025,17,1,12,1,7,2,28,7,13,Travel_Rarely,No,2,4,1,1,1,2,4,Yes,Excessive workload with no work life balance whatsoever here
11014,36,Female,Divorced,Marketing,SEO Analyst,2,Business Administration,Mumbai,24780,14,0,6,8,5,4,6,7,18,Travel_Rarely,Yes,2,3,3,4,4,2,1,Yes,Poor management decisions causing frustration across the team
11015,48,Male,Divorced,Sales,Account Manager,5,Computer Science,Chennai,37706,23,0,5,4,9,1,20,9,19,Travel_Rarely,Yes,2,2,1,2,3,1,1,Yes,Job is fine but I am looking for more interesting challenges
11016,34,Male,Married,Operations,Supply Chain Analyst,4,HR Management,Mumbai,188988,16,0,13,4,2,0,13,6,19,Travel_Rarely,No,1,1,3,2,3,4,1,Yes,"It is an okay place to work, nothing exceptional about it"
11017,52,Male,Single,HR,HR Business Partner,5,Engineering,Hyderabad,90503,16,0,15,5,4,9,11,8,51,Travel_Rarely,No,6,2,2,3,1,2,3,Yes,Very high pressure with little or no recognition for work done
11018,56,Male,Married,Sales,Sales Manager,1,Business Administration,Mumbai,176928,18,1,2,3,8,4,24,2,6,Travel_Rarely,No,4,2,1,4,2,1,2,Yes,Management doesnt listen and salary is way below market rate
11019,27,Female,Married,Sales,Account Manager,5,Marketing,Hyderabad,118166,12,3,8,6,7,4,19,8,48,Travel_Rarely,No,1,2,2,4,3,1,1,Yes,"Too much overtime, work life balance is completely terrible"
11020,26,Male,Single,Finance,Financial Analyst,2,Computer Science,Bhubaneswar,24179,23,0,14,6,5,5,23,9,7,Travel_Rarely,No,5,3,4,4,2,3,1,Yes,"Average experience overall, some good and some bad aspects"
11021,43,Female,Married,Sales,BD Executive,3,Computer Science,Hyderabad,184695,10,2,17,8,8,1,31,4,7,Travel_Frequently,No,2,2,2,3,2,2,2,Yes,Work is okay but salary could definitely be better though
11022,44,Female,Divorced,Operations,Operations Manager,4,Business Administration,Hyderabad,163659,11,1,9,5,1,8,3,5,28,Non-Travel,No,3,1,1,1,1,3,4,Yes,"Too much overtime, work life balance is completely terrible"
11023,46,Female,Married,Operations,Ops Executive,5,Computer Science,Mumbai,169805,21,3,9,0,8,1,34,5,55,Non-Travel,No,4,4,2,1,2,4,3,No,Excellent culture and very clear career growth opportunities
11024,55,Female,Single,Technology,Junior Developer,5,HR Management,Chennai,234378,15,2,2,8,9,1,29,2,28,Non-Travel,Yes,3,3,2,2,4,4,3,Yes,"Too much overtime, work life balance is completely terrible"
11025,47,Female,Single,Operations,Process Analyst,3,Computer Science,Bhubaneswar,114423,23,1,0,9,9,4,3,5,19,Travel_Frequently,No,4,3,3,3,4,3,3,Yes,"Too much overtime, work life balance is completely terrible"
11026,26,Male,Married,Operations,Coordinator,4,Engineering,Pune,138076,19,1,2,8,5,8,15,9,16,Travel_Rarely,No,6,2,1,4,1,3,2,Yes,"Average experience overall, some good and some bad aspects"
11027,47,Female,Single,Finance,Finance Manager,5,Engineering,Pune,150047,19,2,4,4,8,3,7,4,17,Travel_Rarely,No,2,4,2,3,3,2,3,No,"Good colleagues, strong learning opportunities and recognition"
11028,41,Female,Married,Operations,Coordinator,5,Marketing,Chennai,224527,21,0,6,6,3,5,3,3,22,Travel_Frequently,No,3,4,3,2,2,2,1,No,Management is supportive and salary is competitive and fair
11029,27,Male,Married,Technology,DevOps Engineer,2,HR Management,Pune,90138,22,0,2,0,4,1,16,7,19,Travel_Frequently,Yes,3,4,1,1,4,2,3,Yes,"No growth at all, stuck in same role for many years now"
11030,27,Male,Single,HR,HR Business Partner,2,Engineering,Bhubaneswar,191535,23,2,3,3,1,3,34,8,48,Travel_Frequently,No,4,3,4,1,1,4,2,Yes,Work is okay but salary could definitely be better though
11031,39,Female,Divorced,Finance,Financial Analyst,1,Business Administration,Bengaluru,245668,18,3,16,9,2,8,20,6,29,Non-Travel,Yes,5,1,2,2,1,3,3,Yes,Work is okay but salary could definitely be better though
11032,25,Female,Married,HR,L&D Specialist,3,Finance,Bhubaneswar,188226,12,0,2,3,0,1,33,6,48,Travel_Frequently,No,5,4,2,3,2,1,4,No,"Very happy with my role, the team is fantastic and supportive"
11033,38,Male,Single,Finance,Senior Accountant,4,Finance,Mumbai,221748,19,1,3,4,3,0,14,5,19,Travel_Rarely,No,3,3,2,2,1,3,4,Yes,"No growth at all, stuck in same role for many years now"
11034,35,Female,Married,Marketing,Content Writer,5,Finance,Hyderabad,101706,11,1,1,5,1,3,11,6,47,Non-Travel,No,3,2,2,4,3,1,2,Yes,"It is an okay place to work, nothing exceptional about it"
11035,35,Male,Married,Sales,BD Executive,5,Business Administration,Hyderabad,131905,20,3,13,3,1,3,20,9,35,Travel_Rarely,No,6,4,2,4,2,2,2,No,"I love working here, great team and management support"
11036,34,Male,Married,Marketing,Brand Manager,1,Computer Science,Mumbai,43830,10,1,4,5,0,0,30,2,47,Travel_Rarely,No,2,2,4,2,3,2,4,No,"Very happy with my role, the team is fantastic and supportive"
11037,28,Female,Divorced,Operations,Operations Manager,5,Business Administration,Mumbai,125076,11,0,1,9,9,3,28,3,25,Non-Travel,No,4,4,4,4,4,3,3,No,"I love working here, great team and management support"
11038,36,Male,Married,HR,Recruiter,3,Computer Science,Hyderabad,218198,12,3,14,6,1,2,15,1,48,Travel_Rarely,No,4,2,1,4,4,1,1,Yes,I feel undervalued and underpaid compared to industry standards
11039,40,Female,Divorced,Operations,Process Analyst,1,Finance,Chennai,192817,16,0,10,2,3,1,13,4,20,Travel_Frequently,No,0,3,1,1,4,4,2,No,Job is fine but I am looking for more interesting challenges
11040,56,Female,Married,Sales,BD Executive,3,Marketing,Bengaluru,45609,11,3,9,8,5,9,24,2,37,Travel_Rarely,No,4,2,3,3,4,2,4,No,Excellent culture and very clear career growth opportunities
11041,38,Female,Married,Finance,Auditor,1,Marketing,Bengaluru,32401,22,2,19,7,6,3,1,6,19,Travel_Rarely,Yes,2,3,3,1,1,2,3,Yes,Excessive workload with no work life balance whatsoever here
11042,56,Male,Divorced,Sales,Sales Manager,5,Computer Science,Bengaluru,173801,14,1,0,0,6,7,24,1,42,Travel_Rarely,No,3,2,3,1,3,3,2,Yes,Job is fine but I am looking for more interesting challenges
11043,40,Female,Married,Technology,QA Engineer,1,Finance,Mumbai,118480,11,3,18,1,6,6,27,8,13,Travel_Frequently,No,6,2,4,3,1,3,3,Yes,"No growth at all, stuck in same role for many years now"
11044,41,Male,Single,Sales,Sales Executive,2,Business Administration,Hyderabad,133278,16,2,13,1,3,8,18,6,47,Non-Travel,No,0,2,1,1,1,4,1,Yes,"No growth at all, stuck in same role for many years now"
11045,57,Female,Married,Technology,Data Analyst,4,Marketing,Chennai,191239,19,0,13,9,4,7,26,9,12,Travel_Rarely,No,6,4,1,4,4,3,2,No,"Very happy with my role, the team is fantastic and supportive"
11046,56,Female,Married,Sales,BD Executive,5,Computer Science,Hyderabad,240253,17,2,0,8,2,0,29,6,49,Non-Travel,No,6,1,4,2,3,4,1,Yes,Very high pressure with little or no recognition for work done
11047,53,Male,Single,Technology,DevOps Engineer,4,Business Administration,Hyderabad,72391,17,0,8,8,0,1,8,7,15,Travel_Frequently,No,3,1,1,2,2,1,1,Yes,I feel undervalued and underpaid compared to industry standards
11048,45,Female,Divorced,HR,HR Executive,5,Finance,Chennai,141543,22,3,16,8,7,1,26,5,4,Non-Travel,No,4,4,2,3,2,4,1,No,Work is okay but salary could definitely be better though
11049,38,Female,Single,Operations,Coordinator,4,HR Management,Bhubaneswar,143886,24,3,13,0,9,7,5,8,15,Travel_Rarely,No,1,2,1,2,2,1,4,Yes,"It is an okay place to work, nothing exceptional about it"
11050,28,Male,Single,Operations,Ops Executive,2,Finance,Chennai,109583,17,1,12,6,6,3,33,8,17,Travel_Rarely,No,3,2,1,2,3,2,1,Yes,Job is fine but I am looking for more interesting challenges
11051,22,Male,Divorced,Marketing,SEO Analyst,4,Finance,Bhubaneswar,204243,19,1,12,2,8,8,5,9,27,Travel_Frequently,No,5,4,2,2,4,3,1,Yes,Management doesnt listen and salary is way below market rate
11052,56,Male,Married,Operations,Operations Manager,1,Business Administration,Pune,234168,24,3,5,8,9,1,13,6,11,Non-Travel,No,4,3,3,2,4,2,3,No,"Good colleagues, strong learning opportunities and recognition"
11053,53,Female,Single,Finance,Tax Analyst,4,Business Administration,Bhubaneswar,152719,18,0,6,7,3,3,17,1,55,Travel_Rarely,No,5,3,3,1,3,4,4,No,"Good colleagues, strong learning opportunities and recognition"
11054,57,Male,Married,Sales,Account Manager,5,Engineering,Bengaluru,167178,10,0,1,2,4,0,13,9,23,Non-Travel,Yes,2,4,3,4,4,4,4,Yes,Job is fine but I am looking for more interesting challenges
11055,34,Male,Married,Marketing,Brand Manager,3,Engineering,Bengaluru,21015,21,3,7,0,4,2,25,3,15,Travel_Frequently,No,5,1,4,4,3,4,4,Yes,"Average experience overall, some good and some bad aspects"
11056,27,Female,Single,Finance,Senior Accountant,4,Business Administration,Chennai,36506,10,0,5,8,6,5,2,9,52,Travel_Rarely,No,4,3,2,2,3,1,4,Yes,Excessive workload with no work life balance whatsoever here
11057,35,Male,Divorced,Finance,Financial Analyst,4,Business Administration,Bengaluru,39067,23,3,2,9,8,8,24,7,31,Travel_Rarely,No,0,4,2,3,2,2,1,No,"Average experience overall, some good and some bad aspects"
11058,36,Female,Married,Technology,Data Analyst,4,HR Management,Bengaluru,145819,24,1,17,0,7,0,25,3,53,Travel_Rarely,No,5,3,4,1,2,2,3,No,Work is okay but salary could definitely be better though
11059,25,Female,Married,Operations,Process Analyst,5,HR Management,Pune,17056,23,0,17,2,6,4,34,9,26,Travel_Rarely,No,1,4,2,2,1,4,1,Yes,Management doesnt listen and salary is way below market rate
11060,37,Male,Married,HR,HR Executive,4,Finance,Bengaluru,243327,23,1,5,5,0,1,12,7,7,Non-Travel,No,6,3,1,2,3,3,1,No,Excellent culture and very clear career growth opportunities
11061,49,Female,Married,HR,Recruiter,5,Marketing,Mumbai,44328,19,2,10,5,9,6,19,7,13,Travel_Rarely,No,1,3,3,3,2,2,4,Yes,Management doesnt listen and salary is way below market rate
11062,37,Male,Single,Marketing,Marketing Manager,5,HR Management,Mumbai,92712,11,1,2,9,5,3,30,7,54,Travel_Frequently,No,1,4,2,1,2,3,4,No,"Very happy with my role, the team is fantastic and supportive"
11063,25,Male,Single,HR,HR Manager,3,Finance,Mumbai,67832,20,2,15,3,9,4,1,2,13,Travel_Rarely,No,5,1,2,2,2,2,2,Yes,"It is an okay place to work, nothing exceptional about it"
11064,47,Male,Married,Sales,Sales Lead,1,Computer Science,Bhubaneswar,57771,24,1,4,1,8,7,3,4,52,Travel_Frequently,No,2,1,3,3,4,4,3,Yes,Job is fine but I am looking for more interesting challenges
11065,49,Male,Married,HR,L&D Specialist,5,Engineering,Chennai,112421,15,1,1,9,6,1,26,8,20,Non-Travel,No,1,3,4,1,2,4,4,Yes,Very high pressure with little or no recognition for work done
11066,53,Female,Single,Marketing,Content Writer,2,Marketing,Chennai,232877,23,0,14,5,0,2,15,2,34,Travel_Frequently,No,3,3,3,1,4,2,4,No,"It is an okay place to work, nothing exceptional about it"
11067,23,Female,Married,HR,Recruiter,4,Finance,Hyderabad,192587,10,1,15,9,8,4,28,4,10,Travel_Rarely,No,6,1,4,2,2,1,1,Yes,"Too much overtime, work life balance is completely terrible"
11068,52,Male,Married,Sales,Account Manager,2,Business Administration,Pune,79538,14,3,6,4,2,9,4,8,50,Travel_Rarely,No,2,4,4,3,4,1,1,No,Job is fine but I am looking for more interesting challenges
11069,24,Male,Single,Technology,Senior Developer,4,Computer Science,Mumbai,214722,24,0,15,5,8,3,19,3,52,Travel_Rarely,No,4,2,1,3,4,2,1,Yes,Job is fine but I am looking for more interesting challenges
11070,29,Female,Single,Marketing,Brand Manager,3,Engineering,Mumbai,225050,14,0,3,6,3,4,24,6,37,Travel_Rarely,No,0,3,3,2,2,4,4,No,"Average experience overall, some good and some bad aspects"
11071,45,Male,Single,Technology,QA Engineer,5,Computer Science,Bengaluru,55151,24,0,15,8,8,2,6,2,52,Travel_Rarely,No,2,2,2,2,3,2,3,Yes,I feel undervalued and underpaid compared to industry standards
11072,36,Female,Married,Technology,Junior Developer,1,Finance,Mumbai,147701,24,1,16,6,7,8,16,8,51,Travel_Rarely,No,6,3,4,2,1,3,4,Yes,"Too much overtime, work life balance is completely terrible"
11073,52,Male,Single,Technology,Junior Developer,5,HR Management,Bengaluru,98463,13,0,1,3,6,7,32,8,27,Travel_Rarely,No,6,1,1,3,1,4,4,Yes,Management doesnt listen and salary is way below market rate
11074,30,Female,Married,Finance,Finance Manager,4,Engineering,Bengaluru,111853,20,2,15,9,3,5,30,1,34,Non-Travel,No,0,4,3,1,3,1,3,No,"It is an okay place to work, nothing exceptional about it"
11075,23,Female,Married,Operations,Ops Executive,1,Computer Science,Hyderabad,104432,14,2,3,4,8,0,8,3,36,Travel_Rarely,No,2,3,4,2,2,1,4,No,"It is an okay place to work, nothing exceptional about it"
11076,29,Female,Married,Finance,Financial Analyst,5,HR Management,Bhubaneswar,43155,21,1,6,5,3,3,5,2,16,Travel_Rarely,Yes,4,2,1,4,3,2,4,Yes,"Too much overtime, work life balance is completely terrible"
11077,28,Male,Single,Operations,Ops Executive,1,Marketing,Bengaluru,164360,10,0,17,8,0,6,12,7,59,Travel_Rarely,No,0,1,2,4,2,3,3,Yes,"Average experience overall, some good and some bad aspects"
11078,37,Male,Married,Technology,DevOps Engineer,4,Finance,Bengaluru,65588,20,3,5,4,5,9,25,7,21,Travel_Rarely,Yes,6,3,4,2,2,4,4,Yes,Very high pressure with little or no recognition for work done
11079,56,Male,Married,Marketing,Marketing Manager,3,Finance,Chennai,233023,20,3,17,4,3,4,33,4,16,Travel_Rarely,No,2,4,4,4,2,1,2,No,Excellent culture and very clear career growth opportunities
11080,51,Male,Divorced,Operations,Supply Chain Analyst,3,Engineering,Hyderabad,182157,15,2,6,6,9,3,24,8,17,Travel_Rarely,Yes,6,3,2,1,2,2,2,Yes,Very high pressure with little or no recognition for work done
11081,31,Male,Divorced,Sales,BD Executive,5,Computer Science,Bengaluru,26251,16,1,1,1,2,8,11,3,15,Non-Travel,No,0,4,2,1,2,2,1,Yes,"No growth at all, stuck in same role for many years now"
11082,39,Female,Married,Sales,Sales Executive,2,Marketing,Pune,117420,17,1,18,2,4,7,1,9,13,Travel_Rarely,Yes,1,4,2,4,3,4,4,Yes,I feel undervalued and underpaid compared to industry standards
11083,26,Female,Married,HR,HR Manager,4,Business Administration,Bhubaneswar,171646,24,1,8,1,2,2,8,5,33,Non-Travel,No,6,1,4,3,3,2,3,Yes,I feel undervalued and underpaid compared to industry standards
11084,50,Female,Single,Operations,Coordinator,5,Engineering,Pune,24623,11,1,3,9,8,5,23,2,54,Travel_Rarely,No,1,3,1,2,1,2,3,Yes,"It is an okay place to work, nothing exceptional about it"
11085,55,Female,Single,Marketing,Content Writer,5,Business Administration,Mumbai,232544,24,1,13,9,5,3,20,9,5,Non-Travel,No,5,4,1,3,2,2,2,No,"Career growth is excellent here, very satisfied with my job"
11086,44,Female,Single,Finance,Financial Analyst,3,Engineering,Bhubaneswar,69715,24,0,4,1,2,6,32,1,27,Travel_Rarely,No,1,1,2,1,3,1,1,Yes,"Average experience overall, some good and some bad aspects"
11087,26,Female,Married,Technology,QA Engineer,1,Computer Science,Mumbai,21123,16,0,6,2,4,0,11,8,52,Travel_Rarely,No,3,3,1,4,3,1,4,Yes,"It is an okay place to work, nothing exceptional about it"
11088,51,Female,Single,HR,HR Business Partner,4,Marketing,Chennai,18061,15,0,7,5,7,0,7,6,1,Travel_Rarely,No,1,4,2,2,2,3,3,Yes,"Average experience overall, some good and some bad aspects"
11089,27,Male,Single,Sales,BD Executive,1,Computer Science,Bengaluru,121393,18,3,14,4,7,5,30,1,44,Travel_Rarely,Yes,1,1,2,4,2,4,3,Yes,Very high pressure with little or no recognition for work done
11090,25,Female,Divorced,Finance,Auditor,4,Finance,Hyderabad,117035,24,0,18,4,5,9,13,4,30,Non-Travel,No,4,3,3,4,3,4,4,No,"Average experience overall, some good and some bad aspects"
11091,50,Male,Single,Finance,Auditor,2,Business Administration,Pune,54095,17,1,10,1,4,6,3,3,23,Non-Travel,Yes,0,4,1,3,2,4,1,Yes,Work is okay but salary could definitely be better though
11092,44,Female,Single,Technology,Senior Developer,3,HR Management,Mumbai,205690,23,1,19,1,4,8,7,7,15,Travel_Rarely,No,0,1,4,3,4,4,2,Yes,"Too much overtime, work life balance is completely terrible"
11093,27,Female,Single,Operations,Operations Manager,2,Finance,Bengaluru,174523,20,3,3,0,0,6,13,7,36,Travel_Frequently,No,1,1,3,4,3,2,4,Yes,Excessive workload with no work life balance whatsoever here
11094,53,Male,Married,Sales,Account Manager,5,Finance,Pune,96897,23,3,17,2,1,8,25,6,19,Travel_Rarely,No,0,3,2,1,1,4,4,Yes,Excessive workload with no work life balance whatsoever here
11095,39,Female,Married,Marketing,Brand Manager,3,Business Administration,Pune,96443,24,2,13,6,3,9,23,8,30,Non-Travel,Yes,2,1,3,2,2,3,4,Yes,Job is fine but I am looking for more interesting challenges
11096,36,Male,Married,Finance,Tax Analyst,5,Engineering,Chennai,133005,13,3,5,4,5,8,33,7,16,Travel_Rarely,No,5,3,2,4,4,4,2,No,Great work life balance and very interesting projects daily
11097,53,Female,Married,Technology,Junior Developer,2,Finance,Chennai,49814,23,2,15,6,6,7,5,4,55,Travel_Rarely,No,6,3,2,4,1,4,3,Yes,Excessive workload with no work life balance whatsoever here
11098,30,Male,Married,Marketing,Content Writer,4,Marketing,Mumbai,100141,22,0,17,8,0,6,32,7,18,Travel_Rarely,Yes,1,4,2,4,1,2,4,Yes,"It is an okay place to work, nothing exceptional about it"
11099,31,Female,Married,Operations,Operations Manager,5,Finance,Bengaluru,243864,18,1,0,5,7,2,30,1,26,Travel_Frequently,Yes,5,3,1,4,1,2,4,Yes,"It is an okay place to work, nothing exceptional about it"
11100,41,Male,Divorced,Sales,Account Manager,1,Marketing,Hyderabad,222940,10,2,7,1,0,2,31,3,17,Travel_Rarely,No,1,1,2,3,2,2,4,Yes,"It is an okay place to work, nothing exceptional about it"
11101,27,Male,Married,Operations,Supply Chain Analyst,4,Computer Science,Mumbai,183904,20,2,0,0,8,4,13,2,11,Non-Travel,No,3,3,2,3,1,3,4,Yes,"It is an okay place to work, nothing exceptional about it"
11102,24,Female,Married,Finance,Finance Manager,4,Engineering,Pune,241084,15,2,0,0,3,6,5,7,52,Non-Travel,No,5,4,1,1,3,2,1,Yes,Job is fine but I am looking for more interesting challenges
11103,32,Female,Single,Marketing,Content Writer,2,Marketing,Pune,155517,17,3,18,9,6,9,23,9,45,Travel_Rarely,No,2,1,1,2,3,4,1,Yes,Job is fine but I am looking for more interesting challenges
11104,38,Male,Single,Marketing,SEO Analyst,2,Finance,Bhubaneswar,179562,20,3,9,8,5,6,1,5,56,Travel_Rarely,No,1,4,2,4,2,3,1,No,"Good colleagues, strong learning opportunities and recognition"
11105,53,Female,Single,Marketing,Brand Manager,3,Engineering,Bengaluru,44767,20,3,17,5,8,0,10,9,29,Non-Travel,No,1,2,1,1,2,1,3,Yes,Poor management decisions causing frustration across the team
11106,25,Male,Married,Finance,Tax Analyst,3,Engineering,Bhubaneswar,61057,13,2,11,5,1,7,27,8,54,Travel_Frequently,No,0,4,4,3,1,2,4,Yes,Poor management decisions causing frustration across the team
11107,25,Female,Married,Finance,Finance Manager,1,Marketing,Chennai,226818,11,0,16,3,6,0,8,1,9,Travel_Rarely,No,1,2,4,2,2,3,4,Yes,I feel undervalued and underpaid compared to industry standards
11108,38,Male,Married,Operations,Supply Chain Analyst,4,Marketing,Hyderabad,235767,20,1,0,1,4,3,3,2,49,Travel_Rarely,Yes,5,2,2,1,3,1,4,Yes,Excessive workload with no work life balance whatsoever here
11109,40,Female,Single,HR,Recruiter,1,HR Management,Mumbai,219172,11,3,7,9,6,1,19,6,17,Non-Travel,No,5,3,3,2,3,2,4,Yes,Poor management decisions causing frustration across the team
11110,26,Male,Married,Operations,Ops Executive,1,HR Management,Pune,187115,19,0,9,2,0,4,2,5,27,Travel_Frequently,No,1,1,1,2,3,1,2,Yes,"Average experience overall, some good and some bad aspects"
11111,53,Female,Divorced,Sales,Sales Manager,2,Engineering,Bengaluru,101755,10,3,9,2,9,5,31,7,37,Travel_Rarely,No,1,3,3,2,2,2,2,Yes,"It is an okay place to work, nothing exceptional about it"
11112,43,Male,Married,Technology,Senior Developer,1,Business Administration,Pune,42946,14,3,17,7,8,3,10,9,22,Non-Travel,No,1,1,4,3,3,3,2,Yes,"Average experience overall, some good and some bad aspects"
11113,27,Male,Married,Marketing,SEO Analyst,1,Business Administration,Chennai,182659,22,2,8,5,0,3,16,4,8,Travel_Frequently,Yes,3,4,2,4,2,2,4,Yes,Excessive workload with no work life balance whatsoever here
11114,56,Female,Married,HR,HR Manager,5,HR Management,Bhubaneswar,18364,15,2,1,6,4,6,20,8,3,Travel_Rarely,Yes,2,2,4,2,4,2,2,Yes,Job is fine but I am looking for more interesting challenges
11115,43,Female,Divorced,Technology,Data Analyst,3,Finance,Bhubaneswar,215926,13,3,2,8,7,3,3,4,38,Travel_Rarely,No,6,2,1,1,1,3,2,Yes,Management doesnt listen and salary is way below market rate
11116,22,Male,Married,HR,Recruiter,3,Computer Science,Mumbai,202160,13,1,1,0,0,1,34,3,35,Travel_Frequently,No,5,2,1,2,4,3,3,Yes,Very high pressure with little or no recognition for work done
11117,41,Male,Married,Operations,Supply Chain Analyst,4,Engineering,Bengaluru,92015,14,3,5,1,6,3,21,2,32,Travel_Rarely,No,3,4,2,2,3,4,3,No,Great work life balance and very interesting projects daily
11118,43,Male,Single,Finance,Senior Accountant,3,Computer Science,Chennai,153470,23,1,11,8,1,6,32,8,8,Travel_Frequently,No,6,4,1,3,1,4,2,Yes,Excessive workload with no work life balance whatsoever here
11119,32,Male,Single,Marketing,Content Writer,4,HR Management,Bengaluru,148524,24,0,18,4,6,0,18,8,44,Travel_Frequently,No,0,3,1,1,3,3,2,Yes,"No growth at all, stuck in same role for many years now"
11120,34,Female,Married,Operations,Operations Manager,5,Marketing,Mumbai,102208,14,3,14,3,6,3,34,3,59,Travel_Frequently,Yes,4,3,1,2,3,2,3,Yes,"It is an okay place to work, nothing exceptional about it"
11121,24,Male,Single,Technology,DevOps Engineer,3,Engineering,Chennai,138208,23,1,18,0,8,5,3,1,27,Non-Travel,No,1,1,3,3,4,1,2,Yes,Poor management decisions causing frustration across the team
11122,30,Male,Divorced,Technology,DevOps Engineer,5,HR Management,Chennai,179265,23,0,11,8,5,7,3,6,32,Travel_Rarely,No,5,1,2,3,3,3,4,Yes,"It is an okay place to work, nothing exceptional about it"
11123,33,Male,Single,Technology,QA Engineer,3,Finance,Bhubaneswar,225473,23,0,17,8,3,7,27,5,36,Travel_Rarely,No,6,2,2,4,1,1,2,Yes,"It is an okay place to work, nothing exceptional about it"
11124,44,Female,Divorced,Technology,Senior Developer,3,Engineering,Bhubaneswar,40345,23,2,15,3,6,8,2,8,34,Travel_Rarely,No,0,4,2,4,3,4,4,No,Great work life balance and very interesting projects daily
11125,35,Male,Married,Technology,Data Analyst,5,Engineering,Bhubaneswar,100895,18,0,1,8,6,4,3,6,25,Travel_Rarely,No,5,4,1,4,1,4,2,Yes,Job is fine but I am looking for more interesting challenges
11126,54,Female,Single,HR,L&D Specialist,1,Business Administration,Pune,220407,17,2,10,9,3,1,17,4,31,Non-Travel,Yes,4,3,1,2,4,3,1,Yes,"It is an okay place to work, nothing exceptional about it"
11127,39,Female,Divorced,Operations,Operations Manager,1,Marketing,Hyderabad,205268,18,0,11,0,1,2,19,2,42,Travel_Frequently,Yes,6,3,1,2,2,3,2,Yes,"Average experience overall, some good and some bad aspects"
11128,30,Female,Married,Marketing,Brand Manager,1,Engineering,Bhubaneswar,169125,22,0,4,4,8,1,19,8,47,Travel_Frequently,No,1,1,2,2,3,2,1,Yes,"Too much overtime, work life balance is completely terrible"
11129,44,Female,Married,Finance,Finance Manager,1,Marketing,Hyderabad,246500,23,1,5,0,7,8,5,5,13,Travel_Rarely,Yes,5,1,3,3,4,4,2,Yes,Job is fine but I am looking for more interesting challenges
11130,31,Female,Single,Finance,Auditor,3,HR Management,Hyderabad,144022,12,1,10,3,4,5,5,8,56,Non-Travel,Yes,1,3,4,2,3,4,2,Yes,Management doesnt listen and salary is way below market rate
11131,40,Female,Married,Operations,Coordinator,2,Finance,Bengaluru,229292,23,2,9,4,4,0,14,5,15,Non-Travel,Yes,4,3,2,3,1,3,4,Yes,I feel undervalued and underpaid compared to industry standards
11132,26,Female,Single,Operations,Coordinator,5,Finance,Mumbai,151087,12,3,3,2,0,2,27,6,54,Non-Travel,No,3,4,2,1,3,1,3,No,"It is an okay place to work, nothing exceptional about it"
11133,44,Male,Married,Finance,Auditor,2,Engineering,Pune,243273,10,1,8,1,8,6,21,5,51,Travel_Rarely,Yes,6,1,3,2,2,2,3,Yes,Very high pressure with little or no recognition for work done
11134,51,Male,Married,Finance,Financial Analyst,2,Engineering,Hyderabad,154729,23,0,11,5,9,6,5,3,50,Travel_Frequently,No,4,3,4,1,3,3,4,Yes,Management doesnt listen and salary is way below market rate
11135,46,Female,Married,HR,HR Manager,4,HR Management,Pune,66116,19,2,9,2,7,4,24,8,13,Non-Travel,No,4,3,4,4,2,1,3,No,"Very happy with my role, the team is fantastic and supportive"
11136,49,Male,Married,Sales,Sales Manager,1,Business Administration,Bengaluru,168023,22,2,13,9,4,2,24,3,52,Travel_Rarely,No,5,2,1,1,2,2,1,Yes,"It is an okay place to work, nothing exceptional about it"
11137,55,Male,Married,Marketing,Brand Manager,3,Business Administration,Bhubaneswar,112599,15,2,4,0,9,6,13,4,52,Travel_Rarely,No,6,3,4,1,3,1,1,No,Management is supportive and salary is competitive and fair
11138,46,Female,Single,Technology,Senior Developer,1,Business Administration,Chennai,244351,13,0,0,4,5,4,1,6,33,Non-Travel,No,2,3,1,3,4,2,2,Yes,Excessive workload with no work life balance whatsoever here
11139,31,Male,Married,Sales,Account Manager,1,Marketing,Hyderabad,41521,20,1,4,1,9,5,10,2,31,Travel_Rarely,No,1,4,2,3,3,2,1,No,"I love working here, great team and management support"
11140,35,Female,Single,Operations,Coordinator,2,Business Administration,Mumbai,69431,24,3,15,1,9,2,2,7,25,Travel_Rarely,No,6,3,3,3,2,2,3,Yes,"Average experience overall, some good and some bad aspects"
11141,51,Male,Married,Finance,Finance Manager,4,Finance,Chennai,25731,24,2,4,3,7,5,16,5,48,Travel_Frequently,No,5,1,2,3,4,4,1,Yes,Job is fine but I am looking for more interesting challenges
11142,46,Female,Married,Sales,Sales Manager,1,Marketing,Bengaluru,164816,23,0,4,3,5,6,16,5,58,Travel_Rarely,No,1,2,4,4,2,3,2,No,Excellent culture and very clear career growth opportunities
11143,35,Female,Divorced,Marketing,Content Writer,5,HR Management,Pune,78094,17,1,17,3,9,7,23,5,40,Travel_Rarely,No,3,4,2,1,2,4,1,No,Great work life balance and very interesting projects daily
11144,56,Male,Married,Operations,Operations Manager,5,Finance,Bhubaneswar,33423,11,1,5,6,3,1,26,2,23,Travel_Rarely,No,6,1,3,4,3,4,3,Yes,I feel undervalued and underpaid compared to industry standards
11145,55,Male,Married,Technology,DevOps Engineer,1,Finance,Pune,129612,20,3,17,0,2,1,16,9,38,Non-Travel,No,3,2,3,4,1,2,4,Yes,I feel undervalued and underpaid compared to industry standards
11146,31,Female,Married,Technology,Data Analyst,2,Computer Science,Mumbai,163640,11,2,9,7,6,5,27,3,3,Non-Travel,Yes,2,2,1,3,3,3,2,Yes,"It is an okay place to work, nothing exceptional about it"
11147,56,Female,Married,Marketing,Brand Manager,2,HR Management,Hyderabad,193483,16,0,14,9,1,7,30,7,52,Travel_Rarely,No,2,3,2,1,1,3,4,Yes,Work is okay but salary could definitely be better though
11148,32,Female,Single,Marketing,Brand Manager,3,HR Management,Mumbai,18934,22,1,10,8,6,4,33,5,16,Non-Travel,No,2,2,3,1,1,3,1,Yes,Work is okay but salary could definitely be better though
11149,32,Male,Married,Finance,Senior Accountant,4,Computer Science,Pune,91945,24,0,18,9,0,0,32,5,2,Non-Travel,No,3,2,3,4,3,3,2,No,Great work life balance and very interesting projects daily
11150,42,Male,Married,Technology,Senior Developer,2,Marketing,Pune,145443,14,1,12,5,9,0,9,4,23,Travel_Rarely,No,4,3,3,3,1,2,2,Yes,I feel undervalued and underpaid compared to industry standards
11151,42,Male,Divorced,Operations,Coordinator,3,Business Administration,Chennai,111946,22,2,19,3,4,9,11,6,34,Travel_Rarely,No,5,4,3,4,2,3,1,No,"Average experience overall, some good and some bad aspects"
11152,43,Male,Married,Sales,Sales Manager,5,Business Administration,Mumbai,111344,10,2,2,5,8,8,6,7,30,Non-Travel,Yes,1,3,4,1,4,1,2,Yes,Excessive workload with no work life balance whatsoever here
11153,28,Female,Married,Operations,Coordinator,5,Business Administration,Mumbai,154244,16,3,15,9,0,3,30,7,47,Non-Travel,No,1,4,2,3,3,1,1,No,Work is okay but salary could definitely be better though
11154,38,Female,Single,HR,HR Manager,5,Business Administration,Mumbai,42358,16,1,6,6,7,9,15,8,10,Travel_Rarely,No,5,2,2,4,1,4,4,Yes,Work is okay but salary could definitely be better though
11155,23,Female,Divorced,HR,L&D Specialist,1,Business Administration,Bhubaneswar,212385,19,0,11,5,8,0,30,5,1,Travel_Rarely,No,0,1,2,1,2,2,4,Yes,"No growth at all, stuck in same role for many years now"
11156,33,Female,Married,Marketing,Content Writer,4,Computer Science,Pune,144774,15,1,14,0,8,7,18,7,22,Travel_Rarely,No,3,4,4,2,4,4,3,No,"Career growth is excellent here, very satisfied with my job"
11157,39,Male,Single,Finance,Finance Manager,3,HR Management,Bengaluru,34763,13,0,7,4,7,1,12,4,52,Travel_Rarely,No,3,4,4,3,1,4,3,Yes,Management doesnt listen and salary is way below market rate
11158,32,Female,Single,HR,HR Executive,4,Marketing,Bhubaneswar,194745,21,3,16,7,3,1,4,9,47,Non-Travel,No,2,4,3,1,1,3,1,Yes,Excessive workload with no work life balance whatsoever here
11159,37,Female,Married,Technology,QA Engineer,1,Finance,Bhubaneswar,246794,22,1,0,7,6,0,16,5,56,Non-Travel,No,6,4,4,3,2,1,1,Yes,"No growth at all, stuck in same role for many years now"
11160,39,Male,Single,Operations,Coordinator,3,Business Administration,Bhubaneswar,242778,17,2,7,9,0,0,23,3,33,Non-Travel,No,6,2,1,1,4,1,4,Yes,"Too much overtime, work life balance is completely terrible"
11161,56,Male,Single,Operations,Coordinator,3,Computer Science,Chennai,100997,21,0,13,8,6,8,11,5,25,Non-Travel,No,5,1,4,3,4,3,2,Yes,"It is an okay place to work, nothing exceptional about it"
11162,47,Female,Single,Marketing,Brand Manager,2,Marketing,Bengaluru,82975,20,2,9,3,5,0,24,9,22,Travel_Frequently,No,0,4,3,2,2,3,1,No,"Average experience overall, some good and some bad aspects"
11163,37,Male,Single,Sales,Sales Lead,4,Marketing,Mumbai,153876,11,3,18,9,4,5,22,8,16,Travel_Rarely,No,0,1,2,4,4,2,2,Yes,Job is fine but I am looking for more interesting challenges
11164,27,Female,Married,Marketing,Content Writer,4,Marketing,Chennai,193666,11,3,7,5,0,6,15,1,30,Travel_Rarely,No,3,2,4,4,3,1,3,No,Job is fine but I am looking for more interesting challenges
11165,33,Male,Married,Sales,BD Executive,2,Computer Science,Pune,224820,11,0,18,6,7,3,15,5,18,Travel_Rarely,No,2,4,2,4,4,4,4,No,"I love working here, great team and management support"
11166,34,Male,Single,Marketing,Marketing Manager,5,Finance,Hyderabad,102189,12,1,3,4,9,4,10,6,24,Non-Travel,No,1,1,2,2,1,4,1,Yes,"It is an okay place to work, nothing exceptional about it"
11167,25,Female,Single,Marketing,Digital Marketer,1,Business Administration,Chennai,102507,15,2,9,7,0,3,28,2,5,Non-Travel,Yes,2,4,1,3,4,2,3,Yes,"Too much overtime, work life balance is completely terrible"
11168,23,Male,Single,Marketing,Digital Marketer,4,Marketing,Hyderabad,82525,10,2,2,2,0,3,17,6,53,Travel_Frequently,No,1,4,1,3,3,1,1,Yes,"It is an okay place to work, nothing exceptional about it"
11169,47,Female,Married,Sales,Sales Manager,2,Computer Science,Pune,219476,20,0,3,7,2,9,22,9,37,Travel_Frequently,No,6,2,4,1,3,3,3,Yes,Management doesnt listen and salary is way below market rate
11170,48,Male,Single,Sales,Sales Lead,3,HR Management,Bengaluru,114248,11,0,15,4,7,0,23,4,55,Travel_Rarely,Yes,3,4,2,1,1,4,4,Yes,"Too much overtime, work life balance is completely terrible"
11171,48,Male,Married,Marketing,Marketing Manager,2,Computer Science,Hyderabad,39604,19,0,3,0,7,5,29,3,23,Travel_Rarely,No,2,1,3,3,1,1,1,Yes,Excessive workload with no work life balance whatsoever here
11172,36,Male,Married,HR,L&D Specialist,5,Computer Science,Bhubaneswar,131585,24,3,19,5,6,9,22,9,42,Travel_Rarely,No,0,1,2,2,3,1,1,Yes,Excessive workload with no work life balance whatsoever here
11173,29,Male,Single,Finance,Finance Manager,1,Computer Science,Chennai,168207,11,3,19,1,4,9,11,2,27,Non-Travel,No,5,2,2,2,2,1,2,No,"It is an okay place to work, nothing exceptional about it"
11174,28,Male,Single,Finance,Financial Analyst,5,Marketing,Hyderabad,242152,23,2,12,6,7,6,29,9,55,Non-Travel,Yes,4,3,1,4,3,3,2,Yes,Work is okay but salary could definitely be better though
11175,33,Female,Single,Finance,Senior Accountant,3,Computer Science,Pune,183990,21,1,16,8,1,6,32,2,12,Non-Travel,No,0,3,1,4,4,4,1,No,Excellent culture and very clear career growth opportunities
11176,34,Male,Married,Sales,Sales Manager,3,HR Management,Bhubaneswar,144716,10,0,15,2,7,7,14,3,10,Travel_Rarely,Yes,6,2,1,4,1,3,4,Yes,Excessive workload with no work life balance whatsoever here
11177,38,Female,Divorced,Sales,Sales Lead,3,Marketing,Hyderabad,196921,12,3,16,9,1,6,18,7,34,Non-Travel,Yes,5,2,1,3,2,1,2,Yes,"Average experience overall, some good and some bad aspects"
11178,38,Male,Single,HR,L&D Specialist,3,HR Management,Pune,176919,19,1,5,3,9,5,34,2,56,Travel_Rarely,No,1,3,4,1,3,1,1,No,"It is an okay place to work, nothing exceptional about it"
11179,57,Female,Divorced,Finance,Auditor,2,Engineering,Bengaluru,189846,16,0,2,3,4,7,23,1,33,Travel_Rarely,No,3,3,4,3,1,4,1,No,Job is fine but I am looking for more interesting challenges
11180,42,Male,Single,Finance,Financial Analyst,3,Computer Science,Pune,206781,24,1,19,3,3,2,32,9,16,Travel_Rarely,No,2,1,2,3,4,4,3,Yes,Poor management decisions causing frustration across the team
11181,29,Female,Married,Marketing,Content Writer,3,Business Administration,Bengaluru,25680,22,0,3,2,0,8,3,6,29,Non-Travel,No,6,1,4,2,2,3,4,Yes,Job is fine but I am looking for more interesting challenges
11182,26,Female,Married,Sales,Sales Executive,2,Business Administration,Bhubaneswar,128508,10,1,7,4,4,2,22,9,18,Travel_Rarely,No,6,1,3,2,2,3,2,Yes,Management doesnt listen and salary is way below market rate
11183,47,Male,Married,Finance,Auditor,3,Marketing,Pune,110619,16,2,19,8,6,3,23,3,27,Travel_Rarely,Yes,3,3,2,1,2,3,2,Yes,"Average experience overall, some good and some bad aspects"
11184,37,Male,Married,Operations,Coordinator,5,Business Administration,Mumbai,70037,14,0,8,7,0,9,4,3,7,Non-Travel,No,3,2,2,1,4,1,3,No,"I love working here, great team and management support"
11185,57,Male,Married,HR,HR Business Partner,5,Marketing,Chennai,114969,18,0,0,9,1,5,13,3,36,Non-Travel,Yes,1,4,3,3,1,4,1,Yes,Management doesnt listen and salary is way below market rate
11186,49,Female,Married,Operations,Supply Chain Analyst,4,Computer Science,Mumbai,126115,11,2,12,1,8,7,32,2,27,Travel_Rarely,No,3,1,2,3,3,2,2,Yes,"No growth at all, stuck in same role for many years now"
11187,50,Female,Married,Operations,Ops Executive,5,Finance,Mumbai,73914,10,0,1,8,4,2,29,6,10,Non-Travel,No,2,4,3,3,1,4,1,Yes,"No growth at all, stuck in same role for many years now"
11188,33,Male,Married,HR,HR Manager,1,Finance,Mumbai,172381,18,0,9,9,6,9,10,3,10,Travel_Frequently,No,6,2,1,3,4,4,2,Yes,Management doesnt listen and salary is way below market rate
11189,51,Male,Single,Operations,Coordinator,1,HR Management,Chennai,122255,17,3,18,1,1,5,13,5,57,Travel_Rarely,No,0,3,1,2,1,4,2,Yes,Job is fine but I am looking for more interesting challenges
11190,44,Female,Single,Finance,Finance Manager,1,Computer Science,Mumbai,25349,19,2,16,6,6,4,17,5,11,Non-Travel,Yes,3,1,1,4,2,2,1,Yes,Excessive workload with no work life balance whatsoever here
11191,37,Female,Married,Sales,BD Executive,2,Business Administration,Bengaluru,221151,15,3,12,4,6,4,2,3,57,Travel_Rarely,No,2,3,3,4,3,3,1,Yes,I feel undervalued and underpaid compared to industry standards
11192,35,Male,Married,HR,L&D Specialist,5,Computer Science,Pune,206892,24,2,13,6,6,4,17,3,30,Travel_Rarely,No,2,2,4,4,4,2,2,Yes,"Average experience overall, some good and some bad aspects"
11193,31,Female,Married,Marketing,Brand Manager,1,Engineering,Bhubaneswar,221068,14,1,10,4,4,8,26,1,3,Non-Travel,No,1,1,4,1,2,4,3,Yes,Job is fine but I am looking for more interesting challenges
11194,28,Male,Married,Operations,Ops Executive,4,Finance,Mumbai,180625,17,2,9,5,8,6,5,6,29,Non-Travel,No,3,2,2,1,1,4,3,Yes,"It is an okay place to work, nothing exceptional about it"
11195,50,Male,Divorced,HR,L&D Specialist,2,Business Administration,Mumbai,43525,17,2,6,7,1,8,25,3,14,Travel_Rarely,Yes,6,2,1,1,2,1,3,Yes,Job is fine but I am looking for more interesting challenges
11196,24,Male,Married,Technology,QA Engineer,4,Finance,Bhubaneswar,20948,23,3,9,0,3,8,9,1,13,Non-Travel,No,1,1,1,1,1,4,3,Yes,Management doesnt listen and salary is way below market rate
11197,36,Female,Married,Technology,Data Analyst,5,Computer Science,Bhubaneswar,29498,14,0,0,0,1,5,28,9,19,Non-Travel,No,0,4,2,2,1,2,3,Yes,Poor management decisions causing frustration across the team
11198,57,Female,Married,Sales,BD Executive,3,Business Administration,Mumbai,165063,21,2,13,4,7,5,22,1,25,Non-Travel,No,0,1,1,3,4,2,1,Yes,"Average experience overall, some good and some bad aspects"
11199,40,Female,Married,Finance,Senior Accountant,4,HR Management,Bengaluru,236582,16,0,2,0,0,3,29,5,10,Non-Travel,No,5,3,1,1,1,2,2,Yes,Management doesnt listen and salary is way below market rate
11200,34,Female,Single,Sales,Sales Executive,3,Computer Science,Bhubaneswar,247006,22,2,12,2,8,7,20,5,15,Travel_Rarely,No,2,4,3,4,2,3,3,No,Work is okay but salary could definitely be better though
11201,42,Male,Married,Sales,Account Manager,2,HR Management,Pune,74790,22,3,1,9,4,1,5,2,28,Travel_Frequently,No,3,1,2,1,4,1,4,Yes,"Average experience overall, some good and some bad aspects"
11202,48,Female,Married,Sales,Sales Manager,4,Business Administration,Pune,153732,10,2,16,8,2,4,32,1,40,Travel_Rarely,Yes,5,1,3,4,3,3,2,Yes,"It is an okay place to work, nothing exceptional about it"
11203,50,Male,Divorced,Sales,Sales Manager,4,Finance,Bengaluru,41245,13,1,2,6,3,0,10,6,49,Travel_Rarely,No,6,1,1,3,4,2,4,Yes,"It is an okay place to work, nothing exceptional about it"
11204,41,Male,Single,Marketing,Marketing Manager,2,Engineering,Chennai,146310,11,2,14,5,0,9,17,7,38,Travel_Frequently,Yes,2,1,1,2,2,3,1,Yes,Excessive workload with no work life balance whatsoever here
11205,46,Male,Single,Marketing,SEO Analyst,2,Marketing,Hyderabad,165992,19,2,7,7,2,1,15,9,7,Non-Travel,No,6,1,2,2,1,1,2,Yes,I feel undervalued and underpaid compared to industry standards
11206,27,Female,Divorced,HR,HR Manager,1,Finance,Bengaluru,61659,12,0,5,7,7,0,9,8,14,Non-Travel,Yes,3,3,1,1,4,1,1,Yes,"It is an okay place to work, nothing exceptional about it"
11207,57,Male,Married,Technology,QA Engineer,5,HR Management,Mumbai,140983,21,0,8,5,1,5,32,3,59,Travel_Rarely,No,1,2,4,1,4,1,4,No,"Very happy with my role, the team is fantastic and supportive"
11208,23,Male,Married,Sales,BD Executive,4,Computer Science,Hyderabad,89874,10,1,10,3,1,1,23,9,30,Travel_Rarely,No,0,3,3,4,4,1,2,No,"Very happy with my role, the team is fantastic and supportive"
11209,43,Female,Married,HR,HR Executive,4,Business Administration,Mumbai,57517,20,2,1,3,8,3,11,1,40,Travel_Rarely,No,5,2,3,1,2,2,2,Yes,Poor management decisions causing frustration across the team
11210,53,Male,Married,Technology,Data Analyst,2,Finance,Pune,141618,20,0,8,3,4,4,13,6,12,Non-Travel,Yes,6,1,4,2,1,4,1,Yes,Excessive workload with no work life balance whatsoever here
11211,37,Female,Married,Operations,Supply Chain Analyst,2,Engineering,Bhubaneswar,90885,11,2,17,5,4,6,18,2,28,Non-Travel,Yes,5,3,2,1,3,2,2,Yes,Excessive workload with no work life balance whatsoever here
11212,39,Female,Single,Finance,Auditor,5,Business Administration,Mumbai,61350,22,3,18,0,0,9,9,9,50,Travel_Rarely,No,0,2,2,4,3,2,4,Yes,Excessive workload with no work life balance whatsoever here
11213,26,Female,Married,Marketing,SEO Analyst,2,HR Management,Pune,92179,10,3,17,1,5,0,5,9,14,Travel_Frequently,No,1,2,1,3,1,2,1,Yes,Management doesnt listen and salary is way below market rate
11214,57,Male,Divorced,Operations,Operations Manager,3,Business Administration,Bengaluru,174346,17,1,4,5,7,4,22,8,1,Travel_Rarely,No,4,1,2,2,3,2,4,Yes,"It is an okay place to work, nothing exceptional about it"
11215,51,Female,Single,Technology,Senior Developer,3,Business Administration,Mumbai,60013,13,3,17,0,5,3,32,7,4,Non-Travel,Yes,4,1,4,2,1,3,2,Yes,I feel undervalued and underpaid compared to industry standards
11216,40,Female,Divorced,Operations,Coordinator,3,Computer Science,Pune,54913,12,0,11,8,6,6,2,6,49,Travel_Rarely,No,6,4,2,3,4,1,4,No,"Average experience overall, some good and some bad aspects"
11217,44,Female,Divorced,Finance,Tax Analyst,3,Marketing,Bhubaneswar,60819,10,0,3,5,3,9,21,2,18,Non-Travel,No,4,4,1,3,4,4,2,No,"Average experience overall, some good and some bad aspects"
11218,55,Female,Married,Technology,Senior Developer,5,HR Management,Mumbai,97168,11,1,14,6,1,6,28,4,51,Non-Travel,No,3,2,4,2,2,4,4,No,Great work life balance and very interesting projects daily
11219,34,Male,Married,Operations,Supply Chain Analyst,4,Computer Science,Chennai,107680,12,2,10,0,0,7,24,7,36,Travel_Rarely,No,5,4,1,4,4,4,4,No,"Average experience overall, some good and some bad aspects"
11220,50,Female,Married,Marketing,Content Writer,3,Marketing,Pune,223929,12,0,18,7,5,3,24,6,32,Travel_Rarely,No,1,3,3,4,2,2,3,No,Excellent culture and very clear career growth opportunities
11221,57,Male,Single,Marketing,Digital Marketer,2,Computer Science,Mumbai,248699,15,3,4,4,8,3,14,9,28,Travel_Frequently,No,3,2,3,1,3,1,2,Yes,Work is okay but salary could definitely be better though
11222,43,Female,Married,HR,L&D Specialist,3,Marketing,Bhubaneswar,109792,19,0,5,4,9,9,27,5,28,Travel_Rarely,No,3,3,2,4,3,1,3,No,Excellent culture and very clear career growth opportunities
11223,57,Male,Divorced,Operations,Operations Manager,5,Marketing,Mumbai,210982,17,1,12,5,4,4,24,6,38,Travel_Rarely,No,6,4,4,2,4,4,3,No,"Good colleagues, strong learning opportunities and recognition"
11224,30,Female,Married,Sales,Sales Lead,2,Marketing,Mumbai,169557,15,3,9,6,1,4,6,6,32,Travel_Rarely,Yes,1,3,4,1,1,4,1,Yes,I feel undervalued and underpaid compared to industry standards
11225,40,Male,Married,Operations,Coordinator,3,Computer Science,Chennai,148932,11,3,13,6,0,2,26,8,8,Non-Travel,No,3,2,4,4,3,2,1,No,Excellent culture and very clear career growth opportunities
11226,27,Female,Single,Technology,Senior Developer,4,Business Administration,Pune,64875,11,3,3,4,2,4,15,8,25,Travel_Frequently,No,6,3,1,3,3,4,4,Yes,"Average experience overall, some good and some bad aspects"
11227,36,Male,Single,Technology,Senior Developer,2,Marketing,Hyderabad,160991,23,1,19,0,3,4,29,6,47,Travel_Rarely,No,5,2,4,4,3,2,2,Yes,I feel undervalued and underpaid compared to industry standards
11228,41,Male,Married,Operations,Supply Chain Analyst,2,Business Administration,Mumbai,244945,16,1,11,8,6,7,10,8,20,Non-Travel,No,1,4,2,1,1,4,1,Yes,Work is okay but salary could definitely be better though
11229,30,Male,Single,Finance,Auditor,4,HR Management,Hyderabad,88947,10,2,14,5,8,6,28,7,33,Travel_Rarely,No,4,2,3,3,4,1,3,Yes,Very high pressure with little or no recognition for work done
11230,53,Female,Married,Marketing,Brand Manager,2,Engineering,Bengaluru,24586,10,2,9,8,7,7,9,1,30,Travel_Rarely,No,4,4,2,1,2,1,2,No,Management is supportive and salary is competitive and fair
11231,25,Male,Married,Technology,Senior Developer,3,Business Administration,Mumbai,66986,16,2,10,3,8,4,21,5,37,Travel_Frequently,No,3,1,3,1,1,1,4,Yes,Very high pressure with little or no recognition for work done
11232,39,Male,Married,Marketing,SEO Analyst,2,Engineering,Hyderabad,104848,18,1,8,1,6,1,10,5,16,Travel_Frequently,No,0,4,3,3,1,3,4,Yes,"Too much overtime, work life balance is completely terrible"
11233,26,Male,Single,Technology,QA Engineer,3,Marketing,Bengaluru,38055,14,3,10,2,9,7,4,9,53,Non-Travel,No,1,2,2,1,3,4,1,Yes,"Too much overtime, work life balance is completely terrible"
11234,41,Male,Married,HR,HR Business Partner,4,Engineering,Chennai,180962,20,3,1,3,7,8,4,7,25,Travel_Rarely,No,2,2,3,2,2,3,1,Yes,Work is okay but salary could definitely be better though
11235,44,Female,Married,Sales,Sales Manager,1,Engineering,Pune,209153,10,0,12,9,7,1,6,7,38,Travel_Rarely,No,6,1,3,1,1,1,1,Yes,"Too much overtime, work life balance is completely terrible"
11236,32,Male,Single,Technology,Junior Developer,4,Marketing,Mumbai,43807,14,2,7,7,0,0,26,2,53,Non-Travel,No,2,1,1,2,3,4,4,Yes,Poor management decisions causing frustration across the team
11237,43,Male,Single,Marketing,Content Writer,3,Business Administration,Pune,231992,20,3,7,2,8,5,16,8,42,Travel_Rarely,No,3,4,2,3,1,3,3,Yes,Job is fine but I am looking for more interesting challenges
11238,25,Male,Single,HR,HR Manager,5,Marketing,Bengaluru,62177,10,3,0,7,1,2,8,3,10,Travel_Rarely,No,0,3,2,1,3,1,1,Yes,"Average experience overall, some good and some bad aspects"
11239,50,Female,Divorced,Technology,Senior Developer,4,HR Management,Pune,240533,19,3,5,5,6,0,28,9,5,Non-Travel,Yes,1,3,2,4,2,1,4,Yes,Management doesnt listen and salary is way below market rate
11240,55,Male,Single,Finance,Tax Analyst,5,Finance,Pune,83625,24,3,12,3,9,5,16,6,8,Travel_Rarely,No,4,1,3,1,2,4,2,Yes,Job is fine but I am looking for more interesting challenges
11241,34,Male,Married,Sales,Sales Manager,5,Computer Science,Bhubaneswar,160314,21,1,8,6,9,7,1,9,59,Travel_Rarely,Yes,3,4,4,2,3,4,4,Yes,"No growth at all, stuck in same role for many years now"
11242,30,Male,Divorced,Technology,Senior Developer,3,Marketing,Bengaluru,71317,18,2,5,4,4,8,19,9,33,Non-Travel,No,1,1,4,2,4,2,2,Yes,Poor management decisions causing frustration across the team
11243,52,Male,Married,HR,HR Manager,3,Marketing,Pune,186050,13,3,14,4,3,5,17,7,37,Travel_Rarely,No,1,1,3,4,1,4,2,Yes,"No growth at all, stuck in same role for many years now"
11244,28,Female,Single,Finance,Tax Analyst,1,Engineering,Hyderabad,31433,18,3,15,8,0,5,28,8,1,Travel_Rarely,No,1,2,4,3,4,1,3,Yes,Job is fine but I am looking for more interesting challenges
11245,25,Male,Divorced,Operations,Supply Chain Analyst,2,HR Management,Bengaluru,48282,11,3,3,2,0,0,12,2,31,Non-Travel,No,0,2,4,2,1,2,1,Yes,"Too much overtime, work life balance is completely terrible"
11246,40,Male,Single,HR,Recruiter,4,Engineering,Bhubaneswar,91519,16,3,16,9,2,4,6,5,7,Travel_Frequently,Yes,1,2,3,2,2,2,2,Yes,"It is an okay place to work, nothing exceptional about it"
11247,51,Female,Married,HR,HR Manager,3,Business Administration,Mumbai,58578,24,0,8,3,0,2,7,3,47,Non-Travel,Yes,0,1,2,2,1,4,1,Yes,"Average experience overall, some good and some bad aspects"
11248,52,Female,Divorced,Finance,Tax Analyst,4,Marketing,Chennai,145843,21,3,11,4,7,6,8,1,23,Non-Travel,No,0,4,1,1,3,1,4,No,"It is an okay place to work, nothing exceptional about it"
11249,56,Female,Married,HR,Recruiter,5,Marketing,Pune,123333,22,3,18,0,2,8,3,6,58,Non-Travel,No,5,3,2,1,3,3,1,No,Job is fine but I am looking for more interesting challenges
11250,42,Male,Married,Finance,Finance Manager,2,Engineering,Hyderabad,216279,11,3,19,6,9,5,21,9,24,Travel_Rarely,Yes,1,3,2,1,3,1,4,Yes,"It is an okay place to work, nothing exceptional about it"
11251,52,Female,Single,Technology,Data Analyst,1,Marketing,Bhubaneswar,170205,21,0,11,7,1,4,8,2,14,Travel_Rarely,Yes,5,2,2,1,4,1,2,Yes,"Average experience overall, some good and some bad aspects"
11252,40,Male,Married,Finance,Tax Analyst,4,Business Administration,Bengaluru,65317,13,1,5,5,5,6,28,9,23,Travel_Rarely,No,4,4,1,1,2,4,3,No,"I love working here, great team and management support"
11253,52,Female,Married,Finance,Tax Analyst,2,Finance,Chennai,142878,15,0,11,8,3,8,30,8,59,Non-Travel,Yes,5,2,2,4,2,3,2,Yes,Very high pressure with little or no recognition for work done
11254,53,Male,Single,Sales,Sales Manager,1,Computer Science,Chennai,123745,23,3,8,2,3,4,32,9,9,Travel_Frequently,No,5,4,4,2,2,2,4,No,"Good colleagues, strong learning opportunities and recognition"
11255,23,Female,Divorced,Finance,Auditor,4,Computer Science,Pune,144230,11,1,19,1,1,4,11,5,8,Non-Travel,No,6,4,1,4,3,3,2,No,Excellent culture and very clear career growth opportunities
11256,31,Male,Divorced,Finance,Finance Manager,2,Computer Science,Bhubaneswar,80950,11,3,4,4,1,9,20,2,8,Non-Travel,No,6,4,4,2,2,4,3,No,"It is an okay place to work, nothing exceptional about it"
11257,23,Female,Divorced,Operations,Ops Executive,3,Finance,Bhubaneswar,74612,11,1,2,8,5,3,16,6,3,Non-Travel,Yes,6,1,1,1,4,1,1,Yes,"Average experience overall, some good and some bad aspects"
11258,23,Male,Married,Technology,QA Engineer,4,Marketing,Hyderabad,79873,12,3,1,0,4,4,25,7,58,Non-Travel,Yes,1,4,4,1,4,1,4,Yes,"Average experience overall, some good and some bad aspects"
11259,45,Male,Married,Sales,Sales Lead,2,Engineering,Mumbai,130792,14,3,7,0,8,6,9,3,32,Travel_Rarely,No,4,1,2,3,4,3,1,Yes,"Average experience overall, some good and some bad aspects"
11260,38,Male,Divorced,Operations,Coordinator,1,HR Management,Mumbai,232850,18,1,9,9,3,2,3,6,52,Non-Travel,No,3,3,2,3,3,3,3,No,Work is okay but salary could definitely be better though
11261,53,Male,Divorced,Marketing,Brand Manager,2,Marketing,Mumbai,208074,15,1,14,2,4,3,16,6,4,Non-Travel,No,2,3,2,4,1,4,2,Yes,I feel undervalued and underpaid compared to industry standards
11262,37,Male,Married,Technology,QA Engineer,3,Finance,Chennai,198580,24,3,8,9,0,8,12,8,49,Travel_Frequently,No,3,1,4,2,2,3,3,Yes,"Too much overtime, work life balance is completely terrible"
11263,37,Male,Single,Technology,Senior Developer,4,Business Administration,Chennai,246792,24,0,9,2,1,1,15,1,38,Non-Travel,Yes,0,3,4,4,4,4,4,Yes,Job is fine but I am looking for more interesting challenges
11264,52,Male,Single,Marketing,Digital Marketer,4,Finance,Bengaluru,184451,21,0,10,4,2,7,4,4,2,Travel_Rarely,No,3,3,3,3,1,2,4,Yes,Poor management decisions causing frustration across the team
11265,45,Male,Married,Finance,Senior Accountant,4,Computer Science,Chennai,139814,23,0,8,3,4,8,23,1,9,Travel_Rarely,No,2,2,4,2,1,3,2,Yes,Work is okay but salary could definitely be better though
11266,22,Female,Married,Operations,Ops Executive,3,Marketing,Chennai,30231,18,0,13,5,4,4,27,8,46,Travel_Rarely,Yes,2,1,1,4,4,1,4,Yes,Very high pressure with little or no recognition for work done
11267,32,Male,Married,HR,HR Executive,1,Computer Science,Bhubaneswar,102385,19,1,4,7,3,6,13,2,1,Travel_Rarely,No,4,1,2,3,4,3,3,Yes,Work is okay but salary could definitely be better though
11268,42,Male,Single,Sales,Sales Lead,4,HR Management,Bengaluru,56163,24,1,8,7,9,5,21,8,49,Travel_Rarely,No,6,1,1,1,2,1,4,Yes,I feel undervalued and underpaid compared to industry standards
11269,25,Female,Single,HR,HR Manager,1,Business Administration,Bhubaneswar,136880,23,0,3,3,2,0,29,3,11,Non-Travel,No,3,2,3,4,2,2,1,No,"I love working here, great team and management support"
11270,28,Male,Married,Marketing,Content Writer,2,Computer Science,Hyderabad,177748,22,2,1,0,8,7,29,8,29,Travel_Frequently,No,0,1,3,1,1,2,3,Yes,"Too much overtime, work life balance is completely terrible"
11271,47,Female,Married,Technology,QA Engineer,1,HR Management,Hyderabad,102592,14,2,18,6,0,8,11,6,26,Travel_Rarely,No,5,3,4,4,1,3,3,No,Management is supportive and salary is competitive and fair
11272,33,Male,Single,Technology,Senior Developer,1,Finance,Bengaluru,121564,20,2,0,5,5,9,28,1,27,Travel_Frequently,No,5,4,2,2,1,4,4,Yes,"Too much overtime, work life balance is completely terrible"
11273,52,Female,Married,Sales,BD Executive,4,Computer Science,Bengaluru,231555,15,3,0,4,6,0,10,7,38,Travel_Frequently,No,0,2,1,2,3,1,2,Yes,Very high pressure with little or no recognition for work done
11274,38,Female,Married,Technology,Junior Developer,5,Computer Science,Chennai,70535,19,0,11,3,9,7,5,7,29,Non-Travel,No,4,2,3,2,1,2,2,Yes,Management doesnt listen and salary is way below market rate
11275,54,Male,Married,Technology,Junior Developer,5,Engineering,Hyderabad,125952,21,3,10,5,3,2,25,6,33,Non-Travel,No,5,1,3,2,3,3,2,Yes,Excessive workload with no work life balance whatsoever here
11276,32,Female,Married,Sales,Sales Executive,3,Business Administration,Pune,237648,17,1,0,7,9,5,33,1,28,Non-Travel,No,4,4,1,3,2,2,4,Yes,"It is an okay place to work, nothing exceptional about it"
11277,49,Male,Single,Operations,Ops Executive,3,Business Administration,Mumbai,192182,12,1,13,5,2,9,17,5,31,Travel_Frequently,Yes,5,4,3,1,1,3,4,Yes,"Average experience overall, some good and some bad aspects"
11278,53,Male,Married,Operations,Operations Manager,5,Finance,Chennai,193050,11,2,10,2,7,7,33,1,19,Travel_Frequently,No,5,4,1,3,2,1,4,Yes,Excessive workload with no work life balance whatsoever here
11279,22,Male,Divorced,Sales,BD Executive,2,Engineering,Mumbai,236890,12,2,6,8,8,4,25,1,48,Travel_Rarely,Yes,3,3,2,4,1,3,3,Yes,"It is an okay place to work, nothing exceptional about it"
11280,49,Male,Single,Marketing,SEO Analyst,4,HR Management,Hyderabad,237809,23,1,1,2,0,7,33,6,26,Non-Travel,No,4,4,4,4,2,1,3,No,"Good colleagues, strong learning opportunities and recognition"
11281,28,Female,Married,Technology,QA Engineer,4,HR Management,Mumbai,218441,18,2,14,3,9,6,9,8,50,Non-Travel,Yes,2,1,1,1,1,2,4,Yes,"Too much overtime, work life balance is completely terrible"
11282,23,Male,Married,Technology,Data Analyst,2,Finance,Pune,150824,24,2,7,4,8,6,27,1,29,Travel_Frequently,No,0,3,2,1,3,1,2,No,"Good colleagues, strong learning opportunities and recognition"
11283,45,Female,Divorced,Marketing,Brand Manager,2,Business Administration,Pune,39507,15,1,19,1,6,6,25,2,11,Travel_Frequently,No,5,4,1,3,4,1,1,Yes,"Too much overtime, work life balance is completely terrible"
11284,25,Female,Married,Operations,Ops Executive,5,HR Management,Bhubaneswar,231777,19,3,14,9,0,8,4,5,41,Non-Travel,No,6,1,3,2,2,4,2,Yes,I feel undervalued and underpaid compared to industry standards
11285,40,Male,Single,Finance,Financial Analyst,3,Finance,Bengaluru,139225,21,2,7,9,6,5,9,8,32,Non-Travel,No,2,3,2,3,2,2,3,Yes,Work is okay but salary could definitely be better though
11286,47,Male,Married,Finance,Financial Analyst,2,HR Management,Mumbai,125282,13,3,9,1,4,5,15,4,21,Travel_Rarely,No,1,3,1,3,4,1,3,No,"Career growth is excellent here, very satisfied with my job"
11287,32,Male,Single,Finance,Auditor,3,Marketing,Pune,187567,19,2,18,5,9,8,16,5,38,Non-Travel,Yes,2,4,2,4,1,4,2,Yes,"Too much overtime, work life balance is completely terrible"
11288,32,Male,Divorced,Operations,Process Analyst,1,Computer Science,Bengaluru,236538,12,0,2,1,6,5,16,5,34,Travel_Frequently,Yes,6,3,1,3,3,4,2,Yes,Work is okay but salary could definitely be better though
11289,24,Female,Married,Operations,Supply Chain Analyst,4,Business Administration,Bengaluru,206958,22,3,19,9,8,6,13,3,40,Travel_Rarely,Yes,0,2,1,1,3,1,3,Yes,"Average experience overall, some good and some bad aspects"
11290,33,Male,Married,Marketing,Marketing Manager,5,Marketing,Bhubaneswar,85559,11,3,13,0,7,6,14,6,22,Travel_Rarely,No,1,1,2,2,3,3,3,Yes,Job is fine but I am looking for more interesting challenges
11291,24,Female,Married,Technology,Junior Developer,4,Finance,Bengaluru,15982,24,2,8,7,5,1,22,5,48,Travel_Rarely,No,3,4,2,4,1,1,4,Yes,"No growth at all, stuck in same role for many years now"
11292,48,Male,Married,Marketing,Digital Marketer,5,Finance,Bengaluru,225913,23,3,8,9,1,7,21,2,27,Travel_Rarely,No,6,1,2,1,2,3,1,No,"I love working here, great team and management support"
11293,23,Male,Single,Marketing,Marketing Manager,1,Marketing,Chennai,144128,13,0,5,9,7,5,9,4,8,Non-Travel,No,1,1,3,4,1,1,4,Yes,I feel undervalued and underpaid compared to industry standards
11294,37,Male,Married,Operations,Process Analyst,4,Computer Science,Hyderabad,162218,18,1,7,0,3,3,4,4,40,Travel_Rarely,No,4,2,4,3,3,2,4,No,Great work life balance and very interesting projects daily
11295,23,Male,Married,Finance,Senior Accountant,1,Computer Science,Bhubaneswar,200915,13,0,10,9,7,6,10,7,46,Travel_Rarely,No,0,3,1,3,4,4,2,Yes,Excessive workload with no work life balance whatsoever here
11296,51,Female,Married,HR,Recruiter,5,Engineering,Bhubaneswar,91737,22,1,7,5,6,7,9,7,31,Travel_Rarely,No,4,2,1,1,3,1,2,Yes,Management doesnt listen and salary is way below market rate
11297,41,Female,Married,Technology,Data Analyst,2,HR Management,Mumbai,97446,21,0,11,0,3,0,16,9,1,Travel_Rarely,No,2,2,2,1,2,1,1,No,Management is supportive and salary is competitive and fair
11298,49,Male,Married,Operations,Coordinator,4,Engineering,Bengaluru,103567,14,0,9,7,7,9,18,2,39,Non-Travel,No,3,3,1,4,1,1,4,Yes,Work is okay but salary could definitely be better though
11299,46,Female,Single,Finance,Senior Accountant,1,Computer Science,Mumbai,38636,24,3,3,4,1,3,10,6,34,Non-Travel,Yes,0,4,4,2,1,3,4,Yes,Excessive workload with no work life balance whatsoever here
11300,53,Female,Married,HR,HR Executive,4,Marketing,Chennai,97850,17,0,15,2,8,3,21,2,47,Travel_Rarely,Yes,3,1,4,4,3,2,3,Yes,Poor management decisions causing frustration across the team
11301,31,Male,Single,HR,Recruiter,4,HR Management,Pune,173404,11,2,19,4,5,9,15,9,59,Travel_Rarely,Yes,5,4,1,3,2,2,3,Yes,Management doesnt listen and salary is way below market rate
11302,54,Male,Married,Operations,Operations Manager,4,Marketing,Bengaluru,197506,21,2,5,0,6,8,15,2,24,Travel_Rarely,No,0,4,1,1,2,1,1,No,"I love working here, great team and management support"
11303,34,Female,Single,Sales,Sales Manager,3,Engineering,Pune,98866,20,2,8,0,9,5,11,6,28,Travel_Frequently,No,6,2,2,1,4,4,2,Yes,"It is an okay place to work, nothing exceptional about it"
11304,37,Female,Single,Technology,DevOps Engineer,1,Finance,Hyderabad,207343,23,2,4,3,0,3,20,8,50,Travel_Rarely,No,4,3,4,4,3,4,3,Yes,Management doesnt listen and salary is way below market rate
11305,43,Female,Single,HR,Recruiter,1,Marketing,Chennai,77726,12,3,5,8,2,0,34,6,4,Travel_Rarely,No,2,3,1,1,4,1,1,Yes,"Average experience overall, some good and some bad aspects"
11306,41,Female,Married,Operations,Ops Executive,4,Engineering,Bengaluru,95901,15,2,16,8,9,7,22,3,18,Non-Travel,No,1,1,4,1,1,3,4,Yes,"Too much overtime, work life balance is completely terrible"
11307,48,Male,Married,Operations,Supply Chain Analyst,2,Engineering,Mumbai,156180,21,0,16,0,4,8,18,5,29,Travel_Frequently,No,3,3,1,3,1,4,1,Yes,Poor management decisions causing frustration across the team
11308,37,Male,Single,Finance,Tax Analyst,4,Engineering,Mumbai,83896,16,2,12,2,6,4,16,4,23,Travel_Rarely,No,0,4,3,2,2,2,1,No,Great work life balance and very interesting projects daily
11309,55,Female,Single,Sales,Sales Executive,3,Finance,Bengaluru,188625,13,3,16,3,0,4,5,1,37,Non-Travel,Yes,0,3,4,1,4,4,3,Yes,"It is an okay place to work, nothing exceptional about it"
11310,53,Male,Divorced,Technology,QA Engineer,5,Finance,Mumbai,55880,23,1,13,1,8,9,1,5,27,Travel_Rarely,No,5,3,3,1,2,4,3,No,"Very happy with my role, the team is fantastic and supportive"
11311,47,Female,Single,Marketing,Content Writer,3,Finance,Bengaluru,67077,24,0,1,6,4,7,19,5,16,Travel_Rarely,No,3,4,2,4,3,1,4,No,Excellent culture and very clear career growth opportunities
11312,46,Female,Divorced,Finance,Senior Accountant,2,HR Management,Bhubaneswar,18625,10,0,18,2,2,7,10,7,45,Travel_Frequently,Yes,1,1,4,2,2,4,4,Yes,Very high pressure with little or no recognition for work done
11313,23,Male,Single,HR,HR Manager,4,Finance,Mumbai,53237,16,3,2,0,6,4,21,7,27,Travel_Frequently,No,2,1,1,3,1,1,4,Yes,"Average experience overall, some good and some bad aspects"
11314,33,Female,Married,HR,HR Manager,1,Finance,Bengaluru,16223,21,1,1,0,9,3,13,2,9,Travel_Rarely,Yes,0,4,1,1,1,2,1,Yes,"It is an okay place to work, nothing exceptional about it"
11315,30,Female,Single,Finance,Auditor,4,Finance,Bengaluru,205375,18,2,1,2,7,5,24,4,5,Travel_Rarely,No,0,3,3,2,2,4,1,Yes,Poor management decisions causing frustration across the team
11316,33,Male,Divorced,Operations,Supply Chain Analyst,2,Marketing,Mumbai,80197,10,1,6,5,9,9,23,1,59,Non-Travel,No,3,3,4,2,3,1,3,No,Work is okay but salary could definitely be better though
11317,47,Male,Married,HR,Recruiter,1,Finance,Bhubaneswar,89693,23,0,3,3,9,4,23,5,8,Travel_Rarely,No,3,1,4,4,4,1,4,Yes,"No growth at all, stuck in same role for many years now"
11318,30,Female,Married,Sales,Sales Manager,3,HR Management,Mumbai,126555,10,0,16,0,2,7,11,5,18,Travel_Rarely,No,0,1,4,3,1,2,3,Yes,"It is an okay place to work, nothing exceptional about it"
11319,31,Female,Single,Technology,QA Engineer,5,Engineering,Bengaluru,52760,10,0,5,6,6,8,2,4,35,Travel_Rarely,No,0,1,2,2,1,4,4,Yes,"Average experience overall, some good and some bad aspects"
11320,53,Male,Married,Sales,Sales Executive,5,Marketing,Bhubaneswar,225254,19,1,6,1,6,0,6,7,6,Travel_Rarely,No,5,2,4,3,3,3,4,Yes,Excessive workload with no work life balance whatsoever here
11321,55,Female,Married,HR,HR Business Partner,4,Computer Science,Pune,125174,16,2,19,4,3,8,11,6,43,Travel_Frequently,No,0,1,2,2,2,4,3,Yes,Excessive workload with no work life balance whatsoever here
11322,41,Female,Single,Marketing,Digital Marketer,3,Finance,Hyderabad,142192,20,0,5,7,9,8,15,3,23,Non-Travel,No,4,3,1,1,1,1,3,Yes,"No growth at all, stuck in same role for many years now"
11323,23,Male,Single,Technology,Senior Developer,2,Engineering,Mumbai,204038,18,3,8,6,8,5,9,2,46,Non-Travel,No,0,1,3,3,1,1,3,Yes,Work is okay but salary could definitely be better though
11324,22,Male,Married,Technology,Senior Developer,5,Engineering,Chennai,44024,12,2,19,7,0,9,12,4,26,Travel_Rarely,No,2,3,3,4,3,2,4,No,"Average experience overall, some good and some bad aspects"
11325,57,Male,Single,Finance,Financial Analyst,3,Marketing,Bengaluru,216395,17,0,3,9,0,4,28,9,56,Travel_Frequently,No,2,3,4,2,2,2,1,Yes,Job is fine but I am looking for more interesting challenges
11326,45,Male,Married,Finance,Auditor,4,Computer Science,Bhubaneswar,38202,18,2,4,5,4,6,23,5,51,Travel_Frequently,No,6,3,3,1,3,3,3,No,"It is an okay place to work, nothing exceptional about it"
11327,48,Male,Married,Marketing,Digital Marketer,1,Business Administration,Bhubaneswar,134414,12,3,18,6,2,7,27,1,39,Travel_Rarely,Yes,5,1,4,2,3,3,3,Yes,Poor management decisions causing frustration across the team
11328,23,Male,Divorced,Operations,Supply Chain Analyst,4,HR Management,Pune,66524,21,1,9,8,9,8,24,3,24,Travel_Frequently,No,1,1,1,1,2,1,1,Yes,Management doesnt listen and salary is way below market rate
11329,52,Female,Divorced,Technology,Junior Developer,4,Business Administration,Mumbai,189980,21,0,17,5,8,8,14,9,10,Travel_Rarely,No,3,4,1,3,1,3,1,Yes,Management doesnt listen and salary is way below market rate
11330,35,Female,Divorced,Marketing,Brand Manager,3,Engineering,Chennai,182139,12,3,14,8,4,9,27,7,15,Non-Travel,No,1,1,1,4,4,3,2,Yes,I feel undervalued and underpaid compared to industry standards
11331,23,Male,Single,Finance,Finance Manager,5,Business Administration,Bhubaneswar,155432,24,0,0,1,6,2,21,3,38,Travel_Rarely,No,0,1,3,1,4,3,3,Yes,"Too much overtime, work life balance is completely terrible"
11332,50,Male,Divorced,Finance,Tax Analyst,3,Engineering,Pune,113228,10,0,4,1,0,7,13,1,20,Non-Travel,Yes,3,1,4,2,4,4,2,Yes,Job is fine but I am looking for more interesting challenges
11333,36,Female,Single,Technology,Senior Developer,1,Business Administration,Bengaluru,119755,11,1,4,1,1,0,8,4,29,Non-Travel,Yes,0,2,2,1,3,4,2,Yes,"It is an okay place to work, nothing exceptional about it"
11334,33,Female,Married,Sales,Sales Lead,3,Engineering,Pune,159013,16,1,7,5,3,6,34,9,6,Travel_Rarely,No,3,1,1,1,1,1,1,Yes,"Average experience overall, some good and some bad aspects"
11335,49,Female,Married,HR,HR Executive,2,Engineering,Mumbai,30993,12,2,19,1,8,4,23,7,48,Travel_Rarely,No,5,2,1,4,1,4,4,Yes,I feel undervalued and underpaid compared to industry standards
11336,41,Male,Single,Finance,Auditor,4,Marketing,Pune,29620,16,3,14,2,4,1,9,5,9,Travel_Rarely,No,6,3,2,3,1,3,4,Yes,"Average experience overall, some good and some bad aspects"
11337,45,Male,Divorced,Operations,Ops Executive,5,Computer Science,Bhubaneswar,138271,14,3,16,7,4,1,1,6,51,Non-Travel,Yes,4,3,2,1,1,3,1,Yes,Management doesnt listen and salary is way below market rate
11338,42,Female,Single,Operations,Process Analyst,1,Engineering,Bhubaneswar,35193,19,1,18,7,8,7,16,1,50,Non-Travel,No,6,3,3,1,3,3,2,Yes,Job is fine but I am looking for more interesting challenges
11339,31,Male,Married,Finance,Finance Manager,4,HR Management,Hyderabad,66559,17,0,12,3,7,4,25,7,5,Non-Travel,Yes,4,3,1,2,4,4,2,Yes,Management doesnt listen and salary is way below market rate
11340,35,Male,Married,Sales,Account Manager,3,HR Management,Pune,36248,14,2,9,8,1,2,18,5,48,Travel_Rarely,No,4,2,3,2,4,2,2,No,Job is fine but I am looking for more interesting challenges
11341,39,Male,Married,Sales,BD Executive,2,Finance,Bengaluru,191924,12,1,16,7,6,0,34,7,39,Travel_Rarely,Yes,6,2,1,3,2,3,2,Yes,Excessive workload with no work life balance whatsoever here
11342,45,Female,Single,Marketing,Brand Manager,3,Engineering,Chennai,151099,18,2,4,0,0,6,3,5,19,Travel_Frequently,No,5,3,3,3,1,3,3,Yes,Excessive workload with no work life balance whatsoever here
11343,35,Female,Married,Operations,Operations Manager,4,Engineering,Chennai,78410,24,2,17,7,9,2,20,5,5,Travel_Frequently,No,6,1,3,3,4,2,2,Yes,Very high pressure with little or no recognition for work done
11344,55,Male,Married,Marketing,Content Writer,1,Engineering,Mumbai,19260,16,3,16,0,8,6,19,3,20,Travel_Rarely,No,1,3,2,2,4,2,1,Yes,"It is an okay place to work, nothing exceptional about it"
11345,33,Male,Single,Operations,Process Analyst,5,Business Administration,Hyderabad,52596,14,2,3,3,2,1,13,5,11,Travel_Rarely,No,3,3,4,1,1,1,2,Yes,Work is okay but salary could definitely be better though
11346,43,Male,Married,HR,Recruiter,4,Engineering,Pune,24012,16,3,6,9,1,3,17,8,55,Non-Travel,Yes,1,2,4,3,1,1,2,Yes,"It is an okay place to work, nothing exceptional about it"
11347,27,Male,Single,HR,HR Manager,1,Engineering,Bengaluru,40823,20,0,4,5,3,1,14,8,50,Non-Travel,No,3,3,4,2,4,4,1,No,Excellent culture and very clear career growth opportunities
11348,57,Male,Married,Technology,DevOps Engineer,4,HR Management,Hyderabad,88851,19,0,7,6,3,3,30,2,27,Travel_Rarely,No,0,2,1,2,2,2,2,Yes,"Too much overtime, work life balance is completely terrible"
11349,57,Female,Divorced,Marketing,Brand Manager,2,Computer Science,Bhubaneswar,62027,18,1,7,9,2,4,22,1,29,Travel_Rarely,Yes,4,4,2,3,1,1,4,Yes,"Too much overtime, work life balance is completely terrible"
11350,43,Male,Married,Finance,Financial Analyst,3,Computer Science,Mumbai,224239,14,0,10,3,1,7,29,2,7,Travel_Frequently,No,4,2,2,2,4,3,1,No,Excellent culture and very clear career growth opportunities
11351,35,Male,Married,Marketing,SEO Analyst,5,Finance,Pune,98794,16,3,8,7,4,1,2,7,50,Travel_Rarely,No,3,3,2,1,2,1,3,No,"It is an okay place to work, nothing exceptional about it"
11352,37,Male,Married,Finance,Auditor,1,HR Management,Chennai,40099,20,2,18,7,3,9,8,3,3,Non-Travel,Yes,1,1,1,4,3,3,3,Yes,"It is an okay place to work, nothing exceptional about it"
11353,57,Female,Married,Sales,Sales Lead,5,Engineering,Bengaluru,116427,18,2,18,8,4,2,14,8,5,Travel_Frequently,Yes,1,2,3,2,2,3,1,Yes,I feel undervalued and underpaid compared to industry standards
11354,46,Female,Single,Marketing,Brand Manager,5,Computer Science,Bhubaneswar,51992,10,0,8,5,7,9,34,4,55,Travel_Rarely,Yes,2,2,3,2,1,3,3,Yes,Work is okay but salary could definitely be better though
11355,53,Male,Single,Sales,Sales Lead,5,Marketing,Hyderabad,134942,13,3,19,3,1,4,13,8,13,Travel_Frequently,No,4,2,4,4,3,4,3,Yes,Management doesnt listen and salary is way below market rate
11356,54,Female,Married,HR,HR Manager,1,Marketing,Mumbai,242984,10,2,16,1,8,8,10,2,16,Travel_Rarely,No,4,3,4,1,2,2,3,No,"Very happy with my role, the team is fantastic and supportive"
11357,57,Female,Married,HR,HR Manager,1,Marketing,Hyderabad,132886,17,0,15,6,9,9,8,5,54,Non-Travel,Yes,1,3,1,3,4,4,1,Yes,Work is okay but salary could definitely be better though
11358,41,Female,Married,Technology,DevOps Engineer,5,Engineering,Chennai,157049,12,3,6,9,0,4,7,6,12,Non-Travel,No,4,2,1,2,1,1,2,Yes,"Average experience overall, some good and some bad aspects"
11359,39,Female,Single,Marketing,Content Writer,3,Engineering,Hyderabad,202306,11,3,2,2,7,8,13,1,39,Non-Travel,No,1,1,4,1,3,1,3,Yes,Work is okay but salary could definitely be better though
11360,24,Female,Married,Sales,Sales Lead,4,Finance,Bengaluru,238302,23,2,18,2,4,3,26,1,27,Non-Travel,No,2,3,3,3,4,2,4,No,"Career growth is excellent here, very satisfied with my job"
11361,44,Female,Single,Finance,Senior Accountant,5,Finance,Bhubaneswar,193448,13,1,7,2,1,9,32,9,54,Non-Travel,No,3,1,3,1,3,2,2,Yes,Very high pressure with little or no recognition for work done
11362,53,Male,Divorced,HR,L&D Specialist,2,Finance,Pune,180050,20,1,4,3,7,4,19,5,45,Travel_Rarely,Yes,3,4,2,4,2,1,2,Yes,Management doesnt listen and salary is way below market rate
11363,37,Female,Married,HR,HR Executive,5,Business Administration,Bengaluru,24218,12,3,5,1,4,8,15,4,33,Travel_Frequently,No,2,1,4,2,4,2,3,Yes,Excessive workload with no work life balance whatsoever here
11364,26,Female,Single,Finance,Auditor,1,Marketing,Chennai,36788,20,3,1,4,9,3,2,1,15,Travel_Frequently,No,4,3,4,1,1,2,3,Yes,"Too much overtime, work life balance is completely terrible"
11365,25,Male,Single,Sales,Account Manager,4,Engineering,Mumbai,35501,14,0,18,2,9,4,19,3,21,Travel_Rarely,Yes,6,2,3,3,4,3,2,Yes,Excessive workload with no work life balance whatsoever here
11366,42,Male,Divorced,Sales,Account Manager,2,Marketing,Chennai,224061,24,3,12,9,2,4,33,4,44,Non-Travel,Yes,0,4,2,3,2,4,3,No,"Very happy with my role, the team is fantastic and supportive"
11367,35,Male,Single,Marketing,Content Writer,4,Finance,Chennai,118733,22,0,5,4,6,3,33,5,17,Travel_Rarely,No,4,1,4,3,3,4,1,Yes,Management doesnt listen and salary is way below market rate
11368,52,Male,Married,Marketing,Content Writer,4,Engineering,Hyderabad,30210,17,0,5,6,3,3,1,5,55,Travel_Rarely,No,1,2,3,4,4,4,1,No,Management is supportive and salary is competitive and fair
11369,35,Female,Single,Operations,Operations Manager,2,HR Management,Mumbai,143476,19,0,1,8,9,4,28,8,52,Non-Travel,No,5,4,3,1,3,3,3,Yes,"No growth at all, stuck in same role for many years now"
11370,27,Female,Divorced,Operations,Operations Manager,5,Computer Science,Bengaluru,89225,17,3,4,1,5,5,17,3,37,Travel_Frequently,No,0,1,3,1,1,3,2,Yes,"Too much overtime, work life balance is completely terrible"
11371,33,Female,Divorced,Technology,QA Engineer,5,Computer Science,Chennai,191561,20,3,10,8,9,6,6,7,49,Travel_Frequently,No,2,2,2,3,4,2,3,Yes,"It is an okay place to work, nothing exceptional about it"
11372,37,Female,Married,HR,HR Executive,5,Finance,Bengaluru,238989,16,0,10,9,7,5,20,6,56,Travel_Rarely,No,3,4,2,3,3,2,4,No,"Good colleagues, strong learning opportunities and recognition"
11373,38,Male,Single,Marketing,Brand Manager,3,Marketing,Pune,78721,17,2,13,5,0,0,13,6,15,Travel_Rarely,Yes,3,3,3,3,1,3,1,Yes,Excessive workload with no work life balance whatsoever here
11374,44,Female,Single,Sales,BD Executive,5,HR Management,Hyderabad,241116,22,3,12,5,1,1,12,9,20,Non-Travel,Yes,6,1,2,4,2,3,2,Yes,Excessive workload with no work life balance whatsoever here
11375,35,Female,Married,Finance,Financial Analyst,2,Engineering,Bengaluru,188725,22,1,7,2,7,6,30,7,19,Travel_Rarely,No,4,1,2,4,4,1,4,Yes,I feel undervalued and underpaid compared to industry standards
11376,28,Male,Married,Sales,BD Executive,3,Marketing,Mumbai,232750,14,2,14,9,6,2,21,7,1,Non-Travel,No,3,4,2,2,4,3,3,No,"It is an okay place to work, nothing exceptional about it"
11377,53,Female,Single,HR,HR Manager,5,Finance,Chennai,187022,19,1,11,8,9,9,2,1,4,Non-Travel,Yes,4,1,2,2,4,3,1,Yes,Job is fine but I am looking for more interesting challenges
11378,36,Female,Single,Operations,Coordinator,3,Marketing,Pune,154988,19,3,2,3,8,1,18,1,3,Travel_Rarely,Yes,6,2,1,2,3,4,4,Yes,I feel undervalued and underpaid compared to industry standards
11379,38,Female,Married,Sales,Sales Executive,2,Finance,Mumbai,211983,20,2,4,4,1,5,28,9,8,Travel_Rarely,Yes,6,1,4,3,3,1,2,Yes,"It is an okay place to work, nothing exceptional about it"
11380,55,Female,Married,Technology,QA Engineer,5,Business Administration,Hyderabad,46449,21,3,5,2,7,3,4,9,41,Travel_Rarely,No,1,1,4,4,1,4,1,Yes,Excessive workload with no work life balance whatsoever here
11381,26,Male,Single,HR,Recruiter,1,Computer Science,Pune,104333,20,3,1,4,5,4,6,3,44,Travel_Rarely,No,1,2,2,4,4,4,3,Yes,Work is okay but salary could definitely be better though
11382,48,Male,Single,Operations,Supply Chain Analyst,2,Computer Science,Pune,35782,22,2,7,7,0,5,9,8,5,Travel_Rarely,Yes,2,2,3,2,1,1,3,Yes,Poor management decisions causing frustration across the team
11383,44,Male,Divorced,Finance,Finance Manager,4,Marketing,Pune,238636,15,3,4,7,3,2,20,9,9,Travel_Rarely,Yes,5,3,4,3,4,1,1,Yes,"Too much overtime, work life balance is completely terrible"
11384,35,Male,Married,Operations,Coordinator,4,HR Management,Chennai,35243,17,2,16,7,1,0,30,1,1,Travel_Frequently,Yes,1,2,2,1,2,1,4,Yes,Excessive workload with no work life balance whatsoever here
11385,36,Male,Married,Technology,DevOps Engineer,2,Engineering,Bhubaneswar,44379,24,3,1,5,6,2,4,3,55,Travel_Frequently,Yes,4,1,4,3,4,2,1,Yes,"No growth at all, stuck in same role for many years now"
11386,54,Female,Married,HR,HR Executive,4,Finance,Pune,52780,22,0,10,0,8,2,13,6,43,Travel_Rarely,No,3,4,3,3,1,1,1,Yes,"It is an okay place to work, nothing exceptional about it"
11387,52,Female,Single,Finance,Finance Manager,2,Engineering,Mumbai,176812,10,1,3,9,5,5,30,4,30,Travel_Rarely,Yes,1,1,2,2,3,4,1,Yes,Poor management decisions causing frustration across the team
11388,56,Male,Single,Technology,Data Analyst,1,Computer Science,Mumbai,129944,15,0,10,5,3,3,4,8,7,Travel_Rarely,No,1,3,3,4,2,1,4,No,"Career growth is excellent here, very satisfied with my job"
11389,38,Male,Single,Operations,Supply Chain Analyst,2,HR Management,Hyderabad,34984,15,3,8,9,4,6,25,9,22,Non-Travel,No,4,4,4,4,2,2,1,No,"Career growth is excellent here, very satisfied with my job"
11390,49,Male,Married,Technology,Junior Developer,5,HR Management,Bengaluru,15050,24,3,5,6,0,1,31,7,20,Non-Travel,No,6,3,1,1,4,4,2,Yes,"Average experience overall, some good and some bad aspects"
11391,40,Female,Married,HR,Recruiter,5,Engineering,Bengaluru,152662,20,3,1,8,3,3,12,1,29,Travel_Frequently,Yes,1,1,3,4,2,1,3,Yes,Poor management decisions causing frustration across the team
11392,44,Male,Single,Marketing,SEO Analyst,3,Computer Science,Bhubaneswar,55205,22,0,14,7,9,7,15,2,27,Travel_Frequently,Yes,3,2,2,4,1,1,4,Yes,I feel undervalued and underpaid compared to industry standards
11393,53,Female,Divorced,Technology,Data Analyst,4,Engineering,Chennai,30162,14,3,4,7,2,5,26,1,25,Travel_Rarely,Yes,5,4,2,1,1,4,2,Yes,Job is fine but I am looking for more interesting challenges
11394,34,Female,Single,Technology,QA Engineer,4,Marketing,Chennai,64746,13,2,11,6,8,9,10,9,46,Travel_Rarely,No,3,1,3,1,4,4,1,Yes,"It is an okay place to work, nothing exceptional about it"
11395,41,Female,Divorced,Operations,Coordinator,2,HR Management,Pune,159177,10,1,12,1,5,2,12,4,35,Non-Travel,No,6,4,1,2,3,1,2,No,"Very happy with my role, the team is fantastic and supportive"
11396,56,Female,Divorced,Operations,Process Analyst,4,HR Management,Bhubaneswar,183571,20,3,16,0,3,9,22,8,27,Travel_Rarely,Yes,5,3,4,2,2,2,4,Yes,"Too much overtime, work life balance is completely terrible"
11397,26,Male,Single,Finance,Tax Analyst,5,Marketing,Hyderabad,182713,19,3,3,1,2,1,21,5,11,Travel_Rarely,No,3,1,4,2,2,4,3,Yes,Job is fine but I am looking for more interesting challenges
11398,30,Female,Single,Operations,Process Analyst,1,Computer Science,Hyderabad,26628,20,1,9,5,3,2,7,5,17,Travel_Rarely,Yes,6,4,4,2,4,3,4,Yes,Excessive workload with no work life balance whatsoever here
11399,50,Female,Married,Sales,Sales Lead,2,HR Management,Bengaluru,188104,17,1,0,1,7,0,18,5,31,Travel_Frequently,Yes,3,1,4,4,2,1,1,Yes,Job is fine but I am looking for more interesting challenges
11400,27,Male,Married,HR,HR Business Partner,4,Business Administration,Hyderabad,211101,15,1,10,9,4,0,27,5,18,Non-Travel,No,0,1,4,2,3,4,1,Yes,Excessive workload with no work life balance whatsoever here
11401,46,Female,Married,HR,HR Executive,5,Business Administration,Pune,53516,12,0,15,3,0,1,2,3,19,Travel_Rarely,Yes,6,3,2,3,4,4,3,Yes,Very high pressure with little or no recognition for work done
11402,52,Female,Divorced,Marketing,Brand Manager,3,Business Administration,Mumbai,102157,21,0,10,9,4,2,32,6,50,Travel_Rarely,No,3,3,2,1,1,1,4,Yes,Very high pressure with little or no recognition for work done
11403,43,Female,Married,Marketing,Digital Marketer,4,Finance,Hyderabad,147548,12,3,8,2,7,8,15,1,38,Travel_Frequently,No,6,3,3,2,2,1,4,Yes,"It is an okay place to work, nothing exceptional about it"
11404,23,Male,Single,HR,Recruiter,1,Finance,Bhubaneswar,134558,21,1,1,5,3,7,24,8,29,Travel_Frequently,No,6,2,3,1,4,1,4,Yes,I feel undervalued and underpaid compared to industry standards
11405,26,Female,Single,Marketing,Brand Manager,1,Computer Science,Pune,55800,15,3,6,7,1,8,20,4,15,Travel_Rarely,No,0,4,4,4,1,2,2,No,Management is supportive and salary is competitive and fair
11406,48,Female,Married,Finance,Senior Accountant,4,Marketing,Hyderabad,50788,21,3,18,5,2,6,10,6,7,Travel_Frequently,No,3,3,4,2,1,3,3,Yes,Job is fine but I am looking for more interesting challenges
11407,46,Male,Single,Operations,Ops Executive,4,Engineering,Chennai,135754,24,3,17,1,8,6,24,2,37,Travel_Rarely,No,6,2,4,3,1,4,4,Yes,I feel undervalued and underpaid compared to industry standards
11408,29,Male,Married,HR,HR Manager,5,Computer Science,Hyderabad,236045,16,0,19,4,6,4,24,2,37,Non-Travel,No,6,2,1,1,4,1,3,Yes,"It is an okay place to work, nothing exceptional about it"
11409,22,Female,Single,Marketing,Marketing Manager,4,Engineering,Chennai,41240,17,1,6,5,2,6,24,8,7,Travel_Rarely,Yes,3,4,3,2,4,1,2,Yes,"It is an okay place to work, nothing exceptional about it"
11410,41,Female,Single,HR,HR Business Partner,3,Computer Science,Pune,156994,14,3,8,8,4,3,34,1,22,Non-Travel,No,4,4,2,3,1,2,4,No,Great work life balance and very interesting projects daily
11411,44,Male,Single,Sales,Sales Lead,5,Finance,Hyderabad,79198,19,0,11,5,2,4,11,8,12,Travel_Rarely,No,5,3,4,4,1,3,2,Yes,Job is fine but I am looking for more interesting challenges
11412,53,Female,Married,Technology,Data Analyst,2,Business Administration,Chennai,73739,15,2,2,9,9,0,26,1,8,Travel_Frequently,No,3,2,3,3,4,4,1,Yes,Work is okay but salary could definitely be better though
11413,32,Male,Single,Operations,Ops Executive,3,Marketing,Mumbai,219674,21,2,15,4,3,3,1,9,57,Travel_Rarely,No,1,4,1,4,4,3,1,No,"Good colleagues, strong learning opportunities and recognition"
11414,45,Female,Married,HR,HR Manager,5,Finance,Bengaluru,27089,10,3,6,0,7,2,30,1,18,Non-Travel,Yes,3,4,1,1,3,3,1,Yes,Work is okay but salary could definitely be better though
11415,32,Male,Married,Technology,QA Engineer,5,Marketing,Pune,47600,15,3,4,9,2,1,18,4,28,Non-Travel,No,2,4,4,2,1,1,3,No,"Average experience overall, some good and some bad aspects"
11416,50,Female,Married,Marketing,Brand Manager,1,Engineering,Chennai,192248,18,1,6,4,2,1,26,9,18,Non-Travel,Yes,4,4,2,3,2,1,4,No,Great work life balance and very interesting projects daily
11417,47,Male,Married,Technology,QA Engineer,5,Computer Science,Bhubaneswar,23167,19,1,18,4,7,7,9,1,31,Non-Travel,No,4,2,3,3,2,1,4,Yes,"Too much overtime, work life balance is completely terrible"
11418,37,Male,Single,Operations,Coordinator,3,HR Management,Hyderabad,93352,13,3,16,5,9,0,9,9,17,Non-Travel,No,3,1,2,3,4,2,2,Yes,Job is fine but I am looking for more interesting challenges
11419,56,Male,Married,HR,HR Manager,4,HR Management,Chennai,167236,23,0,15,6,9,7,1,8,23,Travel_Rarely,No,2,4,4,4,2,2,2,No,"Career growth is excellent here, very satisfied with my job"
11420,41,Male,Single,Sales,Sales Manager,3,Marketing,Chennai,100965,23,3,18,3,6,8,7,5,11,Travel_Rarely,No,6,2,4,1,4,2,1,Yes,Excessive workload with no work life balance whatsoever here
11421,24,Male,Married,Marketing,Digital Marketer,2,Business Administration,Chennai,140540,19,1,17,6,6,5,16,6,15,Travel_Rarely,No,5,4,1,1,3,1,3,No,"Good colleagues, strong learning opportunities and recognition"
11422,22,Female,Single,HR,HR Executive,5,Business Administration,Bengaluru,246609,22,1,18,4,9,0,11,5,30,Non-Travel,No,3,2,1,2,4,1,3,Yes,Poor management decisions causing frustration across the team
11423,22,Female,Married,Operations,Coordinator,5,Marketing,Bhubaneswar,46415,10,0,3,5,1,9,25,4,52,Travel_Rarely,No,1,3,3,2,1,1,2,No,"I love working here, great team and management support"
11424,38,Male,Divorced,Marketing,Digital Marketer,5,Finance,Bhubaneswar,219725,23,3,0,3,6,6,29,4,31,Non-Travel,Yes,6,1,4,1,4,3,2,Yes,Management doesnt listen and salary is way below market rate
11425,23,Female,Married,Finance,Finance Manager,5,HR Management,Mumbai,86895,20,1,3,7,9,4,19,8,57,Non-Travel,No,4,2,4,1,2,2,4,Yes,"Too much overtime, work life balance is completely terrible"
11426,50,Female,Married,Technology,Data Analyst,1,Finance,Bengaluru,94900,18,3,3,8,9,8,18,8,6,Travel_Rarely,Yes,6,2,3,1,2,2,4,Yes,Excessive workload with no work life balance whatsoever here
11427,41,Female,Married,Operations,Supply Chain Analyst,1,Engineering,Chennai,248573,13,1,8,1,2,6,29,9,12,Non-Travel,No,4,2,2,3,2,3,2,Yes,Poor management decisions causing frustration across the team
11428,27,Female,Single,Finance,Senior Accountant,4,HR Management,Pune,109330,11,2,7,3,6,4,16,3,23,Travel_Rarely,No,5,4,1,4,1,4,4,Yes,Very high pressure with little or no recognition for work done
11429,29,Female,Divorced,HR,HR Executive,5,Engineering,Bengaluru,221901,10,2,1,7,3,1,8,8,39,Travel_Frequently,No,2,3,4,1,4,3,2,Yes,Excessive workload with no work life balance whatsoever here
11430,50,Female,Single,Sales,Sales Lead,2,Computer Science,Bengaluru,73650,12,2,5,7,7,3,34,3,40,Travel_Rarely,No,0,4,4,2,4,3,3,No,"Average experience overall, some good and some bad aspects"
11431,54,Male,Divorced,Marketing,Content Writer,4,Finance,Bhubaneswar,205053,16,1,10,8,7,1,6,2,36,Travel_Rarely,No,5,3,2,4,2,1,1,Yes,I feel undervalued and underpaid compared to industry standards
11432,24,Female,Married,Technology,Junior Developer,5,Marketing,Mumbai,220940,20,0,3,2,5,8,30,2,35,Non-Travel,No,2,1,2,3,1,4,2,Yes,"Average experience overall, some good and some bad aspects"
11433,56,Female,Married,Marketing,Marketing Manager,1,HR Management,Mumbai,15615,19,2,13,0,2,1,34,9,3,Travel_Frequently,Yes,6,4,2,4,2,3,2,Yes,I feel undervalued and underpaid compared to industry standards
11434,26,Female,Married,HR,HR Business Partner,2,Finance,Bengaluru,191684,11,1,8,8,5,1,21,4,42,Non-Travel,No,1,2,1,1,2,4,4,Yes,Job is fine but I am looking for more interesting challenges
11435,48,Male,Married,Marketing,Brand Manager,4,Marketing,Bengaluru,92937,24,3,1,0,5,1,12,5,56,Non-Travel,No,2,1,3,4,1,4,2,Yes,"Average experience overall, some good and some bad aspects"
11436,33,Female,Married,Technology,QA Engineer,2,Computer Science,Hyderabad,56936,18,2,0,2,2,0,6,2,28,Non-Travel,Yes,5,4,4,2,2,1,3,Yes,I feel undervalued and underpaid compared to industry standards
11437,41,Female,Single,HR,L&D Specialist,5,HR Management,Chennai,175444,21,0,3,2,3,8,6,9,15,Travel_Rarely,No,0,3,1,4,3,4,1,Yes,"Average experience overall, some good and some bad aspects"
11438,41,Female,Married,Marketing,Content Writer,3,Engineering,Bhubaneswar,122812,22,0,11,8,1,7,4,7,13,Travel_Rarely,Yes,6,4,2,1,1,1,4,Yes,Management doesnt listen and salary is way below market rate
11439,30,Male,Married,Sales,BD Executive,2,Computer Science,Chennai,82875,20,0,4,0,0,1,9,3,19,Travel_Frequently,Yes,1,4,4,4,2,2,3,No,"Good colleagues, strong learning opportunities and recognition"
11440,25,Female,Divorced,Operations,Supply Chain Analyst,2,Business Administration,Pune,96782,11,3,8,6,1,1,5,6,40,Travel_Rarely,No,1,2,4,4,4,3,1,Yes,"It is an okay place to work, nothing exceptional about it"
11441,40,Male,Married,HR,HR Manager,1,Marketing,Pune,76700,14,3,3,1,6,4,10,7,18,Travel_Rarely,Yes,0,2,1,4,3,1,4,Yes,Poor management decisions causing frustration across the team
11442,48,Female,Single,Operations,Ops Executive,5,HR Management,Mumbai,23109,17,0,15,6,9,3,8,6,31,Travel_Rarely,No,3,1,2,2,4,1,3,Yes,Job is fine but I am looking for more interesting challenges
11443,34,Male,Single,HR,HR Business Partner,2,HR Management,Bhubaneswar,38758,22,0,1,0,4,1,23,6,37,Travel_Rarely,No,2,2,2,4,4,3,2,Yes,Work is okay but salary could definitely be better though
11444,34,Male,Married,Sales,Account Manager,5,Computer Science,Chennai,234699,22,0,15,9,8,7,4,8,21,Travel_Frequently,No,5,4,3,4,3,1,4,Yes,"It is an okay place to work, nothing exceptional about it"
11445,43,Male,Single,Operations,Coordinator,1,HR Management,Mumbai,123592,21,3,15,9,2,7,7,8,39,Travel_Rarely,No,1,4,2,3,1,4,2,Yes,"It is an okay place to work, nothing exceptional about it"
11446,49,Female,Single,Finance,Senior Accountant,5,Marketing,Pune,28317,19,3,10,7,1,3,6,5,5,Travel_Rarely,No,5,3,1,4,2,1,4,Yes,Excessive workload with no work life balance whatsoever here
11447,43,Male,Married,Technology,Data Analyst,1,Computer Science,Bengaluru,228370,17,1,0,9,3,3,15,4,57,Travel_Rarely,Yes,2,4,3,4,4,1,1,Yes,"No growth at all, stuck in same role for many years now"
11448,40,Male,Married,Finance,Auditor,1,Engineering,Bhubaneswar,215073,12,2,14,9,1,8,32,5,51,Travel_Rarely,No,6,1,3,3,4,4,4,Yes,"It is an okay place to work, nothing exceptional about it"
11449,29,Male,Married,Marketing,Content Writer,4,Computer Science,Bhubaneswar,197495,11,3,3,1,6,3,14,9,57,Non-Travel,Yes,0,1,3,2,4,3,4,Yes,"No growth at all, stuck in same role for many years now"
11450,29,Male,Single,Sales,Sales Lead,5,Computer Science,Chennai,40622,18,0,17,2,9,9,11,6,17,Non-Travel,No,4,2,3,2,1,1,3,Yes,Excessive workload with no work life balance whatsoever here
11451,47,Female,Married,Finance,Financial Analyst,3,Engineering,Hyderabad,21800,12,2,16,7,5,8,10,3,19,Travel_Rarely,No,0,3,3,3,4,2,4,No,Job is fine but I am looking for more interesting challenges
11452,47,Female,Single,HR,Recruiter,4,Business Administration,Chennai,50539,17,3,6,2,7,2,17,3,4,Travel_Frequently,No,2,4,1,3,4,3,1,Yes,Job is fine but I am looking for more interesting challenges
11453,44,Female,Married,Marketing,Brand Manager,1,Marketing,Bengaluru,248259,11,2,17,0,4,1,13,1,54,Travel_Rarely,No,1,2,4,4,4,2,3,No,Great work life balance and very interesting projects daily
11454,34,Female,Single,Marketing,SEO Analyst,3,Business Administration,Bengaluru,148672,12,1,12,8,1,7,34,5,26,Travel_Frequently,No,6,4,2,2,3,2,2,No,"Very happy with my role, the team is fantastic and supportive"
11455,49,Male,Divorced,Finance,Financial Analyst,2,Business Administration,Mumbai,217126,10,3,19,7,3,2,5,6,24,Non-Travel,Yes,2,1,4,2,3,2,4,Yes,"Average experience overall, some good and some bad aspects"
11456,30,Female,Married,Finance,Senior Accountant,2,Business Administration,Bhubaneswar,100163,23,0,19,3,0,1,10,8,39,Travel_Rarely,Yes,6,1,4,4,4,1,1,Yes,Job is fine but I am looking for more interesting challenges
11457,41,Male,Married,Sales,Account Manager,4,Finance,Mumbai,175441,20,0,9,7,1,7,32,9,56,Travel_Rarely,No,4,3,2,1,1,4,1,Yes,"It is an okay place to work, nothing exceptional about it"
11458,40,Female,Married,Technology,QA Engineer,3,Business Administration,Bengaluru,243053,15,1,0,4,3,7,12,7,54,Travel_Frequently,No,1,4,2,4,1,1,4,Yes,Very high pressure with little or no recognition for work done
11459,33,Female,Married,Finance,Tax Analyst,5,Finance,Hyderabad,31689,22,1,1,2,5,4,13,1,38,Non-Travel,No,6,4,4,1,2,2,4,No,"Career growth is excellent here, very satisfied with my job"
11460,36,Female,Single,Finance,Auditor,3,Engineering,Bhubaneswar,96459,16,1,16,0,3,8,21,7,46,Travel_Rarely,No,4,1,2,4,3,2,2,Yes,"Average experience overall, some good and some bad aspects"
11461,52,Male,Married,Operations,Coordinator,4,Marketing,Bengaluru,53469,13,1,2,9,3,5,33,9,54,Non-Travel,No,6,3,3,3,1,4,2,Yes,"Too much overtime, work life balance is completely terrible"
11462,35,Female,Single,HR,HR Manager,5,Business Administration,Hyderabad,242011,10,1,16,4,9,4,32,4,19,Travel_Rarely,No,3,2,2,4,4,3,2,Yes,Job is fine but I am looking for more interesting challenges
11463,32,Female,Divorced,Operations,Coordinator,5,HR Management,Chennai,147030,12,3,11,5,9,2,12,7,30,Travel_Frequently,No,5,3,2,3,3,2,2,Yes,"It is an okay place to work, nothing exceptional about it"
11464,47,Female,Married,Operations,Ops Executive,2,Engineering,Pune,75012,18,3,11,3,1,6,28,9,26,Travel_Rarely,Yes,0,2,3,1,1,1,2,Yes,"No growth at all, stuck in same role for many years now"
11465,48,Male,Single,Marketing,Content Writer,3,Finance,Bengaluru,215146,14,2,19,6,8,8,13,1,52,Travel_Frequently,No,3,2,3,1,2,2,2,Yes,"Average experience overall, some good and some bad aspects"
11466,32,Female,Married,Technology,Data Analyst,5,Marketing,Pune,75021,15,1,9,2,9,3,12,9,11,Travel_Frequently,No,2,1,3,3,4,2,3,Yes,Poor management decisions causing frustration across the team
11467,55,Female,Married,HR,HR Business Partner,4,Computer Science,Mumbai,235012,13,0,6,6,7,6,22,4,54,Non-Travel,No,3,2,2,3,3,3,3,Yes,Very high pressure with little or no recognition for work done
11468,40,Male,Single,Sales,Sales Executive,2,Marketing,Pune,196854,10,0,9,0,7,2,2,8,39,Travel_Rarely,Yes,0,4,3,2,2,4,1,Yes,Excessive workload with no work life balance whatsoever here
11469,27,Male,Divorced,Sales,Account Manager,5,Marketing,Bengaluru,221591,23,1,17,6,4,1,29,3,3,Non-Travel,No,1,1,3,2,2,2,3,Yes,Poor management decisions causing frustration across the team
11470,49,Female,Married,Finance,Tax Analyst,3,Business Administration,Pune,246979,14,1,5,0,2,0,13,2,52,Non-Travel,No,5,3,1,4,3,3,4,No,"I love working here, great team and management support"
11471,22,Female,Married,Finance,Auditor,2,Business Administration,Bhubaneswar,205387,14,1,6,0,5,5,13,8,22,Travel_Rarely,No,4,3,1,3,1,3,4,Yes,"Average experience overall, some good and some bad aspects"
11472,56,Female,Married,Sales,Sales Lead,3,Finance,Bengaluru,39642,14,1,16,1,8,4,34,8,17,Travel_Rarely,No,6,2,2,1,4,2,4,Yes,Work is okay but salary could definitely be better though
11473,29,Male,Single,Finance,Finance Manager,3,Finance,Hyderabad,94003,24,1,11,1,7,1,19,3,11,Travel_Rarely,No,1,4,3,2,2,2,1,No,Management is supportive and salary is competitive and fair
11474,28,Male,Divorced,Technology,DevOps Engineer,3,Business Administration,Pune,138714,15,0,16,3,6,2,9,8,47,Non-Travel,No,5,3,2,3,2,4,3,Yes,Job is fine but I am looking for more interesting challenges
11475,32,Male,Single,Operations,Coordinator,2,Business Administration,Bhubaneswar,15205,20,2,17,0,7,8,31,6,39,Travel_Frequently,Yes,3,2,1,1,3,1,4,Yes,Management doesnt listen and salary is way below market rate
11476,25,Female,Single,Finance,Financial Analyst,5,HR Management,Mumbai,107945,11,1,13,3,3,2,33,9,47,Travel_Rarely,Yes,2,3,1,1,3,1,3,Yes,Management doesnt listen and salary is way below market rate
11477,46,Male,Married,Marketing,Brand Manager,1,HR Management,Mumbai,27442,10,1,10,1,5,6,27,6,27,Non-Travel,Yes,3,4,3,3,3,4,4,Yes,Excessive workload with no work life balance whatsoever here
11478,33,Female,Married,Finance,Financial Analyst,5,Engineering,Pune,106826,24,1,1,3,4,0,2,8,49,Travel_Rarely,No,0,2,2,4,2,3,2,Yes,"No growth at all, stuck in same role for many years now"
11479,47,Male,Married,HR,HR Executive,2,Business Administration,Mumbai,237716,11,3,0,3,1,6,15,2,43,Non-Travel,No,0,4,1,2,1,3,3,Yes,"Average experience overall, some good and some bad aspects"
11480,33,Male,Single,Technology,DevOps Engineer,1,Computer Science,Hyderabad,151763,22,0,10,8,7,8,19,1,29,Travel_Rarely,Yes,2,2,4,2,1,4,3,Yes,Very high pressure with little or no recognition for work done
11481,45,Male,Single,HR,HR Manager,1,HR Management,Bengaluru,53909,19,0,1,8,2,7,31,2,12,Travel_Rarely,No,5,4,3,3,4,1,4,No,"Career growth is excellent here, very satisfied with my job"
11482,37,Female,Single,HR,Recruiter,1,Finance,Bhubaneswar,34504,15,2,15,0,4,6,16,4,13,Travel_Rarely,No,1,3,2,4,3,3,3,No,Work is okay but salary could definitely be better though
11483,34,Female,Divorced,Marketing,Content Writer,4,Marketing,Chennai,210342,14,3,2,4,7,9,15,9,58,Non-Travel,No,6,3,4,1,4,1,2,Yes,Poor management decisions causing frustration across the team
11484,46,Female,Single,Technology,Junior Developer,2,Engineering,Pune,110698,24,3,19,6,8,7,6,7,11,Travel_Rarely,No,6,4,3,4,2,3,4,Yes,Work is okay but salary could definitely be better though
11485,25,Female,Married,Technology,DevOps Engineer,4,HR Management,Mumbai,204123,14,3,0,3,8,3,14,9,31,Non-Travel,No,0,3,3,2,2,1,2,Yes,Very high pressure with little or no recognition for work done
11486,32,Male,Married,Technology,DevOps Engineer,1,Marketing,Bengaluru,184870,21,2,19,4,4,1,27,9,11,Travel_Rarely,Yes,0,3,1,3,2,4,4,Yes,Job is fine but I am looking for more interesting challenges
11487,53,Female,Married,Technology,DevOps Engineer,4,Marketing,Chennai,195402,21,2,7,1,1,8,19,9,57,Non-Travel,No,2,2,2,2,4,1,3,Yes,"No growth at all, stuck in same role for many years now"
11488,28,Male,Divorced,Technology,Junior Developer,4,HR Management,Hyderabad,102087,24,2,18,2,6,2,4,8,58,Travel_Rarely,Yes,1,4,1,3,3,3,4,Yes,Management doesnt listen and salary is way below market rate
11489,32,Female,Single,Marketing,Brand Manager,2,Computer Science,Mumbai,224991,15,3,0,6,6,3,26,6,41,Non-Travel,No,3,2,4,4,4,3,1,Yes,I feel undervalued and underpaid compared to industry standards
11490,49,Female,Single,Finance,Finance Manager,3,Computer Science,Mumbai,228104,23,0,4,9,7,6,9,7,43,Travel_Rarely,Yes,4,3,4,2,4,3,4,Yes,Job is fine but I am looking for more interesting challenges
11491,44,Male,Married,HR,HR Manager,4,Engineering,Bhubaneswar,56716,19,3,0,6,7,1,15,2,57,Travel_Rarely,Yes,2,3,4,4,2,2,3,Yes,I feel undervalued and underpaid compared to industry standards
11492,44,Male,Single,Technology,Data Analyst,4,Computer Science,Hyderabad,220696,16,2,10,3,4,7,4,1,36,Non-Travel,Yes,1,1,4,2,2,2,2,Yes,Excessive workload with no work life balance whatsoever here
11493,49,Female,Married,Finance,Finance Manager,1,Engineering,Hyderabad,193054,18,3,8,0,0,9,26,5,2,Non-Travel,No,4,4,4,4,1,3,2,No,"It is an okay place to work, nothing exceptional about it"
11494,47,Female,Married,Finance,Financial Analyst,1,Finance,Pune,173516,16,1,4,0,3,7,18,8,23,Travel_Rarely,No,6,4,2,2,3,4,1,No,Great work life balance and very interesting projects daily
11495,46,Male,Divorced,HR,Recruiter,1,HR Management,Chennai,170806,11,3,1,3,3,4,29,3,36,Non-Travel,Yes,2,2,2,3,3,3,4,Yes,Work is okay but salary could definitely be better though
11496,50,Male,Single,Marketing,SEO Analyst,5,Marketing,Bhubaneswar,187817,15,3,12,3,2,8,24,7,14,Travel_Rarely,No,3,4,3,4,3,4,4,No,Work is okay but salary could definitely be better though
11497,40,Male,Divorced,Sales,Sales Manager,4,Engineering,Pune,49571,18,0,17,5,7,7,4,5,37,Travel_Rarely,No,3,2,3,4,4,3,2,Yes,"It is an okay place to work, nothing exceptional about it"
11498,54,Male,Single,Sales,Account Manager,1,Computer Science,Bhubaneswar,238023,16,0,11,6,2,0,21,8,49,Travel_Rarely,Yes,1,3,2,3,2,3,2,Yes,Excessive workload with no work life balance whatsoever here
11499,57,Male,Married,Finance,Tax Analyst,2,Engineering,Hyderabad,161461,11,0,13,8,4,8,7,6,27,Travel_Frequently,Yes,1,1,3,1,2,4,3,Yes,Management doesnt listen and salary is way below market rate
11500,35,Female,Married,Operations,Supply Chain Analyst,5,Business Administration,Bhubaneswar,108280,12,1,4,8,1,4,23,6,12,Travel_Rarely,No,3,3,1,2,1,1,1,Yes,Management doesnt listen and salary is way below market rate
11501,35,Female,Married,Operations,Process Analyst,3,Engineering,Bhubaneswar,230290,17,0,9,9,5,8,21,7,58,Travel_Rarely,No,3,2,2,2,4,2,2,Yes,"No growth at all, stuck in same role for many years now"
11502,56,Female,Married,HR,L&D Specialist,4,Computer Science,Bhubaneswar,60038,20,1,19,4,5,8,1,7,29,Travel_Rarely,Yes,2,2,1,3,3,3,4,Yes,"It is an okay place to work, nothing exceptional about it"
11503,51,Female,Divorced,Sales,Account Manager,4,Business Administration,Bengaluru,245918,18,2,1,9,7,9,25,4,6,Travel_Frequently,No,5,1,4,2,4,4,2,Yes,Excessive workload with no work life balance whatsoever here
11504,49,Male,Divorced,Finance,Auditor,2,Business Administration,Bengaluru,87795,13,0,3,2,7,9,31,8,44,Non-Travel,No,6,3,4,4,2,4,3,Yes,I feel undervalued and underpaid compared to industry standards
11505,38,Male,Divorced,Marketing,Digital Marketer,3,Computer Science,Chennai,60168,18,3,11,2,0,2,5,6,47,Travel_Frequently,No,5,4,3,4,1,2,4,Yes,Excessive workload with no work life balance whatsoever here
11506,24,Male,Single,Sales,Account Manager,3,Business Administration,Chennai,224154,11,3,10,5,4,7,31,8,23,Travel_Frequently,Yes,1,1,2,3,4,2,3,Yes,"No growth at all, stuck in same role for many years now"
11507,37,Female,Divorced,Finance,Financial Analyst,5,HR Management,Hyderabad,82690,22,1,3,0,1,6,1,7,51,Travel_Rarely,No,4,4,4,4,2,1,3,No,Great work life balance and very interesting projects daily
11508,51,Male,Married,Finance,Auditor,4,Marketing,Bhubaneswar,220374,20,0,10,6,9,6,30,1,10,Travel_Rarely,Yes,3,3,3,1,4,3,3,Yes,"Too much overtime, work life balance is completely terrible"
11509,50,Male,Single,Technology,QA Engineer,1,HR Management,Hyderabad,129053,14,3,8,2,4,9,18,4,34,Travel_Frequently,No,4,1,1,2,2,2,1,Yes,"No growth at all, stuck in same role for many years now"
11510,36,Female,Single,Marketing,Marketing Manager,2,HR Management,Bengaluru,26230,20,2,9,4,9,1,8,7,44,Travel_Rarely,Yes,1,3,2,3,4,1,4,Yes,Excessive workload with no work life balance whatsoever here
11511,46,Female,Single,Technology,Senior Developer,2,Computer Science,Bhubaneswar,98301,11,0,5,6,8,1,26,9,12,Travel_Rarely,No,6,3,3,3,3,3,4,Yes,Poor management decisions causing frustration across the team
11512,44,Female,Single,HR,HR Manager,2,Computer Science,Pune,151974,20,2,14,6,3,1,15,2,32,Travel_Rarely,No,1,4,4,2,4,3,3,No,Job is fine but I am looking for more interesting challenges
11513,46,Male,Married,Technology,Senior Developer,2,Marketing,Bengaluru,81758,10,3,9,8,7,1,19,5,26,Travel_Rarely,No,0,4,1,1,4,4,1,No,Management is supportive and salary is competitive and fair
11514,28,Male,Divorced,Technology,Data Analyst,1,Engineering,Bengaluru,42050,22,0,5,0,0,3,10,9,7,Non-Travel,Yes,3,4,1,3,3,2,2,Yes,"No growth at all, stuck in same role for many years now"
11515,43,Female,Married,Sales,Account Manager,1,HR Management,Bengaluru,114805,23,1,0,2,7,6,24,9,32,Travel_Rarely,No,6,3,3,2,4,1,4,Yes,Management doesnt listen and salary is way below market rate
11516,38,Female,Married,Operations,Supply Chain Analyst,5,Business Administration,Bhubaneswar,220658,14,3,19,8,5,1,16,6,33,Travel_Rarely,No,5,2,2,1,2,1,2,Yes,Very high pressure with little or no recognition for work done
11517,39,Male,Divorced,Finance,Tax Analyst,4,Marketing,Chennai,84110,11,2,3,7,7,4,31,7,18,Travel_Frequently,Yes,5,3,3,3,2,4,4,Yes,Job is fine but I am looking for more interesting challenges
11518,31,Female,Single,Marketing,Digital Marketer,1,HR Management,Mumbai,117033,23,0,13,1,5,6,16,9,35,Travel_Rarely,No,1,2,4,1,2,1,3,Yes,Job is fine but I am looking for more interesting challenges
11519,31,Male,Divorced,Technology,QA Engineer,5,Engineering,Pune,91693,22,2,19,7,2,8,16,8,20,Travel_Frequently,Yes,1,1,2,3,2,1,4,Yes,Poor management decisions causing frustration across the team
11520,28,Female,Married,Marketing,SEO Analyst,3,Business Administration,Pune,137428,16,2,19,7,7,7,28,6,31,Travel_Rarely,No,3,4,4,2,2,3,3,No,Work is okay but salary could definitely be better though
11521,48,Female,Married,Operations,Coordinator,4,HR Management,Hyderabad,34575,17,1,7,1,4,8,20,6,5,Travel_Rarely,No,0,4,1,2,3,2,4,No,"Average experience overall, some good and some bad aspects"
11522,54,Female,Single,Operations,Supply Chain Analyst,1,Finance,Bhubaneswar,205012,11,1,10,7,9,6,9,7,32,Non-Travel,Yes,0,3,1,2,3,4,3,Yes,"No growth at all, stuck in same role for many years now"
11523,22,Male,Married,Technology,Data Analyst,3,Marketing,Chennai,55244,16,3,14,2,4,2,10,7,52,Travel_Rarely,Yes,0,2,4,1,4,2,2,Yes,Management doesnt listen and salary is way below market rate
11524,55,Male,Single,HR,HR Executive,5,Computer Science,Bengaluru,229553,13,1,18,6,6,0,18,2,47,Travel_Frequently,Yes,0,1,4,4,2,1,2,Yes,Very high pressure with little or no recognition for work done
11525,25,Female,Married,Technology,Junior Developer,1,HR Management,Mumbai,29962,10,1,7,8,5,9,15,9,42,Non-Travel,No,6,3,1,1,4,1,2,Yes,Excessive workload with no work life balance whatsoever here
11526,38,Male,Single,Sales,Sales Lead,1,Business Administration,Bhubaneswar,246898,20,3,12,3,8,6,30,4,19,Travel_Frequently,No,2,1,3,2,2,1,4,Yes,I feel undervalued and underpaid compared to industry standards
11527,25,Female,Divorced,Finance,Auditor,3,Business Administration,Bhubaneswar,115695,24,3,17,5,6,5,32,9,1,Non-Travel,Yes,3,2,3,3,4,2,1,Yes,I feel undervalued and underpaid compared to industry standards
11528,47,Female,Married,HR,HR Executive,1,Marketing,Chennai,105388,12,3,16,8,2,1,27,3,7,Non-Travel,No,3,4,3,4,3,4,2,No,Job is fine but I am looking for more interesting challenges
11529,25,Male,Single,Technology,Senior Developer,2,Marketing,Mumbai,242292,20,3,5,4,4,0,27,5,58,Non-Travel,Yes,3,4,4,1,2,4,4,Yes,Excessive workload with no work life balance whatsoever here
11530,22,Male,Married,Marketing,Content Writer,1,Business Administration,Bengaluru,92332,21,2,14,0,8,9,19,5,22,Travel_Rarely,No,6,2,4,1,3,3,3,Yes,"Too much overtime, work life balance is completely terrible"
11531,28,Male,Single,HR,HR Manager,4,Business Administration,Bhubaneswar,170522,10,2,12,2,9,3,10,7,50,Non-Travel,No,5,4,1,3,4,4,1,Yes,Work is okay but salary could definitely be better though
11532,51,Male,Married,HR,Recruiter,3,Business Administration,Pune,246454,14,3,17,8,1,3,6,4,34,Travel_Rarely,No,6,3,2,3,3,3,1,No,"Average experience overall, some good and some bad aspects"
11533,30,Female,Divorced,Technology,Data Analyst,4,HR Management,Pune,199566,24,3,10,2,0,5,24,4,51,Travel_Rarely,Yes,0,2,3,2,3,1,1,Yes,"No growth at all, stuck in same role for many years now"
11534,56,Male,Married,HR,HR Executive,5,Business Administration,Mumbai,142386,22,0,12,9,7,4,9,1,56,Travel_Rarely,No,0,4,3,1,3,4,2,No,"I love working here, great team and management support"
11535,29,Male,Single,Marketing,SEO Analyst,4,Computer Science,Bengaluru,60037,17,0,0,1,7,8,27,6,56,Travel_Rarely,No,5,2,3,3,1,3,2,Yes,Very high pressure with little or no recognition for work done
11536,45,Female,Married,Operations,Operations Manager,2,Business Administration,Mumbai,127666,10,0,17,3,1,7,7,4,10,Travel_Rarely,No,6,1,1,3,4,3,2,Yes,"It is an okay place to work, nothing exceptional about it"
11537,40,Female,Married,HR,Recruiter,2,Computer Science,Bhubaneswar,142048,23,1,4,4,7,8,6,5,47,Travel_Frequently,No,5,3,2,4,4,2,2,Yes,"No growth at all, stuck in same role for many years now"
11538,57,Female,Married,Operations,Operations Manager,4,HR Management,Pune,98040,18,2,5,6,4,9,33,9,42,Travel_Rarely,No,1,3,2,2,2,1,3,No,"Very happy with my role, the team is fantastic and supportive"
11539,48,Female,Single,Marketing,Brand Manager,5,Marketing,Hyderabad,126264,12,2,0,6,1,6,21,4,26,Non-Travel,No,2,3,2,2,2,4,4,Yes,Management doesnt listen and salary is way below market rate
11540,53,Male,Married,Technology,Senior Developer,1,Computer Science,Mumbai,176113,14,0,6,8,6,8,17,1,32,Travel_Rarely,No,5,4,3,1,2,4,1,No,"Average experience overall, some good and some bad aspects"
11541,35,Male,Married,Finance,Tax Analyst,2,HR Management,Hyderabad,25715,18,0,3,7,6,2,31,9,42,Travel_Rarely,No,3,1,4,3,3,4,4,Yes,Work is okay but salary could definitely be better though
11542,39,Female,Single,HR,HR Manager,4,Business Administration,Hyderabad,167875,14,2,8,1,2,8,11,5,27,Travel_Rarely,No,2,4,3,2,4,3,1,No,"Career growth is excellent here, very satisfied with my job"
11543,49,Female,Single,Finance,Tax Analyst,4,HR Management,Chennai,214978,18,1,14,7,0,1,28,7,12,Travel_Frequently,No,6,4,2,1,3,4,1,No,"It is an okay place to work, nothing exceptional about it"
11544,50,Male,Married,Marketing,Digital Marketer,4,Business Administration,Pune,76726,19,0,5,7,3,8,5,3,40,Travel_Frequently,No,5,2,1,2,4,4,1,Yes,Excessive workload with no work life balance whatsoever here
11545,37,Male,Married,HR,HR Business Partner,1,HR Management,Mumbai,147980,17,3,16,4,1,5,12,4,23,Non-Travel,No,3,3,2,1,3,4,1,No,"Career growth is excellent here, very satisfied with my job"
11546,56,Male,Divorced,Operations,Ops Executive,3,Marketing,Hyderabad,133208,16,0,19,2,3,3,3,9,14,Travel_Rarely,Yes,0,4,3,3,2,1,3,Yes,Poor management decisions causing frustration across the team
11547,52,Male,Married,Sales,Sales Manager,5,Computer Science,Bhubaneswar,183147,20,2,17,8,7,1,2,1,34,Travel_Rarely,Yes,6,3,4,2,3,1,3,Yes,Work is okay but salary could definitely be better though
11548,25,Male,Married,Finance,Financial Analyst,3,Marketing,Chennai,210659,10,2,3,6,1,9,26,5,17,Travel_Frequently,No,0,1,2,1,1,3,1,Yes,Very high pressure with little or no recognition for work done
11549,38,Female,Single,HR,L&D Specialist,5,Finance,Bengaluru,68648,13,0,8,0,0,2,2,8,6,Travel_Rarely,No,3,1,4,1,2,2,1,Yes,Poor management decisions causing frustration across the team
11550,47,Female,Divorced,Finance,Finance Manager,5,Business Administration,Chennai,36134,18,0,13,7,2,4,12,7,27,Travel_Rarely,No,4,3,2,3,1,4,2,No,Management is supportive and salary is competitive and fair
11551,25,Female,Divorced,HR,HR Executive,4,Computer Science,Bengaluru,71143,19,3,2,9,9,8,2,4,8,Travel_Frequently,No,6,3,4,2,1,4,1,Yes,Management doesnt listen and salary is way below market rate
11552,51,Female,Divorced,Technology,Senior Developer,2,Marketing,Pune,84123,17,3,0,4,6,6,16,7,33,Travel_Rarely,No,0,1,4,1,2,3,4,Yes,"No growth at all, stuck in same role for many years now"
11553,51,Male,Married,Operations,Process Analyst,4,Computer Science,Mumbai,241631,13,1,10,5,5,2,30,1,35,Travel_Rarely,No,1,1,2,1,1,4,3,Yes,Poor management decisions causing frustration across the team
11554,43,Female,Single,Finance,Auditor,1,Finance,Mumbai,191225,21,1,0,8,5,3,4,6,47,Travel_Frequently,No,5,4,1,1,1,2,4,Yes,"No growth at all, stuck in same role for many years now"
11555,32,Male,Married,Sales,Account Manager,5,Engineering,Bengaluru,148485,10,3,11,9,6,1,11,9,17,Travel_Frequently,No,0,1,3,1,4,3,2,Yes,Job is fine but I am looking for more interesting challenges
11556,23,Male,Married,Sales,Account Manager,2,Business Administration,Bhubaneswar,236646,19,1,8,7,7,7,24,3,26,Non-Travel,Yes,1,4,3,2,3,1,3,Yes,Very high pressure with little or no recognition for work done
11557,33,Male,Single,Marketing,Content Writer,5,Business Administration,Bengaluru,168627,13,1,4,2,2,5,18,4,57,Travel_Rarely,No,2,1,2,4,1,2,2,Yes,Job is fine but I am looking for more interesting challenges
11558,51,Male,Married,HR,L&D Specialist,5,HR Management,Bengaluru,157024,24,0,14,4,2,2,27,8,7,Travel_Rarely,No,6,4,4,2,3,4,2,No,"I love working here, great team and management support"
11559,57,Male,Single,Finance,Tax Analyst,4,Business Administration,Mumbai,215065,12,3,17,3,9,4,2,5,46,Travel_Frequently,Yes,0,2,3,1,1,2,4,Yes,"No growth at all, stuck in same role for many years now"
11560,39,Male,Single,Marketing,Digital Marketer,2,Business Administration,Hyderabad,220072,15,0,8,0,7,4,15,5,24,Travel_Frequently,No,5,2,4,2,2,1,1,Yes,"It is an okay place to work, nothing exceptional about it"
11561,47,Male,Married,Finance,Senior Accountant,2,Marketing,Bhubaneswar,136657,20,0,12,4,6,0,11,1,25,Travel_Rarely,Yes,0,4,1,2,2,3,3,Yes,"Too much overtime, work life balance is completely terrible"
11562,28,Female,Married,HR,HR Business Partner,5,Business Administration,Mumbai,81686,14,1,12,9,9,4,27,6,35,Travel_Rarely,No,5,3,2,3,4,2,3,Yes,"No growth at all, stuck in same role for many years now"
11563,22,Male,Divorced,Sales,Sales Lead,2,Business Administration,Chennai,127841,14,0,12,6,4,5,23,2,26,Non-Travel,No,2,2,1,3,2,3,1,Yes,Very high pressure with little or no recognition for work done
11564,47,Female,Single,Technology,Data Analyst,2,Finance,Bengaluru,47264,11,2,9,0,3,9,30,1,59,Travel_Rarely,No,5,1,4,1,4,3,4,Yes,"Too much overtime, work life balance is completely terrible"
11565,44,Female,Single,Sales,Account Manager,4,Finance,Hyderabad,193625,21,1,9,3,5,9,24,6,50,Travel_Rarely,No,1,3,4,4,2,4,2,No,"Very happy with my role, the team is fantastic and supportive"
11566,47,Male,Single,Marketing,SEO Analyst,3,Computer Science,Bhubaneswar,200431,12,2,6,5,8,1,19,5,54,Travel_Rarely,No,4,1,2,3,3,4,4,Yes,"Too much overtime, work life balance is completely terrible"
11567,27,Male,Single,Operations,Operations Manager,1,Computer Science,Pune,124885,20,1,4,8,5,2,29,5,5,Travel_Rarely,Yes,6,2,4,2,1,3,2,Yes,Management doesnt listen and salary is way below market rate
11568,27,Female,Single,Technology,Junior Developer,3,Business Administration,Bhubaneswar,244394,15,0,19,7,7,9,13,9,52,Travel_Rarely,Yes,5,1,2,1,1,1,3,Yes,"No growth at all, stuck in same role for many years now"
11569,29,Female,Married,Marketing,SEO Analyst,2,Business Administration,Bhubaneswar,155880,11,1,6,1,0,4,23,3,54,Travel_Frequently,Yes,6,4,2,4,4,3,1,Yes,"No growth at all, stuck in same role for many years now"
11570,45,Female,Married,HR,L&D Specialist,5,HR Management,Bengaluru,67330,24,2,19,2,5,2,12,1,47,Non-Travel,No,5,3,1,3,2,1,1,No,Great work life balance and very interesting projects daily
11571,43,Female,Married,Technology,DevOps Engineer,1,Computer Science,Bengaluru,129672,13,1,9,9,1,4,29,8,38,Travel_Rarely,Yes,6,2,3,1,3,2,3,Yes,"Average experience overall, some good and some bad aspects"
11572,40,Male,Divorced,Marketing,SEO Analyst,1,Marketing,Pune,53345,11,2,9,4,2,4,6,5,35,Travel_Rarely,No,1,3,3,4,3,3,2,No,Management is supportive and salary is competitive and fair
11573,39,Male,Married,HR,HR Executive,5,Business Administration,Pune,215689,18,3,12,6,5,7,23,5,30,Travel_Rarely,No,6,4,4,1,2,2,4,No,"Very happy with my role, the team is fantastic and supportive"
11574,52,Male,Single,Sales,Sales Executive,1,Marketing,Pune,54222,12,0,14,2,1,9,31,8,50,Travel_Rarely,No,3,2,3,4,1,3,2,Yes,"It is an okay place to work, nothing exceptional about it"
11575,51,Female,Single,Operations,Coordinator,5,Business Administration,Mumbai,72755,19,2,5,6,3,8,21,8,25,Non-Travel,No,3,1,4,3,2,2,1,Yes,Job is fine but I am looking for more interesting challenges
11576,54,Male,Divorced,HR,L&D Specialist,1,Marketing,Mumbai,23933,19,3,19,4,5,7,24,2,24,Non-Travel,Yes,3,3,3,2,1,1,4,Yes,Management doesnt listen and salary is way below market rate
11577,31,Female,Married,Finance,Senior Accountant,3,Engineering,Bengaluru,83207,15,0,11,9,4,2,8,3,30,Non-Travel,No,5,2,1,2,2,2,4,No,Job is fine but I am looking for more interesting challenges
11578,33,Male,Married,HR,Recruiter,1,Marketing,Bengaluru,189811,24,3,18,5,5,0,9,1,20,Non-Travel,No,2,2,3,3,1,2,2,Yes,Poor management decisions causing frustration across the team
11579,51,Female,Divorced,HR,Recruiter,4,Computer Science,Pune,193810,10,2,10,5,5,2,22,3,54,Travel_Rarely,No,1,4,4,3,4,4,2,No,"Average experience overall, some good and some bad aspects"
11580,48,Male,Divorced,Operations,Coordinator,5,Business Administration,Mumbai,242825,22,0,5,3,7,0,4,4,3,Non-Travel,No,5,2,4,3,3,3,2,Yes,Management doesnt listen and salary is way below market rate
11581,30,Male,Divorced,Finance,Tax Analyst,1,Computer Science,Hyderabad,119691,20,3,0,7,8,8,13,7,32,Travel_Rarely,No,6,2,3,4,2,3,4,Yes,Work is okay but salary could definitely be better though
11582,42,Female,Married,Marketing,Marketing Manager,5,Marketing,Mumbai,120137,23,2,1,8,4,2,34,9,59,Non-Travel,No,0,4,2,4,1,3,3,Yes,I feel undervalued and underpaid compared to industry standards
11583,33,Female,Single,Marketing,Marketing Manager,4,Finance,Bengaluru,230616,24,3,14,1,5,7,3,5,8,Travel_Rarely,No,5,1,1,4,1,3,4,Yes,Work is okay but salary could definitely be better though
11584,50,Female,Divorced,HR,HR Manager,1,Finance,Mumbai,167955,24,0,3,8,5,5,28,1,51,Travel_Rarely,Yes,3,1,2,4,1,4,1,Yes,"No growth at all, stuck in same role for many years now"
11585,54,Female,Married,Finance,Tax Analyst,1,Finance,Bengaluru,113818,19,0,4,3,5,2,26,2,50,Travel_Rarely,No,1,2,3,4,4,1,3,No,"Average experience overall, some good and some bad aspects"
11586,36,Female,Single,Finance,Tax Analyst,4,Business Administration,Pune,113510,12,0,14,5,1,8,34,2,47,Travel_Rarely,No,0,1,2,4,1,2,3,Yes,"Too much overtime, work life balance is completely terrible"
11587,23,Male,Married,Operations,Coordinator,4,HR Management,Pune,114251,17,2,10,6,3,7,15,9,23,Travel_Frequently,Yes,1,4,3,4,3,2,2,Yes,Management doesnt listen and salary is way below market rate
11588,39,Female,Married,Sales,Account Manager,4,Engineering,Pune,189473,14,3,9,3,0,2,8,7,46,Non-Travel,No,2,1,4,3,4,1,4,Yes,Very high pressure with little or no recognition for work done
11589,24,Male,Divorced,Marketing,Digital Marketer,5,Marketing,Hyderabad,161452,17,3,16,7,0,6,24,2,16,Travel_Rarely,No,3,2,2,4,1,2,1,Yes,I feel undervalued and underpaid compared to industry standards
11590,28,Male,Married,Operations,Supply Chain Analyst,4,HR Management,Hyderabad,33212,24,2,1,9,0,4,4,1,35,Travel_Rarely,No,4,4,1,1,3,4,4,Yes,"It is an okay place to work, nothing exceptional about it"
11591,39,Male,Single,Technology,Senior Developer,5,Finance,Bengaluru,43174,11,0,19,7,6,1,12,5,25,Non-Travel,Yes,5,1,2,4,1,3,2,Yes,Very high pressure with little or no recognition for work done
11592,54,Male,Divorced,Marketing,Marketing Manager,3,Marketing,Bhubaneswar,152933,16,1,9,0,0,7,19,1,15,Travel_Rarely,No,6,3,4,2,3,3,4,No,"It is an okay place to work, nothing exceptional about it"
11593,52,Male,Married,Operations,Operations Manager,1,HR Management,Chennai,152166,18,0,19,7,5,0,15,9,51,Non-Travel,Yes,3,3,4,2,3,4,1,Yes,"No growth at all, stuck in same role for many years now"
11594,32,Female,Married,Marketing,SEO Analyst,1,Computer Science,Hyderabad,119649,16,1,2,9,1,3,30,3,8,Travel_Frequently,No,3,4,4,3,1,3,2,No,Management is supportive and salary is competitive and fair
11595,25,Female,Single,Sales,Sales Executive,2,Finance,Bengaluru,66319,12,0,18,2,5,3,12,2,34,Non-Travel,Yes,2,1,2,2,3,2,4,Yes,Management doesnt listen and salary is way below market rate
11596,39,Male,Married,Technology,DevOps Engineer,3,HR Management,Mumbai,192800,16,2,4,4,5,9,19,6,25,Non-Travel,Yes,0,2,4,2,2,1,1,Yes,I feel undervalued and underpaid compared to industry standards
11597,25,Male,Married,Sales,BD Executive,4,Business Administration,Pune,170435,24,1,2,9,2,4,34,3,49,Travel_Rarely,Yes,3,3,4,2,1,1,1,Yes,Poor management decisions causing frustration across the team
11598,55,Female,Single,Technology,DevOps Engineer,4,Computer Science,Pune,102846,17,2,7,7,7,3,7,5,44,Travel_Rarely,No,0,1,2,3,2,2,2,Yes,Poor management decisions causing frustration across the team
11599,50,Female,Single,HR,HR Executive,3,Finance,Pune,185372,23,1,4,5,3,0,28,8,19,Travel_Rarely,No,0,1,2,3,3,1,2,Yes,"It is an okay place to work, nothing exceptional about it"
11600,45,Male,Married,Operations,Process Analyst,4,Engineering,Bengaluru,69808,10,3,11,3,6,6,28,2,43,Non-Travel,Yes,2,2,3,4,4,1,3,Yes,Very high pressure with little or no recognition for work done
11601,43,Female,Married,Technology,DevOps Engineer,2,Finance,Pune,152015,22,1,13,3,3,9,29,5,50,Travel_Frequently,Yes,3,2,2,2,4,3,3,Yes,Very high pressure with little or no recognition for work done
11602,23,Female,Married,Sales,BD Executive,5,Business Administration,Hyderabad,226177,22,1,6,3,0,1,20,8,13,Travel_Frequently,No,5,1,4,4,3,2,1,Yes,"Average experience overall, some good and some bad aspects"
11603,27,Female,Single,Marketing,Digital Marketer,1,Engineering,Mumbai,57616,12,1,10,5,5,9,11,1,46,Travel_Rarely,No,2,2,1,3,2,4,2,Yes,Excessive workload with no work life balance whatsoever here
11604,46,Male,Married,Technology,DevOps Engineer,3,Engineering,Pune,89329,14,3,7,6,4,2,23,4,12,Travel_Rarely,No,2,4,4,4,1,1,2,No,Work is okay but salary could definitely be better though
11605,42,Female,Married,Operations,Coordinator,1,Engineering,Bengaluru,249815,21,2,4,4,8,4,20,5,15,Travel_Rarely,No,4,3,4,4,4,2,4,No,Great work life balance and very interesting projects daily
11606,37,Male,Single,Technology,Data Analyst,5,Marketing,Mumbai,171359,15,3,7,9,8,7,20,3,23,Non-Travel,No,5,3,4,2,2,4,4,Yes,"It is an okay place to work, nothing exceptional about it"
11607,52,Male,Single,Finance,Senior Accountant,3,Marketing,Pune,142957,12,1,11,7,7,9,11,2,53,Travel_Rarely,Yes,2,1,2,3,4,4,4,Yes,Management doesnt listen and salary is way below market rate
11608,35,Male,Married,Marketing,Brand Manager,5,Engineering,Bhubaneswar,180043,24,0,14,6,6,7,2,3,40,Non-Travel,No,4,1,1,2,4,3,4,Yes,"Too much overtime, work life balance is completely terrible"
11609,49,Male,Divorced,Operations,Process Analyst,4,Computer Science,Pune,71152,13,3,18,7,1,1,13,5,2,Travel_Frequently,No,0,2,4,4,3,3,3,Yes,"Average experience overall, some good and some bad aspects"
11610,53,Male,Married,Operations,Process Analyst,4,Engineering,Chennai,57351,14,0,15,3,7,8,13,7,40,Non-Travel,No,5,3,2,3,1,1,4,Yes,"Average experience overall, some good and some bad aspects"
11611,49,Female,Single,HR,HR Executive,4,HR Management,Hyderabad,206112,24,3,13,7,2,5,15,2,23,Travel_Rarely,No,5,2,3,4,2,2,2,Yes,"No growth at all, stuck in same role for many years now"
11612,30,Male,Single,Sales,Account Manager,5,Engineering,Mumbai,242977,12,3,6,5,5,8,31,7,59,Non-Travel,No,0,1,1,4,2,2,1,Yes,Very high pressure with little or no recognition for work done
11613,43,Male,Divorced,HR,HR Manager,5,Marketing,Hyderabad,234631,13,1,7,2,9,3,23,6,5,Travel_Rarely,No,1,1,1,2,1,3,1,Yes,Very high pressure with little or no recognition for work done
11614,53,Male,Single,Operations,Ops Executive,5,Marketing,Bhubaneswar,137377,14,2,6,7,6,2,22,7,34,Non-Travel,No,5,1,2,3,2,3,1,Yes,"Too much overtime, work life balance is completely terrible"
11615,26,Female,Married,Marketing,Marketing Manager,1,HR Management,Bhubaneswar,75616,11,2,17,6,5,4,16,7,10,Travel_Rarely,Yes,6,1,3,3,4,3,3,Yes,"No growth at all, stuck in same role for many years now"
11616,44,Female,Married,Technology,Senior Developer,5,HR Management,Chennai,169969,19,1,5,9,4,4,29,9,27,Non-Travel,No,1,1,4,2,1,1,1,Yes,Work is okay but salary could definitely be better though
11617,26,Female,Single,Technology,Senior Developer,4,Finance,Hyderabad,38010,18,3,18,4,3,3,20,7,55,Travel_Frequently,No,0,1,3,1,4,2,3,Yes,I feel undervalued and underpaid compared to industry standards
11618,53,Female,Married,Marketing,SEO Analyst,2,Computer Science,Mumbai,186226,19,2,3,3,1,6,28,6,42,Travel_Frequently,No,3,4,1,2,4,1,3,Yes,"Too much overtime, work life balance is completely terrible"
11619,31,Female,Married,Operations,Coordinator,5,Computer Science,Bhubaneswar,247507,17,2,2,0,8,7,27,8,4,Travel_Rarely,Yes,1,4,2,2,4,2,1,Yes,Excessive workload with no work life balance whatsoever here
11620,36,Female,Married,Technology,Junior Developer,2,Computer Science,Bhubaneswar,136822,21,2,16,9,6,4,29,7,4,Non-Travel,No,2,2,3,1,1,3,3,Yes,"It is an okay place to work, nothing exceptional about it"
11621,28,Female,Single,Technology,Junior Developer,4,Business Administration,Pune,166186,15,1,18,2,6,8,5,6,8,Non-Travel,No,5,4,4,3,2,1,4,Yes,Excessive workload with no work life balance whatsoever here
11622,50,Male,Single,Technology,Senior Developer,5,Marketing,Chennai,34050,19,0,14,1,3,6,2,4,6,Travel_Frequently,Yes,6,2,3,1,4,4,4,Yes,I feel undervalued and underpaid compared to industry standards
11623,24,Male,Married,Sales,Sales Executive,1,Computer Science,Bengaluru,36125,20,0,5,7,4,6,20,7,25,Non-Travel,No,1,2,3,4,1,1,4,Yes,"It is an okay place to work, nothing exceptional about it"
11624,40,Female,Married,Sales,Sales Manager,1,Finance,Bhubaneswar,240166,12,0,11,7,5,7,13,8,27,Non-Travel,No,5,4,2,4,1,1,3,No,Work is okay but salary could definitely be better though
11625,31,Male,Single,Finance,Tax Analyst,2,Finance,Mumbai,196468,20,0,18,4,1,3,26,8,47,Travel_Rarely,No,0,3,2,2,3,4,4,No,"It is an okay place to work, nothing exceptional about it"
11626,49,Male,Single,HR,L&D Specialist,1,Computer Science,Mumbai,190918,11,0,5,4,3,9,8,4,50,Non-Travel,No,3,2,1,4,3,4,1,Yes,Poor management decisions causing frustration across the team
11627,50,Female,Single,Marketing,Marketing Manager,1,HR Management,Pune,166468,16,2,10,3,3,5,28,9,53,Non-Travel,Yes,0,1,2,1,3,3,1,Yes,"No growth at all, stuck in same role for many years now"
11628,36,Male,Divorced,Marketing,Digital Marketer,1,Finance,Mumbai,107661,17,2,19,0,3,4,15,3,54,Travel_Rarely,No,3,2,3,4,2,4,3,No,Great work life balance and very interesting projects daily
11629,56,Male,Married,Marketing,Brand Manager,4,HR Management,Pune,103116,19,3,19,0,6,0,8,9,40,Travel_Rarely,No,5,2,4,3,2,4,3,Yes,"It is an okay place to work, nothing exceptional about it"
11630,27,Female,Divorced,Finance,Finance Manager,1,Marketing,Bhubaneswar,134233,10,2,9,5,6,8,11,3,20,Non-Travel,No,1,3,1,2,2,1,4,Yes,Work is okay but salary could definitely be better though
11631,33,Male,Single,Sales,Sales Manager,3,Business Administration,Bhubaneswar,185045,23,1,15,3,6,1,29,7,27,Travel_Rarely,Yes,2,1,2,2,2,1,2,Yes,Work is okay but salary could definitely be better though
11632,34,Female,Divorced,Operations,Operations Manager,5,Finance,Bhubaneswar,169646,24,3,17,3,6,5,5,4,7,Travel_Rarely,Yes,2,3,3,3,4,3,1,Yes,Poor management decisions causing frustration across the team
11633,50,Female,Single,Operations,Supply Chain Analyst,1,HR Management,Bhubaneswar,105155,15,2,13,2,1,7,7,5,59,Travel_Rarely,Yes,0,3,3,3,1,4,2,Yes,I feel undervalued and underpaid compared to industry standards
11634,40,Male,Married,Finance,Finance Manager,1,Computer Science,Bengaluru,144843,16,3,3,8,4,2,18,3,23,Non-Travel,No,5,3,1,2,1,2,4,Yes,"Average experience overall, some good and some bad aspects"
11635,24,Male,Married,Operations,Operations Manager,1,Marketing,Chennai,28869,24,3,11,2,9,4,28,2,20,Travel_Rarely,Yes,3,2,1,3,3,1,3,Yes,Job is fine but I am looking for more interesting challenges
11636,29,Male,Single,Marketing,Content Writer,3,Engineering,Chennai,212266,22,0,19,7,1,6,12,8,49,Travel_Rarely,Yes,1,1,2,4,1,3,4,Yes,Job is fine but I am looking for more interesting challenges
11637,29,Female,Married,HR,HR Executive,1,Engineering,Bengaluru,77167,18,3,7,1,4,3,12,7,51,Travel_Rarely,No,6,1,2,4,2,1,2,Yes,Job is fine but I am looking for more interesting challenges
11638,41,Female,Single,Technology,DevOps Engineer,1,Computer Science,Bhubaneswar,202219,21,2,6,3,5,4,29,7,34,Non-Travel,No,3,3,4,4,1,1,4,Yes,"It is an okay place to work, nothing exceptional about it"
11639,25,Female,Single,Sales,BD Executive,5,Marketing,Mumbai,158194,12,0,8,0,2,0,11,8,29,Non-Travel,Yes,3,4,1,4,4,2,3,Yes,"It is an okay place to work, nothing exceptional about it"
11640,42,Male,Married,Sales,BD Executive,3,Marketing,Pune,189899,11,2,16,4,5,3,6,1,44,Travel_Frequently,Yes,3,1,1,1,4,3,2,Yes,"No growth at all, stuck in same role for many years now"
11641,24,Male,Married,Finance,Senior Accountant,3,Marketing,Chennai,159407,14,0,9,1,4,6,21,8,51,Travel_Rarely,Yes,5,1,3,1,3,2,4,Yes,Poor management decisions causing frustration across the team
11642,29,Female,Married,Sales,Account Manager,1,Marketing,Hyderabad,78576,22,2,2,0,3,9,10,5,5,Travel_Rarely,No,1,3,4,1,2,2,3,No,"Average experience overall, some good and some bad aspects"
11643,44,Male,Married,Marketing,Digital Marketer,3,Engineering,Pune,36677,24,0,7,0,9,6,32,8,27,Travel_Frequently,Yes,5,2,2,1,1,3,4,Yes,Management doesnt listen and salary is way below market rate
11644,37,Male,Married,Operations,Supply Chain Analyst,2,HR Management,Hyderabad,174295,19,0,13,1,8,9,33,9,12,Travel_Rarely,No,6,3,4,4,3,4,4,Yes,I feel undervalued and underpaid compared to industry standards
11645,34,Female,Single,Marketing,Marketing Manager,3,Marketing,Hyderabad,175886,10,1,6,4,7,9,17,2,17,Travel_Rarely,Yes,3,4,4,4,1,2,3,Yes,Very high pressure with little or no recognition for work done
11646,24,Female,Single,Finance,Auditor,3,HR Management,Bhubaneswar,140662,22,2,15,8,6,3,3,3,37,Non-Travel,Yes,6,4,3,3,3,4,3,Yes,Very high pressure with little or no recognition for work done
11647,30,Male,Divorced,Marketing,Content Writer,3,Marketing,Hyderabad,229683,15,3,17,5,0,5,18,6,34,Travel_Frequently,No,6,3,1,1,3,1,4,Yes,Management doesnt listen and salary is way below market rate
11648,35,Female,Single,Operations,Coordinator,4,Finance,Bhubaneswar,189257,18,0,10,3,8,4,10,9,30,Travel_Rarely,Yes,5,4,1,1,4,3,1,Yes,Job is fine but I am looking for more interesting challenges
11649,34,Male,Married,HR,HR Manager,4,Business Administration,Bengaluru,91794,19,2,5,2,8,0,8,8,36,Travel_Rarely,Yes,2,2,1,2,4,3,4,Yes,"Too much overtime, work life balance is completely terrible"
11650,28,Female,Single,Finance,Senior Accountant,4,Finance,Mumbai,242135,24,0,19,7,5,7,34,6,6,Travel_Rarely,No,0,2,2,3,4,1,3,Yes,"It is an okay place to work, nothing exceptional about it"
11651,36,Female,Married,HR,HR Executive,3,Business Administration,Hyderabad,90675,18,1,13,2,6,6,33,5,32,Travel_Frequently,No,4,2,1,4,3,1,1,Yes,Work is okay but salary could definitely be better though
11652,28,Female,Married,Technology,QA Engineer,2,Finance,Mumbai,57325,16,1,12,0,2,4,10,3,32,Travel_Rarely,No,3,4,4,3,4,1,3,No,"Good colleagues, strong learning opportunities and recognition"
11653,55,Male,Single,HR,HR Manager,3,Marketing,Bhubaneswar,55503,23,1,3,3,4,9,18,4,9,Non-Travel,Yes,6,2,4,3,4,2,4,Yes,"No growth at all, stuck in same role for many years now"
11654,43,Male,Single,Technology,DevOps Engineer,1,HR Management,Hyderabad,34514,20,1,19,4,6,9,25,7,58,Travel_Rarely,No,2,3,1,2,2,2,2,Yes,"Too much overtime, work life balance is completely terrible"
11655,45,Female,Married,Technology,Data Analyst,2,Business Administration,Pune,71196,16,3,19,4,0,6,2,7,22,Travel_Rarely,No,5,2,4,2,1,2,3,Yes,"Too much overtime, work life balance is completely terrible"
11656,22,Female,Married,HR,HR Manager,4,Engineering,Bengaluru,166989,24,3,10,4,0,9,19,3,10,Non-Travel,No,6,4,2,3,1,2,3,No,Great work life balance and very interesting projects daily
11657,31,Female,Single,Finance,Senior Accountant,5,Computer Science,Chennai,200771,17,0,17,7,4,2,10,4,29,Travel_Frequently,No,2,1,1,1,2,2,2,Yes,Very high pressure with little or no recognition for work done
11658,37,Male,Married,Operations,Coordinator,2,Business Administration,Bengaluru,109633,19,2,0,7,8,7,3,3,11,Non-Travel,No,0,4,2,4,2,4,3,No,"Very happy with my role, the team is fantastic and supportive"
11659,29,Female,Single,Marketing,Digital Marketer,4,Business Administration,Hyderabad,196191,23,1,11,3,6,4,19,2,28,Travel_Rarely,Yes,0,3,1,2,4,4,3,Yes,"It is an okay place to work, nothing exceptional about it"
11660,46,Female,Divorced,Marketing,Content Writer,2,Engineering,Bengaluru,98324,11,1,17,8,0,1,26,6,2,Travel_Rarely,Yes,4,3,2,2,4,2,3,Yes,Excessive workload with no work life balance whatsoever here
11661,33,Female,Married,Operations,Coordinator,2,Marketing,Chennai,171133,23,3,6,0,4,1,25,7,56,Travel_Rarely,Yes,4,4,2,4,1,3,2,Yes,"Too much overtime, work life balance is completely terrible"
11662,46,Female,Single,Technology,QA Engineer,3,Finance,Pune,156019,15,3,11,4,7,3,17,4,21,Travel_Rarely,No,6,2,2,2,2,3,4,Yes,Job is fine but I am looking for more interesting challenges
11663,38,Male,Married,Technology,Senior Developer,1,Finance,Mumbai,227152,14,1,0,4,7,6,10,5,57,Travel_Frequently,No,4,2,4,3,2,4,3,Yes,"No growth at all, stuck in same role for many years now"
11664,47,Male,Married,Finance,Auditor,5,HR Management,Pune,100550,14,2,3,4,1,9,11,8,31,Travel_Rarely,No,1,1,2,4,4,4,1,Yes,Management doesnt listen and salary is way below market rate
11665,35,Female,Single,Sales,Account Manager,4,Marketing,Bengaluru,95331,22,0,17,7,6,3,11,9,58,Non-Travel,Yes,1,2,3,1,1,3,4,Yes,"Average experience overall, some good and some bad aspects"
11666,57,Male,Married,HR,HR Manager,2,Engineering,Chennai,178704,12,0,14,8,9,8,12,7,41,Travel_Rarely,No,2,3,2,2,3,3,4,Yes,Very high pressure with little or no recognition for work done
11667,44,Male,Single,Technology,DevOps Engineer,5,Marketing,Mumbai,165424,12,0,2,2,4,1,8,1,52,Non-Travel,No,5,2,2,2,2,3,1,Yes,I feel undervalued and underpaid compared to industry standards
11668,27,Male,Single,Marketing,Marketing Manager,2,Marketing,Chennai,38653,15,0,6,8,8,5,24,3,17,Non-Travel,No,0,4,2,3,1,4,1,Yes,"No growth at all, stuck in same role for many years now"
11669,26,Female,Single,Finance,Financial Analyst,1,Finance,Pune,213187,21,2,5,7,2,3,14,5,27,Non-Travel,No,3,4,2,1,1,4,1,No,"It is an okay place to work, nothing exceptional about it"
11670,46,Male,Married,HR,HR Business Partner,5,Engineering,Bhubaneswar,112294,19,2,14,2,0,5,23,3,30,Non-Travel,No,0,1,1,2,1,3,2,Yes,"No growth at all, stuck in same role for many years now"
11671,39,Male,Single,Finance,Auditor,4,Computer Science,Bhubaneswar,58755,22,2,14,1,3,9,17,1,41,Travel_Rarely,No,1,3,4,4,2,4,3,No,Excellent culture and very clear career growth opportunities
11672,34,Male,Married,HR,Recruiter,2,Business Administration,Mumbai,119296,19,3,5,3,6,8,5,2,57,Travel_Rarely,No,2,4,4,4,3,2,4,No,"It is an okay place to work, nothing exceptional about it"
11673,35,Female,Married,HR,Recruiter,1,Finance,Mumbai,113354,16,1,7,1,0,9,3,8,8,Non-Travel,No,3,3,4,3,4,3,1,No,"Good colleagues, strong learning opportunities and recognition"
11674,49,Female,Married,Operations,Ops Executive,5,Engineering,Mumbai,86988,23,2,7,3,1,8,9,7,37,Travel_Rarely,No,4,2,1,3,3,1,3,Yes,"Average experience overall, some good and some bad aspects"
11675,39,Male,Married,Technology,QA Engineer,2,HR Management,Bhubaneswar,52921,10,0,0,4,4,8,20,3,5,Non-Travel,No,4,1,2,2,1,3,3,Yes,I feel undervalued and underpaid compared to industry standards
11676,49,Male,Married,Finance,Senior Accountant,2,Business Administration,Pune,205075,23,2,12,1,8,8,20,4,26,Travel_Frequently,No,1,1,2,3,2,4,2,Yes,"Average experience overall, some good and some bad aspects"
11677,48,Female,Married,Finance,Financial Analyst,4,Business Administration,Mumbai,226948,12,1,12,7,0,2,19,3,6,Travel_Rarely,Yes,2,2,4,4,2,1,4,Yes,I feel undervalued and underpaid compared to industry standards
11678,53,Female,Married,Operations,Coordinator,1,Finance,Bhubaneswar,61668,21,3,10,0,3,8,21,4,16,Non-Travel,No,6,4,3,3,3,1,3,No,"Average experience overall, some good and some bad aspects"
11679,30,Male,Single,Marketing,Brand Manager,3,HR Management,Mumbai,70175,10,0,3,2,2,2,16,8,1,Travel_Frequently,Yes,5,3,2,4,3,3,1,Yes,Poor management decisions causing frustration across the team
11680,53,Male,Divorced,Marketing,Marketing Manager,2,Finance,Mumbai,193810,19,3,6,6,4,9,33,9,9,Travel_Rarely,No,0,3,2,2,2,2,1,No,"It is an okay place to work, nothing exceptional about it"
11681,41,Female,Single,Technology,Data Analyst,5,Marketing,Chennai,68452,12,2,11,9,4,2,5,7,21,Travel_Rarely,Yes,1,3,2,4,3,2,2,Yes,"Too much overtime, work life balance is completely terrible"
11682,49,Female,Single,Technology,Junior Developer,4,Engineering,Mumbai,214395,14,0,12,0,9,4,24,9,7,Non-Travel,No,5,4,1,3,4,4,1,Yes,I feel undervalued and underpaid compared to industry standards
11683,54,Male,Married,Sales,Account Manager,4,HR Management,Bhubaneswar,61149,18,0,11,1,1,5,15,9,43,Travel_Rarely,Yes,5,2,2,4,4,1,1,Yes,Very high pressure with little or no recognition for work done
11684,25,Female,Single,Operations,Ops Executive,2,Business Administration,Pune,30839,12,2,15,2,4,8,26,7,15,Travel_Rarely,No,0,3,4,4,4,2,2,No,"Average experience overall, some good and some bad aspects"
11685,55,Male,Single,Marketing,Marketing Manager,2,Finance,Bhubaneswar,17155,19,2,5,1,8,0,25,7,24,Non-Travel,No,3,4,2,1,1,4,2,Yes,I feel undervalued and underpaid compared to industry standards
11686,24,Male,Married,HR,L&D Specialist,2,Business Administration,Bhubaneswar,153091,23,1,13,1,4,7,28,8,5,Non-Travel,No,0,3,4,1,3,1,1,No,"I love working here, great team and management support"
11687,47,Male,Married,Finance,Financial Analyst,3,HR Management,Mumbai,69512,19,2,18,5,9,3,33,3,51,Travel_Rarely,Yes,3,4,3,2,2,4,4,Yes,I feel undervalued and underpaid compared to industry standards
11688,29,Female,Married,Technology,QA Engineer,2,Business Administration,Chennai,207762,18,2,15,6,1,9,18,8,38,Non-Travel,Yes,5,2,1,4,1,2,4,Yes,Management doesnt listen and salary is way below market rate
11689,27,Male,Married,Finance,Senior Accountant,1,Finance,Hyderabad,101150,10,2,3,5,6,6,18,1,55,Non-Travel,No,2,3,3,4,2,4,2,No,Management is supportive and salary is competitive and fair
11690,37,Male,Single,Finance,Tax Analyst,5,Finance,Hyderabad,141041,15,0,4,5,5,5,33,6,29,Travel_Rarely,Yes,1,2,2,4,3,4,4,Yes,Excessive workload with no work life balance whatsoever here
11691,45,Female,Single,Sales,Sales Lead,2,Computer Science,Hyderabad,41190,18,1,8,8,6,5,27,2,46,Travel_Frequently,No,0,1,3,1,3,2,4,Yes,"No growth at all, stuck in same role for many years now"
11692,51,Female,Married,Marketing,Brand Manager,3,Business Administration,Bhubaneswar,25928,21,0,2,7,7,6,15,7,52,Non-Travel,No,2,4,2,4,1,2,4,Yes,"Average experience overall, some good and some bad aspects"
11693,34,Male,Single,Technology,Junior Developer,5,Computer Science,Mumbai,63425,14,2,9,7,9,3,13,3,57,Non-Travel,Yes,2,1,4,1,1,4,2,Yes,"Average experience overall, some good and some bad aspects"
11694,26,Male,Married,Finance,Financial Analyst,4,Computer Science,Hyderabad,89134,20,1,16,5,4,5,34,5,46,Travel_Frequently,No,0,2,2,2,4,2,4,Yes,Excessive workload with no work life balance whatsoever here
11695,46,Female,Single,Technology,Senior Developer,2,Business Administration,Bengaluru,124875,23,2,18,4,1,2,4,2,11,Non-Travel,No,4,2,1,4,1,3,1,Yes,"Average experience overall, some good and some bad aspects"
11696,41,Female,Married,HR,Recruiter,5,HR Management,Bengaluru,232189,19,0,9,8,6,4,19,1,4,Travel_Rarely,No,5,2,3,4,4,3,1,Yes,"It is an okay place to work, nothing exceptional about it"
11697,39,Female,Married,Sales,Sales Manager,4,Marketing,Bengaluru,139264,11,0,11,1,6,1,31,5,59,Travel_Frequently,No,4,3,2,3,1,3,2,Yes,I feel undervalued and underpaid compared to industry standards
11698,39,Male,Married,HR,L&D Specialist,3,Finance,Pune,195046,14,2,6,6,7,2,25,9,10,Travel_Frequently,No,3,3,4,1,4,1,4,Yes,"Average experience overall, some good and some bad aspects"
11699,23,Male,Married,Technology,QA Engineer,1,Engineering,Mumbai,125191,10,1,17,5,6,8,12,9,34,Non-Travel,No,2,2,3,3,3,3,3,Yes,Job is fine but I am looking for more interesting challenges
11700,31,Male,Married,Technology,QA Engineer,2,Computer Science,Bhubaneswar,193868,18,0,18,6,9,5,12,7,57,Travel_Rarely,No,1,2,1,2,2,3,3,Yes,"No growth at all, stuck in same role for many years now"
11701,33,Female,Single,Marketing,Digital Marketer,1,HR Management,Bhubaneswar,194815,19,2,14,3,6,2,25,9,4,Non-Travel,No,1,3,2,1,3,3,1,Yes,Poor management decisions causing frustration across the team
11702,34,Male,Single,Finance,Senior Accountant,3,Business Administration,Mumbai,225527,22,3,6,8,8,1,33,4,52,Travel_Frequently,No,2,3,1,4,4,2,1,Yes,"It is an okay place to work, nothing exceptional about it"
11703,32,Female,Single,Finance,Financial Analyst,5,HR Management,Chennai,118716,19,2,11,6,7,4,28,3,10,Travel_Frequently,No,4,4,4,4,3,2,3,Yes,I feel undervalued and underpaid compared to industry standards
11704,40,Male,Married,HR,L&D Specialist,5,HR Management,Chennai,216107,18,2,6,1,1,9,9,4,33,Non-Travel,No,5,2,3,4,1,2,2,Yes,I feel undervalued and underpaid compared to industry standards
11705,56,Female,Married,Sales,Sales Executive,3,Business Administration,Pune,183749,15,1,9,3,1,4,14,7,46,Travel_Rarely,No,2,3,3,4,1,2,4,Yes,"It is an okay place to work, nothing exceptional about it"
11706,47,Male,Married,Operations,Supply Chain Analyst,3,Engineering,Mumbai,71321,20,2,19,4,6,0,3,8,18,Travel_Frequently,Yes,6,3,3,2,2,2,3,Yes,Very high pressure with little or no recognition for work done
11707,35,Male,Single,Finance,Auditor,2,Business Administration,Chennai,128782,18,3,9,1,9,2,5,2,12,Non-Travel,No,3,1,4,4,2,3,4,Yes,Very high pressure with little or no recognition for work done
11708,45,Female,Married,Marketing,Brand Manager,4,Engineering,Pune,124398,23,2,4,9,9,6,26,5,51,Non-Travel,No,2,2,2,4,3,3,3,Yes,Poor management decisions causing frustration across the team
11709,22,Female,Divorced,HR,L&D Specialist,1,Business Administration,Hyderabad,73973,12,3,17,7,2,8,18,5,23,Non-Travel,No,0,2,2,4,2,2,1,No,"Very happy with my role, the team is fantastic and supportive"
11710,43,Male,Single,HR,HR Business Partner,1,Computer Science,Hyderabad,67414,24,0,8,0,0,4,21,9,44,Travel_Rarely,Yes,4,3,2,3,1,4,4,Yes,Work is okay but salary could definitely be better though
11711,44,Female,Single,Operations,Ops Executive,5,Engineering,Pune,171674,13,2,15,2,8,3,16,3,25,Travel_Frequently,No,0,1,1,2,1,2,2,Yes,Job is fine but I am looking for more interesting challenges
11712,40,Female,Single,Marketing,Marketing Manager,5,Computer Science,Mumbai,44692,22,1,6,0,2,2,23,6,37,Travel_Frequently,Yes,0,4,4,1,1,3,4,Yes,"Too much overtime, work life balance is completely terrible"
11713,39,Male,Married,Sales,BD Executive,2,Engineering,Hyderabad,120958,15,2,9,4,0,9,29,5,4,Non-Travel,Yes,2,2,3,2,4,3,4,Yes,Work is okay but salary could definitely be better though
11714,33,Female,Married,Marketing,Digital Marketer,3,Engineering,Mumbai,63750,13,3,4,7,5,8,10,2,13,Non-Travel,No,5,4,4,2,4,2,3,No,Excellent culture and very clear career growth opportunities
11715,49,Male,Single,Sales,BD Executive,1,Business Administration,Chennai,167832,10,3,6,6,3,6,5,2,18,Travel_Rarely,No,2,2,4,2,3,1,2,No,"It is an okay place to work, nothing exceptional about it"
11716,49,Male,Married,Marketing,Content Writer,2,Engineering,Hyderabad,83456,16,1,4,8,0,6,11,4,29,Travel_Rarely,Yes,5,3,4,4,4,4,1,Yes,Excessive workload with no work life balance whatsoever here
11717,54,Female,Single,Marketing,Content Writer,5,Computer Science,Chennai,39085,14,3,14,1,3,7,29,4,44,Travel_Rarely,No,1,4,3,3,2,2,4,No,Great work life balance and very interesting projects daily
11718,40,Female,Married,Technology,QA Engineer,5,Business Administration,Mumbai,210036,23,2,18,7,7,9,27,7,30,Travel_Rarely,No,5,2,3,3,1,3,4,Yes,Work is okay but salary could definitely be better though
11719,49,Male,Married,HR,HR Manager,1,Finance,Mumbai,37925,24,3,9,7,6,0,34,1,48,Travel_Rarely,No,0,4,1,3,3,4,3,No,"Very happy with my role, the team is fantastic and supportive"
11720,47,Male,Married,Marketing,Marketing Manager,5,Computer Science,Bengaluru,20615,17,2,7,5,0,3,14,6,55,Non-Travel,No,2,3,4,3,4,1,1,Yes,Poor management decisions causing frustration across the team
11721,56,Male,Single,Operations,Process Analyst,5,Finance,Pune,52083,18,2,8,2,9,4,10,9,38,Travel_Rarely,Yes,1,1,2,1,3,4,3,Yes,Job is fine but I am looking for more interesting challenges
11722,55,Male,Divorced,Marketing,Digital Marketer,4,HR Management,Bhubaneswar,125764,14,3,10,1,8,4,11,2,28,Travel_Frequently,No,6,1,1,3,3,2,2,Yes,Job is fine but I am looking for more interesting challenges
11723,56,Male,Married,Finance,Auditor,3,Business Administration,Pune,214391,17,1,1,7,5,0,11,5,7,Non-Travel,No,0,4,3,4,2,3,1,No,"Good colleagues, strong learning opportunities and recognition"
11724,37,Male,Single,HR,HR Business Partner,5,HR Management,Mumbai,24605,22,0,2,5,1,2,19,4,24,Travel_Rarely,No,1,4,3,4,2,3,2,No,Great work life balance and very interesting projects daily
11725,34,Female,Single,Finance,Senior Accountant,4,Business Administration,Mumbai,126093,10,1,12,3,2,1,24,4,41,Non-Travel,No,4,4,1,3,2,3,3,No,Management is supportive and salary is competitive and fair
11726,44,Female,Married,HR,HR Business Partner,2,Business Administration,Pune,59608,10,0,10,4,6,6,1,8,10,Travel_Rarely,No,3,2,2,1,3,4,1,Yes,Management doesnt listen and salary is way below market rate
11727,43,Female,Married,Finance,Tax Analyst,5,Computer Science,Mumbai,143788,16,1,9,4,2,4,12,6,37,Travel_Rarely,No,0,3,4,3,3,2,2,No,Management is supportive and salary is competitive and fair
11728,37,Male,Married,Marketing,SEO Analyst,2,Finance,Chennai,34192,24,2,14,8,2,2,14,7,27,Travel_Rarely,No,2,4,4,4,2,2,2,No,"Career growth is excellent here, very satisfied with my job"
11729,49,Female,Married,Marketing,Marketing Manager,5,Business Administration,Hyderabad,149403,15,2,5,8,4,7,3,9,21,Travel_Frequently,No,5,1,2,4,4,4,3,Yes,Work is okay but salary could definitely be better though
11730,56,Male,Divorced,Technology,DevOps Engineer,1,Finance,Mumbai,66330,14,3,0,7,2,0,32,3,36,Travel_Rarely,No,4,2,4,4,1,4,1,Yes,Work is okay but salary could definitely be better though
11731,29,Male,Single,Operations,Process Analyst,4,Business Administration,Pune,243464,23,0,13,7,2,0,16,2,43,Travel_Rarely,No,6,4,3,2,2,1,2,No,Excellent culture and very clear career growth opportunities
11732,43,Female,Single,Finance,Finance Manager,4,Finance,Pune,64949,24,0,17,1,4,5,10,3,51,Non-Travel,No,1,2,1,4,4,3,4,Yes,Management doesnt listen and salary is way below market rate
11733,42,Male,Divorced,Sales,Sales Manager,1,HR Management,Pune,83382,14,3,10,2,4,0,17,8,29,Travel_Rarely,No,3,4,2,3,3,4,1,No,Excellent culture and very clear career growth opportunities
11734,47,Male,Married,Technology,Data Analyst,3,Computer Science,Bengaluru,114233,23,1,7,7,8,3,4,9,7,Non-Travel,No,5,4,1,4,3,3,1,No,"Very happy with my role, the team is fantastic and supportive"
11735,42,Male,Married,Finance,Financial Analyst,4,Business Administration,Chennai,183658,18,3,2,4,0,5,15,5,13,Travel_Frequently,Yes,0,2,4,1,4,1,4,Yes,"It is an okay place to work, nothing exceptional about it"
11736,46,Male,Married,Finance,Auditor,2,Marketing,Chennai,67243,10,1,13,6,0,0,33,8,45,Non-Travel,No,3,3,4,2,4,2,1,No,Management is supportive and salary is competitive and fair
11737,22,Male,Divorced,Technology,DevOps Engineer,4,Finance,Bengaluru,115566,17,3,1,7,8,8,10,7,53,Non-Travel,No,4,3,3,1,3,3,1,Yes,I feel undervalued and underpaid compared to industry standards
11738,27,Male,Married,Marketing,Digital Marketer,3,Finance,Chennai,73618,11,0,15,5,4,3,7,9,23,Non-Travel,Yes,3,1,3,4,3,4,4,Yes,Very high pressure with little or no recognition for work done
11739,44,Female,Married,Finance,Finance Manager,2,Marketing,Bengaluru,224383,16,0,5,4,3,8,33,4,50,Travel_Frequently,No,0,3,4,2,3,4,3,No,Job is fine but I am looking for more interesting challenges
11740,44,Male,Married,Marketing,Marketing Manager,2,Computer Science,Chennai,153621,15,1,0,7,1,8,17,3,57,Travel_Rarely,No,4,3,4,2,3,1,2,No,Job is fine but I am looking for more interesting challenges
11741,44,Male,Single,Technology,DevOps Engineer,1,Finance,Bengaluru,133168,19,0,13,0,8,5,12,9,25,Non-Travel,No,1,2,3,2,2,3,4,Yes,I feel undervalued and underpaid compared to industry standards
11742,53,Male,Married,Marketing,SEO Analyst,5,Computer Science,Bengaluru,67494,11,0,9,0,5,6,17,8,41,Non-Travel,No,0,2,3,4,3,2,1,No,Management is supportive and salary is competitive and fair
11743,51,Male,Single,HR,L&D Specialist,1,Finance,Chennai,234045,21,0,5,0,8,0,16,7,45,Travel_Rarely,No,3,1,2,1,3,2,2,Yes,Poor management decisions causing frustration across the team
11744,34,Female,Divorced,Sales,Sales Executive,5,Engineering,Bengaluru,38958,22,0,8,2,4,4,14,1,13,Non-Travel,No,0,4,3,4,4,4,2,No,Work is okay but salary could definitely be better though
11745,39,Female,Married,Finance,Financial Analyst,1,Finance,Chennai,235851,12,2,6,9,3,2,3,2,37,Travel_Rarely,Yes,4,2,2,2,4,1,2,Yes,Management doesnt listen and salary is way below market rate
11746,44,Male,Married,Operations,Ops Executive,5,Engineering,Bengaluru,122960,13,3,1,5,6,9,30,9,30,Non-Travel,Yes,3,2,2,4,4,4,3,Yes,"Average experience overall, some good and some bad aspects"
11747,36,Male,Married,Sales,BD Executive,4,Business Administration,Pune,240592,16,3,10,5,4,9,26,5,26,Travel_Rarely,Yes,1,2,1,2,3,4,1,Yes,"Average experience overall, some good and some bad aspects"
11748,54,Male,Single,Marketing,Marketing Manager,2,Computer Science,Bhubaneswar,117478,17,2,13,4,7,5,12,1,12,Non-Travel,Yes,6,3,3,2,4,4,1,Yes,Excessive workload with no work life balance whatsoever here
11749,42,Female,Single,Finance,Auditor,5,Finance,Chennai,183610,22,0,4,6,7,3,31,9,57,Travel_Rarely,Yes,6,2,2,2,3,4,2,Yes,Work is okay but salary could definitely be better though
11750,44,Female,Divorced,Marketing,SEO Analyst,4,HR Management,Bengaluru,20833,20,3,8,4,1,8,17,1,1,Travel_Rarely,No,5,1,1,4,3,1,2,Yes,"Average experience overall, some good and some bad aspects"
11751,48,Female,Divorced,HR,L&D Specialist,3,HR Management,Pune,169458,11,3,6,1,4,6,8,8,18,Non-Travel,No,2,1,1,4,4,4,3,Yes,"Too much overtime, work life balance is completely terrible"
11752,39,Female,Single,Technology,Data Analyst,1,Marketing,Bhubaneswar,246421,17,3,13,3,9,3,19,5,58,Travel_Rarely,No,1,2,3,2,1,3,3,Yes,Excessive workload with no work life balance whatsoever here
11753,45,Male,Divorced,Finance,Tax Analyst,3,HR Management,Bengaluru,114341,20,1,15,0,7,5,26,6,21,Travel_Rarely,Yes,0,4,3,3,2,4,2,Yes,Job is fine but I am looking for more interesting challenges
11754,28,Female,Married,HR,HR Executive,4,Engineering,Bhubaneswar,217850,18,2,15,6,2,1,4,1,53,Non-Travel,No,2,2,1,1,2,4,1,Yes,Management doesnt listen and salary is way below market rate
11755,41,Female,Married,HR,Recruiter,3,HR Management,Chennai,109240,16,1,6,3,6,2,15,2,54,Travel_Rarely,No,5,1,2,2,1,2,4,Yes,I feel undervalued and underpaid compared to industry standards
11756,48,Male,Single,Finance,Financial Analyst,3,HR Management,Bhubaneswar,122955,10,1,9,3,2,6,14,7,24,Travel_Rarely,No,5,4,3,2,1,2,3,No,"Average experience overall, some good and some bad aspects"
11757,27,Male,Divorced,Marketing,SEO Analyst,4,HR Management,Hyderabad,170904,15,2,5,3,5,3,30,2,17,Travel_Rarely,No,4,3,1,2,3,1,1,No,Job is fine but I am looking for more interesting challenges
11758,48,Female,Married,Operations,Coordinator,2,Finance,Mumbai,223929,17,3,16,2,1,9,24,5,42,Non-Travel,No,5,2,1,2,4,1,3,Yes,"It is an okay place to work, nothing exceptional about it"
11759,30,Female,Divorced,HR,HR Business Partner,5,Marketing,Hyderabad,185002,14,1,0,7,5,6,34,9,9,Non-Travel,Yes,6,1,2,2,2,3,1,Yes,Work is okay but salary could definitely be better though
11760,52,Female,Married,Sales,Sales Manager,1,Computer Science,Chennai,178479,21,3,1,3,5,8,19,5,52,Non-Travel,No,3,3,4,3,2,4,2,No,Excellent culture and very clear career growth opportunities
11761,42,Female,Married,HR,HR Manager,5,Marketing,Chennai,19073,24,1,13,7,7,4,3,3,40,Travel_Rarely,No,3,1,2,4,1,2,3,Yes,Very high pressure with little or no recognition for work done
11762,47,Male,Married,Operations,Process Analyst,1,Engineering,Bhubaneswar,32667,11,3,3,8,4,0,4,6,28,Travel_Rarely,No,4,3,1,3,4,3,4,No,"It is an okay place to work, nothing exceptional about it"
11763,34,Male,Single,Marketing,Brand Manager,5,Finance,Pune,162107,24,0,8,0,0,4,11,7,15,Travel_Rarely,No,5,1,2,2,2,3,2,Yes,Poor management decisions causing frustration across the team
11764,44,Female,Single,Marketing,Marketing Manager,3,Business Administration,Bengaluru,21732,14,0,5,3,7,5,13,8,13,Travel_Rarely,No,0,1,3,2,2,1,3,Yes,Job is fine but I am looking for more interesting challenges
11765,41,Female,Single,Sales,BD Executive,2,Finance,Mumbai,70097,17,0,16,5,8,1,18,3,28,Non-Travel,Yes,1,3,1,2,3,2,2,Yes,I feel undervalued and underpaid compared to industry standards
11766,49,Female,Single,HR,Recruiter,3,HR Management,Bengaluru,18487,11,2,10,7,0,7,19,4,53,Travel_Frequently,No,6,2,2,4,3,4,4,Yes,Excessive workload with no work life balance whatsoever here
11767,38,Female,Married,Marketing,Digital Marketer,2,HR Management,Pune,246560,10,0,3,5,4,1,33,4,17,Non-Travel,Yes,2,1,2,1,3,1,3,Yes,"It is an okay place to work, nothing exceptional about it"
11768,49,Female,Married,Operations,Ops Executive,4,Engineering,Chennai,72702,24,1,8,5,5,8,3,2,9,Travel_Rarely,Yes,4,4,2,1,2,3,3,No,Great work life balance and very interesting projects daily
11769,23,Male,Divorced,Finance,Tax Analyst,1,Business Administration,Mumbai,109961,13,3,15,9,3,1,1,7,56,Travel_Rarely,Yes,5,2,2,3,2,3,3,Yes,Very high pressure with little or no recognition for work done
11770,46,Male,Single,Technology,DevOps Engineer,1,Finance,Hyderabad,100107,13,3,2,3,1,2,25,4,21,Travel_Frequently,No,0,4,1,3,3,2,1,No,"Good colleagues, strong learning opportunities and recognition"
11771,27,Male,Married,Technology,Data Analyst,4,Business Administration,Chennai,175147,18,3,3,8,4,7,13,4,30,Non-Travel,No,0,1,2,1,3,2,1,No,"Average experience overall, some good and some bad aspects"
11772,32,Female,Single,Technology,Senior Developer,5,Computer Science,Chennai,122721,12,3,2,6,3,5,4,8,11,Travel_Rarely,No,2,3,3,2,4,4,3,No,"Average experience overall, some good and some bad aspects"
11773,27,Female,Single,HR,Recruiter,4,Marketing,Bhubaneswar,86031,13,1,12,5,6,0,6,6,30,Travel_Rarely,No,4,2,4,4,2,2,2,Yes,"Too much overtime, work life balance is completely terrible"
11774,32,Male,Single,Sales,Sales Manager,4,Finance,Pune,99217,12,3,18,0,5,3,11,6,36,Travel_Frequently,No,1,3,4,3,2,2,2,Yes,Poor management decisions causing frustration across the team
11775,35,Male,Married,Marketing,Marketing Manager,2,Business Administration,Bhubaneswar,29781,11,1,0,1,2,4,1,9,56,Travel_Frequently,No,6,3,4,4,1,1,3,Yes,Poor management decisions causing frustration across the team
11776,23,Female,Single,Finance,Tax Analyst,4,Computer Science,Bhubaneswar,54865,13,1,5,5,8,2,8,4,25,Non-Travel,No,1,4,3,2,3,1,4,No,"Career growth is excellent here, very satisfied with my job"
11777,24,Male,Married,Operations,Supply Chain Analyst,1,Computer Science,Bengaluru,23469,23,3,2,0,3,0,34,9,7,Travel_Rarely,No,4,4,4,2,3,4,4,No,Work is okay but salary could definitely be better though
11778,56,Female,Single,Finance,Auditor,3,Marketing,Chennai,60167,17,3,2,4,4,2,9,1,20,Travel_Rarely,Yes,3,2,1,3,3,1,4,Yes,Management doesnt listen and salary is way below market rate
11779,54,Female,Divorced,Operations,Supply Chain Analyst,2,Computer Science,Pune,227810,10,3,15,0,2,8,21,9,55,Non-Travel,No,6,2,1,1,2,4,1,Yes,"Too much overtime, work life balance is completely terrible"
11780,45,Male,Married,HR,HR Business Partner,2,Engineering,Bhubaneswar,34928,17,1,9,2,7,1,20,1,54,Non-Travel,No,5,2,3,1,4,1,1,Yes,"No growth at all, stuck in same role for many years now"
11781,40,Male,Divorced,Technology,Senior Developer,5,Computer Science,Hyderabad,222593,17,2,16,6,6,0,1,7,59,Travel_Frequently,Yes,1,4,3,1,2,3,1,Yes,I feel undervalued and underpaid compared to industry standards
11782,39,Male,Divorced,HR,HR Business Partner,3,Business Administration,Mumbai,54599,24,1,6,4,6,6,28,6,35,Travel_Rarely,No,3,4,1,2,1,1,1,Yes,"It is an okay place to work, nothing exceptional about it"
11783,45,Female,Divorced,Sales,Sales Executive,2,Engineering,Pune,162847,12,2,12,9,7,6,7,7,10,Non-Travel,No,4,3,3,2,1,4,2,Yes,I feel undervalued and underpaid compared to industry standards
11784,56,Female,Divorced,Sales,Sales Executive,4,Computer Science,Bengaluru,81504,23,3,10,0,6,4,9,9,35,Non-Travel,No,5,3,3,4,4,1,3,Yes,"It is an okay place to work, nothing exceptional about it"
11785,22,Male,Married,Operations,Ops Executive,2,HR Management,Pune,221990,19,1,9,0,2,1,1,4,1,Non-Travel,No,0,3,1,4,3,2,3,No,"Good colleagues, strong learning opportunities and recognition"
11786,57,Female,Single,Marketing,Digital Marketer,2,Computer Science,Chennai,85687,19,3,6,7,2,0,34,9,14,Travel_Rarely,No,4,2,1,4,1,3,3,Yes,"It is an okay place to work, nothing exceptional about it"
11787,46,Female,Single,Marketing,Brand Manager,2,Engineering,Bengaluru,172876,21,2,5,8,1,4,34,3,45,Travel_Rarely,No,0,1,2,2,2,1,2,Yes,Poor management decisions causing frustration across the team
11788,55,Female,Single,Operations,Ops Executive,5,Computer Science,Mumbai,124122,21,2,0,6,0,9,17,9,5,Travel_Rarely,No,4,4,2,1,1,3,4,Yes,"Average experience overall, some good and some bad aspects"
11789,46,Male,Married,Sales,Sales Executive,2,Computer Science,Hyderabad,178331,15,1,16,2,4,3,32,1,40,Non-Travel,No,6,2,4,2,1,3,4,Yes,"It is an okay place to work, nothing exceptional about it"
11790,37,Female,Married,Sales,BD Executive,2,Computer Science,Bhubaneswar,101284,22,1,11,5,3,8,2,5,44,Travel_Rarely,Yes,3,4,3,4,4,3,1,Yes,Excessive workload with no work life balance whatsoever here
11791,55,Male,Divorced,Sales,Sales Executive,5,Engineering,Pune,100227,22,1,3,2,1,4,25,5,38,Non-Travel,No,5,1,1,4,4,3,1,Yes,I feel undervalued and underpaid compared to industry standards
11792,50,Male,Divorced,HR,HR Manager,3,Computer Science,Bengaluru,112556,13,1,2,9,0,9,26,1,56,Travel_Frequently,No,3,4,4,4,2,2,2,No,"It is an okay place to work, nothing exceptional about it"
11793,40,Female,Married,Sales,Sales Lead,1,Marketing,Mumbai,58560,22,0,5,3,2,1,26,1,55,Non-Travel,No,5,4,2,4,3,2,2,No,"Career growth is excellent here, very satisfied with my job"
11794,44,Male,Married,Finance,Auditor,5,Business Administration,Bhubaneswar,42256,10,0,15,3,5,3,21,3,34,Travel_Rarely,No,6,4,3,3,4,4,4,No,Management is supportive and salary is competitive and fair
11795,40,Female,Divorced,Technology,Junior Developer,5,Marketing,Mumbai,21125,23,3,12,2,1,8,18,9,24,Travel_Rarely,No,4,3,4,4,4,4,3,Yes,Excessive workload with no work life balance whatsoever here
11796,46,Male,Single,Sales,Account Manager,2,Engineering,Hyderabad,19370,10,2,8,9,9,7,29,7,4,Travel_Rarely,Yes,0,1,3,2,3,4,3,Yes,Management doesnt listen and salary is way below market rate
11797,37,Male,Married,Operations,Ops Executive,2,HR Management,Bhubaneswar,19838,14,2,10,5,6,2,24,6,27,Non-Travel,No,4,2,4,3,1,4,2,Yes,Work is okay but salary could definitely be better though
11798,30,Female,Single,Technology,Senior Developer,1,Marketing,Bhubaneswar,129479,21,3,19,4,6,7,28,9,5,Travel_Rarely,No,0,2,3,1,2,3,2,Yes,Job is fine but I am looking for more interesting challenges
11799,22,Male,Married,HR,HR Manager,2,Business Administration,Bhubaneswar,72429,17,3,12,8,2,1,12,4,43,Travel_Frequently,No,3,2,3,2,2,3,2,Yes,Job is fine but I am looking for more interesting challenges
11800,40,Male,Single,Operations,Supply Chain Analyst,4,Finance,Bengaluru,149206,10,3,18,8,0,2,11,4,13,Non-Travel,Yes,2,1,1,2,1,3,1,Yes,"Average experience overall, some good and some bad aspects"
11801,54,Male,Divorced,Technology,Junior Developer,2,Business Administration,Bhubaneswar,58199,11,0,2,2,8,4,27,3,40,Non-Travel,No,1,4,3,1,3,2,3,No,Management is supportive and salary is competitive and fair
11802,55,Female,Married,Operations,Ops Executive,2,Marketing,Mumbai,92092,16,3,11,8,4,9,23,5,21,Travel_Rarely,Yes,3,2,2,2,3,2,2,Yes,Excessive workload with no work life balance whatsoever here
11803,37,Female,Single,HR,HR Executive,4,Finance,Bengaluru,139925,17,2,18,2,1,9,33,5,37,Non-Travel,No,4,1,1,3,4,3,2,Yes,Work is okay but salary could definitely be better though
11804,39,Male,Single,Finance,Financial Analyst,1,Engineering,Bhubaneswar,179894,21,3,7,3,7,7,16,7,32,Travel_Rarely,No,4,3,3,1,3,3,1,Yes,Management doesnt listen and salary is way below market rate
11805,55,Male,Married,HR,HR Executive,4,Business Administration,Mumbai,239585,23,1,13,0,9,0,28,7,38,Non-Travel,No,0,1,2,3,2,3,2,Yes,I feel undervalued and underpaid compared to industry standards
11806,46,Male,Divorced,HR,HR Manager,5,HR Management,Mumbai,35113,12,2,8,4,9,3,28,6,31,Travel_Rarely,No,1,3,2,4,2,3,3,Yes,Excessive workload with no work life balance whatsoever here
11807,27,Female,Married,Operations,Process Analyst,4,Finance,Pune,209666,20,2,16,8,3,0,6,4,32,Travel_Rarely,No,5,1,4,1,2,2,1,Yes,Very high pressure with little or no recognition for work done
11808,42,Female,Married,Marketing,Content Writer,3,Finance,Mumbai,111102,21,2,5,1,9,0,29,7,15,Non-Travel,Yes,3,3,1,3,3,1,2,Yes,I feel undervalued and underpaid compared to industry standards
11809,27,Male,Single,Sales,Sales Lead,5,Business Administration,Chennai,17669,22,0,3,3,6,4,34,2,55,Travel_Rarely,Yes,6,2,1,4,1,4,3,Yes,Excessive workload with no work life balance whatsoever here
11810,53,Female,Married,Sales,Account Manager,2,Marketing,Hyderabad,195499,17,0,3,9,4,5,3,9,57,Travel_Rarely,Yes,1,1,4,3,2,4,3,Yes,Excessive workload with no work life balance whatsoever here
11811,52,Female,Married,Finance,Finance Manager,5,Finance,Bhubaneswar,227689,10,2,18,1,2,0,6,7,48,Non-Travel,No,1,3,4,3,2,1,1,No,"It is an okay place to work, nothing exceptional about it"
11812,31,Female,Married,Finance,Tax Analyst,1,Engineering,Bhubaneswar,159010,18,1,11,7,9,5,13,2,30,Travel_Rarely,No,3,4,4,2,1,2,3,No,"I love working here, great team and management support"
11813,51,Female,Single,Sales,Sales Lead,1,Business Administration,Bhubaneswar,151789,21,2,1,8,7,4,15,2,43,Travel_Rarely,No,0,2,1,4,4,2,1,Yes,"No growth at all, stuck in same role for many years now"
11814,39,Male,Married,Marketing,Brand Manager,4,Engineering,Mumbai,92818,11,0,16,2,1,3,6,6,7,Non-Travel,No,5,2,2,2,3,1,3,No,"It is an okay place to work, nothing exceptional about it"
11815,45,Female,Married,Sales,BD Executive,5,Business Administration,Mumbai,193731,23,1,14,8,0,9,33,7,38,Travel_Frequently,Yes,0,3,2,4,2,4,2,Yes,"It is an okay place to work, nothing exceptional about it"
11816,30,Female,Divorced,Marketing,Content Writer,2,Engineering,Bhubaneswar,210647,22,2,9,5,4,4,12,9,31,Travel_Rarely,No,6,3,3,4,3,4,1,No,"I love working here, great team and management support"
11817,52,Male,Divorced,Finance,Finance Manager,1,Marketing,Chennai,94737,11,0,2,5,3,7,13,4,44,Non-Travel,No,0,1,1,2,2,1,3,Yes,"Average experience overall, some good and some bad aspects"
11818,36,Male,Married,Technology,Senior Developer,2,Business Administration,Bengaluru,162361,13,1,19,6,9,8,33,8,26,Travel_Frequently,No,2,3,1,2,2,1,1,Yes,Excessive workload with no work life balance whatsoever here
11819,25,Female,Married,Operations,Operations Manager,3,HR Management,Bengaluru,39406,21,3,3,4,6,1,28,2,36,Travel_Rarely,No,1,3,4,2,4,3,3,No,"It is an okay place to work, nothing exceptional about it"
11820,30,Female,Single,Finance,Auditor,1,Marketing,Hyderabad,242894,19,3,0,5,8,5,5,6,46,Travel_Rarely,No,2,4,1,4,1,1,1,Yes,Excessive workload with no work life balance whatsoever here
11821,30,Male,Married,Finance,Auditor,4,Engineering,Pune,27873,12,2,0,0,5,2,25,4,43,Non-Travel,No,0,2,1,4,1,1,2,Yes,Management doesnt listen and salary is way below market rate
11822,47,Male,Married,HR,HR Manager,3,Business Administration,Hyderabad,140812,13,3,17,2,0,1,17,8,26,Travel_Rarely,Yes,5,3,2,4,1,4,1,Yes,Poor management decisions causing frustration across the team
11823,25,Male,Single,HR,HR Manager,5,Marketing,Bhubaneswar,97048,15,0,3,8,7,0,19,9,44,Travel_Rarely,No,3,3,1,4,4,3,1,Yes,"No growth at all, stuck in same role for many years now"
11824,38,Female,Married,HR,HR Executive,2,Engineering,Bhubaneswar,240535,16,1,14,4,1,3,34,2,2,Travel_Rarely,No,1,4,2,4,4,3,2,No,"Good colleagues, strong learning opportunities and recognition"
11825,37,Female,Married,Operations,Process Analyst,1,Computer Science,Bhubaneswar,38461,14,2,9,4,3,7,6,7,43,Non-Travel,No,3,3,2,4,1,4,3,Yes,Work is okay but salary could definitely be better though
11826,36,Male,Single,HR,HR Manager,3,Computer Science,Pune,166782,11,1,16,7,2,2,19,7,45,Non-Travel,No,4,4,1,3,3,4,4,No,Job is fine but I am looking for more interesting challenges
11827,56,Female,Married,Marketing,SEO Analyst,3,Finance,Mumbai,231560,12,1,11,1,5,4,1,8,43,Travel_Rarely,No,1,2,2,2,3,2,2,Yes,Management doesnt listen and salary is way below market rate
11828,26,Male,Married,Sales,Sales Lead,1,HR Management,Pune,28448,19,1,19,6,1,9,7,5,9,Non-Travel,No,3,2,4,4,4,3,1,Yes,Very high pressure with little or no recognition for work done
11829,26,Female,Single,Technology,DevOps Engineer,5,Computer Science,Hyderabad,30198,20,0,11,8,4,4,34,3,58,Travel_Rarely,No,0,4,2,3,3,1,2,No,Work is okay but salary could definitely be better though
11830,41,Male,Single,Finance,Auditor,5,Engineering,Mumbai,88158,12,2,15,6,8,4,19,1,59,Travel_Rarely,No,2,4,1,1,1,3,2,Yes,"No growth at all, stuck in same role for many years now"
11831,36,Male,Married,Marketing,Marketing Manager,4,Marketing,Mumbai,214010,23,3,4,4,2,8,33,4,53,Travel_Frequently,Yes,3,2,4,3,2,2,1,Yes,"Too much overtime, work life balance is completely terrible"
11832,39,Female,Married,Technology,Data Analyst,5,Business Administration,Hyderabad,196871,14,1,15,5,1,7,26,3,48,Travel_Rarely,Yes,6,2,4,2,3,1,1,Yes,Management doesnt listen and salary is way below market rate
11833,23,Female,Single,Marketing,Marketing Manager,4,Marketing,Mumbai,247932,21,1,16,3,1,7,27,2,5,Non-Travel,No,5,4,1,1,1,2,4,No,Excellent culture and very clear career growth opportunities
11834,50,Female,Divorced,Marketing,SEO Analyst,3,Finance,Bengaluru,240075,20,1,14,6,8,0,26,6,27,Travel_Frequently,No,4,1,3,4,1,4,2,Yes,Job is fine but I am looking for more interesting challenges
11835,34,Female,Married,Finance,Finance Manager,1,Marketing,Hyderabad,181033,21,0,12,0,5,0,20,7,12,Travel_Frequently,No,0,2,2,2,1,2,1,Yes,"No growth at all, stuck in same role for many years now"
11836,25,Female,Married,Sales,Sales Executive,5,Computer Science,Hyderabad,189079,14,3,7,3,1,1,24,7,35,Travel_Rarely,No,6,2,2,1,3,4,3,No,Great work life balance and very interesting projects daily
11837,31,Female,Married,HR,HR Business Partner,4,Marketing,Bengaluru,80470,13,1,1,2,2,7,21,8,29,Non-Travel,No,4,4,3,3,2,2,3,No,"Very happy with my role, the team is fantastic and supportive"
11838,52,Male,Divorced,Operations,Process Analyst,3,Computer Science,Pune,198328,17,0,7,3,0,9,26,2,16,Travel_Rarely,No,5,4,4,1,3,4,3,No,Job is fine but I am looking for more interesting challenges
11839,29,Female,Married,Sales,Sales Lead,5,Computer Science,Pune,35739,15,0,9,0,1,0,20,6,19,Travel_Rarely,Yes,5,4,3,2,1,3,3,Yes,Job is fine but I am looking for more interesting challenges
11840,24,Male,Single,Operations,Coordinator,2,HR Management,Pune,99054,15,1,6,1,1,3,6,6,49,Non-Travel,No,2,1,1,1,1,4,2,Yes,Poor management decisions causing frustration across the team
11841,30,Male,Divorced,Finance,Senior Accountant,3,Finance,Mumbai,73186,10,1,9,8,1,8,3,1,43,Travel_Rarely,No,4,4,3,3,1,3,2,No,Great work life balance and very interesting projects daily
11842,51,Female,Married,Finance,Senior Accountant,5,Engineering,Bengaluru,41547,15,0,3,6,6,1,10,2,53,Travel_Rarely,Yes,5,1,4,1,4,4,4,Yes,Work is okay but salary could definitely be better though
11843,32,Male,Single,Finance,Tax Analyst,3,Computer Science,Hyderabad,109472,12,0,10,5,2,2,12,9,51,Travel_Rarely,No,3,4,1,3,3,2,2,Yes,"It is an okay place to work, nothing exceptional about it"
11844,56,Male,Married,Technology,Data Analyst,1,Business Administration,Hyderabad,100823,22,1,8,1,3,5,33,8,27,Travel_Rarely,Yes,5,4,1,1,2,2,1,Yes,Poor management decisions causing frustration across the team
11845,34,Female,Married,Operations,Coordinator,1,Finance,Hyderabad,121887,15,0,3,0,1,9,22,4,18,Travel_Rarely,No,5,1,1,3,3,2,4,Yes,"No growth at all, stuck in same role for many years now"
11846,57,Female,Divorced,Sales,BD Executive,1,Engineering,Mumbai,197503,19,0,2,1,4,2,16,6,59,Travel_Rarely,Yes,3,3,2,3,1,4,2,Yes,Very high pressure with little or no recognition for work done
11847,34,Female,Married,Sales,Sales Lead,2,Business Administration,Mumbai,171548,22,1,10,6,8,3,17,2,41,Travel_Rarely,No,0,2,2,3,1,4,2,Yes,Excessive workload with no work life balance whatsoever here
11848,33,Male,Single,Marketing,Content Writer,1,Marketing,Chennai,224483,20,1,2,1,8,8,10,5,13,Non-Travel,No,2,4,1,4,4,2,1,No,Great work life balance and very interesting projects daily
11849,31,Female,Married,Marketing,Brand Manager,2,Finance,Pune,25686,22,2,17,2,6,8,12,2,30,Travel_Rarely,No,2,3,3,3,1,3,1,Yes,I feel undervalued and underpaid compared to industry standards
11850,30,Female,Married,Marketing,Marketing Manager,1,Business Administration,Chennai,163608,15,3,18,7,7,9,19,5,26,Travel_Rarely,No,1,1,2,2,3,4,1,Yes,"No growth at all, stuck in same role for many years now"
11851,28,Female,Single,Finance,Financial Analyst,3,Finance,Chennai,49062,11,1,13,6,4,4,23,7,6,Travel_Frequently,No,6,4,4,3,3,3,3,No,"Average experience overall, some good and some bad aspects"
11852,23,Female,Married,Sales,Account Manager,5,Finance,Mumbai,63216,10,1,10,8,4,6,10,7,3,Travel_Rarely,No,1,1,2,4,3,4,2,Yes,Very high pressure with little or no recognition for work done
11853,44,Male,Married,Operations,Coordinator,5,Marketing,Pune,171113,20,1,1,3,2,8,10,9,23,Non-Travel,Yes,3,1,3,4,1,2,2,Yes,"Too much overtime, work life balance is completely terrible"
11854,42,Female,Single,Finance,Senior Accountant,1,Marketing,Pune,46653,24,3,1,6,5,7,10,3,12,Travel_Frequently,Yes,5,1,2,2,4,3,2,Yes,Management doesnt listen and salary is way below market rate
11855,44,Male,Married,Technology,Data Analyst,5,Finance,Hyderabad,36673,12,2,1,0,0,6,30,4,41,Travel_Rarely,No,4,3,3,3,3,1,4,Yes,Excessive workload with no work life balance whatsoever here
11856,50,Female,Single,Marketing,Brand Manager,1,Business Administration,Mumbai,156439,14,0,9,1,2,7,4,9,41,Travel_Frequently,No,5,1,3,4,2,4,4,Yes,Job is fine but I am looking for more interesting challenges
11857,35,Male,Single,Finance,Auditor,1,HR Management,Pune,34629,24,3,14,6,1,4,1,8,15,Non-Travel,No,5,2,2,4,2,3,4,Yes,"Average experience overall, some good and some bad aspects"
11858,47,Male,Married,Finance,Financial Analyst,4,Computer Science,Chennai,135756,24,1,11,1,6,4,19,7,1,Travel_Rarely,Yes,4,4,3,1,2,2,4,Yes,I feel undervalued and underpaid compared to industry standards
11859,26,Male,Single,Technology,DevOps Engineer,4,Marketing,Bengaluru,126641,13,1,10,5,8,4,5,8,50,Non-Travel,No,0,4,3,1,3,3,4,Yes,Very high pressure with little or no recognition for work done
11860,52,Female,Married,HR,Recruiter,4,HR Management,Bengaluru,234708,16,2,16,9,3,0,30,9,47,Travel_Frequently,No,2,2,4,2,4,1,1,Yes,"No growth at all, stuck in same role for many years now"
11861,46,Male,Single,Sales,BD Executive,2,Marketing,Mumbai,218262,13,2,17,8,6,5,26,4,8,Travel_Frequently,No,3,4,1,1,1,1,4,Yes,"Average experience overall, some good and some bad aspects"
11862,52,Female,Married,Operations,Supply Chain Analyst,4,Finance,Hyderabad,40063,17,2,13,4,7,4,34,5,31,Travel_Rarely,Yes,4,2,1,3,4,3,2,Yes,Work is okay but salary could definitely be better though
11863,41,Female,Single,HR,HR Executive,1,HR Management,Hyderabad,34322,16,0,16,9,9,7,2,9,11,Non-Travel,No,1,3,2,1,1,1,3,Yes,Excessive workload with no work life balance whatsoever here
11864,38,Female,Divorced,Marketing,Marketing Manager,3,Business Administration,Pune,230618,19,3,14,6,1,7,24,7,17,Non-Travel,No,3,1,3,4,1,4,2,Yes,"No growth at all, stuck in same role for many years now"
11865,23,Female,Married,Finance,Auditor,4,Business Administration,Mumbai,27693,18,3,11,0,6,1,14,4,27,Travel_Rarely,No,0,3,2,2,1,1,2,Yes,"No growth at all, stuck in same role for many years now"
11866,46,Female,Married,Technology,Data Analyst,4,Engineering,Bengaluru,155313,10,2,15,7,2,5,13,6,31,Travel_Rarely,Yes,3,2,2,1,1,3,1,Yes,Work is okay but salary could definitely be better though
11867,34,Male,Single,Technology,QA Engineer,3,Computer Science,Chennai,175850,24,0,5,8,7,9,29,1,27,Travel_Rarely,No,4,1,1,2,3,3,3,Yes,"Average experience overall, some good and some bad aspects"
11868,49,Female,Married,Sales,Sales Manager,1,Computer Science,Pune,117379,14,3,1,4,5,9,1,1,14,Travel_Rarely,No,6,3,3,3,2,4,2,No,"Average experience overall, some good and some bad aspects"
11869,27,Male,Single,HR,HR Executive,2,Marketing,Chennai,27651,22,1,1,5,2,5,34,9,51,Travel_Rarely,No,0,1,2,3,3,4,1,Yes,Work is okay but salary could definitely be better though
11870,24,Male,Divorced,Sales,Account Manager,4,Computer Science,Pune,172038,13,1,15,7,7,2,4,8,59,Non-Travel,No,5,1,2,1,4,3,3,Yes,"Too much overtime, work life balance is completely terrible"
11871,56,Male,Married,Finance,Senior Accountant,3,Engineering,Bhubaneswar,24275,15,1,1,3,2,0,28,1,23,Travel_Rarely,No,1,3,1,1,1,2,3,Yes,Poor management decisions causing frustration across the team
11872,39,Male,Married,Sales,Sales Executive,1,Business Administration,Chennai,60606,10,3,7,1,8,6,19,2,56,Travel_Rarely,No,1,4,1,1,3,4,1,No,"Career growth is excellent here, very satisfied with my job"
11873,32,Male,Married,Operations,Ops Executive,5,HR Management,Mumbai,16658,15,2,6,9,2,9,1,4,5,Travel_Frequently,No,4,2,1,4,3,2,4,Yes,Job is fine but I am looking for more interesting challenges
11874,41,Male,Married,Technology,DevOps Engineer,2,HR Management,Chennai,240571,10,1,0,7,0,4,13,1,30,Travel_Rarely,No,0,3,2,3,3,1,1,No,"Very happy with my role, the team is fantastic and supportive"
11875,26,Male,Married,Technology,Data Analyst,3,Business Administration,Chennai,87468,23,2,3,1,1,9,5,2,34,Travel_Rarely,No,1,3,3,4,1,1,1,Yes,"It is an okay place to work, nothing exceptional about it"
11876,40,Female,Married,Marketing,Digital Marketer,3,Finance,Pune,160320,23,0,10,4,3,4,33,5,47,Non-Travel,No,0,4,1,1,1,4,4,Yes,"Too much overtime, work life balance is completely terrible"
11877,43,Male,Married,Marketing,Content Writer,3,Business Administration,Bengaluru,170509,10,1,19,5,1,7,14,8,19,Travel_Frequently,No,3,2,1,3,1,4,1,Yes,Job is fine but I am looking for more interesting challenges
11878,40,Female,Married,Finance,Tax Analyst,4,HR Management,Bhubaneswar,185799,17,0,6,4,3,4,16,6,57,Non-Travel,No,6,3,3,4,3,3,1,No,"Very happy with my role, the team is fantastic and supportive"
11879,37,Male,Married,Operations,Process Analyst,5,Marketing,Chennai,164273,11,2,17,5,3,4,32,6,31,Travel_Rarely,No,2,1,2,4,3,1,1,Yes,Very high pressure with little or no recognition for work done
11880,45,Male,Single,HR,HR Manager,2,Engineering,Bengaluru,56150,19,3,3,5,3,0,27,4,16,Travel_Frequently,Yes,2,2,2,2,4,4,2,Yes,Management doesnt listen and salary is way below market rate
11881,25,Male,Married,Sales,Account Manager,1,Business Administration,Hyderabad,235963,22,2,16,2,0,1,3,2,45,Travel_Rarely,No,2,4,3,4,2,3,1,No,Great work life balance and very interesting projects daily
11882,36,Male,Married,Finance,Finance Manager,1,Finance,Bhubaneswar,29999,23,1,10,2,8,4,4,3,27,Travel_Rarely,No,1,3,1,1,2,2,1,Yes,Work is okay but salary could definitely be better though
11883,46,Female,Married,Marketing,Digital Marketer,5,Marketing,Bhubaneswar,21376,15,1,10,8,9,6,7,6,26,Non-Travel,No,4,1,4,1,1,3,3,Yes,"It is an okay place to work, nothing exceptional about it"
11884,56,Female,Divorced,Sales,Sales Executive,3,Business Administration,Pune,66673,23,2,19,2,6,2,13,6,39,Travel_Frequently,No,2,2,3,4,2,1,3,Yes,I feel undervalued and underpaid compared to industry standards
11885,35,Female,Single,Marketing,SEO Analyst,3,Marketing,Chennai,18476,15,1,10,2,1,0,3,5,29,Non-Travel,No,5,3,4,2,1,3,3,Yes,"Average experience overall, some good and some bad aspects"
11886,40,Male,Divorced,Sales,Sales Lead,3,Business Administration,Hyderabad,84902,15,1,14,1,2,1,17,6,49,Non-Travel,No,6,2,2,2,1,3,1,Yes,Poor management decisions causing frustration across the team
11887,57,Male,Divorced,HR,HR Executive,3,Marketing,Pune,106269,17,0,13,6,7,2,10,6,51,Non-Travel,Yes,4,1,2,2,3,4,4,Yes,"It is an okay place to work, nothing exceptional about it"
11888,28,Male,Divorced,Finance,Auditor,3,Computer Science,Mumbai,224066,13,3,16,9,6,8,1,1,57,Non-Travel,No,6,1,4,4,2,3,1,Yes,"Average experience overall, some good and some bad aspects"
11889,51,Female,Married,Sales,Sales Manager,5,Marketing,Bengaluru,208950,12,2,1,9,3,7,28,6,39,Travel_Frequently,Yes,2,2,1,4,4,1,2,Yes,Very high pressure with little or no recognition for work done
11890,40,Male,Married,Operations,Supply Chain Analyst,4,Computer Science,Bengaluru,113331,15,0,17,3,3,3,10,5,44,Travel_Rarely,No,3,1,4,2,1,3,2,Yes,Very high pressure with little or no recognition for work done
11891,46,Female,Single,Technology,Senior Developer,2,HR Management,Pune,166687,13,1,15,0,8,7,7,8,45,Travel_Rarely,Yes,6,1,1,4,1,3,2,Yes,I feel undervalued and underpaid compared to industry standards
11892,37,Female,Married,Operations,Supply Chain Analyst,3,Computer Science,Bengaluru,26164,11,0,11,5,4,8,3,9,29,Travel_Frequently,Yes,2,2,3,3,4,1,2,Yes,Job is fine but I am looking for more interesting challenges
11893,29,Male,Single,Operations,Ops Executive,4,Marketing,Chennai,54316,15,3,9,4,4,2,7,6,45,Non-Travel,Yes,4,2,2,1,2,2,1,Yes,"It is an okay place to work, nothing exceptional about it"
11894,39,Male,Single,Technology,Junior Developer,1,Engineering,Bengaluru,214632,19,2,15,1,6,5,9,4,46,Non-Travel,No,1,4,2,4,4,2,3,No,"Career growth is excellent here, very satisfied with my job"
11895,49,Female,Married,Operations,Coordinator,5,Engineering,Chennai,175631,14,3,2,5,0,7,26,3,47,Travel_Rarely,Yes,6,3,4,3,2,1,1,Yes,"No growth at all, stuck in same role for many years now"
11896,37,Female,Single,Sales,BD Executive,4,HR Management,Mumbai,77968,20,3,7,0,2,9,5,1,31,Travel_Rarely,Yes,5,4,3,4,2,2,1,Yes,Very high pressure with little or no recognition for work done
11897,40,Female,Divorced,Sales,Sales Manager,3,Marketing,Hyderabad,212872,18,0,1,2,1,6,13,7,2,Travel_Rarely,No,3,4,4,3,2,3,1,No,Work is okay but salary could definitely be better though
11898,38,Male,Married,Sales,Sales Lead,3,Computer Science,Bhubaneswar,155119,20,0,0,3,9,8,30,5,6,Non-Travel,No,4,4,4,2,2,4,1,No,"Average experience overall, some good and some bad aspects"
11899,34,Male,Married,Technology,Junior Developer,3,Engineering,Pune,191057,15,3,13,2,5,6,10,4,9,Travel_Rarely,No,0,4,4,1,2,1,4,No,"Good colleagues, strong learning opportunities and recognition"
11900,28,Male,Married,Operations,Ops Executive,4,Business Administration,Pune,218195,23,1,3,5,5,0,23,9,15,Non-Travel,No,2,3,1,4,2,3,3,Yes,I feel undervalued and underpaid compared to industry standards
11901,48,Male,Divorced,Technology,QA Engineer,3,Finance,Chennai,152649,12,2,3,3,9,8,11,7,20,Non-Travel,No,3,2,2,3,1,4,3,Yes,Job is fine but I am looking for more interesting challenges
11902,31,Male,Married,Sales,BD Executive,4,Marketing,Mumbai,229243,20,1,8,0,0,4,12,8,48,Non-Travel,No,1,1,2,3,3,3,2,Yes,Excessive workload with no work life balance whatsoever here
11903,55,Male,Married,Operations,Ops Executive,3,Business Administration,Mumbai,149942,14,1,2,4,5,5,13,4,58,Travel_Rarely,No,6,1,4,2,1,1,1,Yes,Excessive workload with no work life balance whatsoever here
11904,57,Female,Single,Operations,Process Analyst,1,Business Administration,Bhubaneswar,49094,24,2,4,4,9,1,16,8,2,Travel_Rarely,No,0,2,1,1,1,3,2,Yes,Management doesnt listen and salary is way below market rate
11905,46,Female,Divorced,Marketing,Content Writer,1,Marketing,Hyderabad,70329,19,0,0,8,1,1,9,4,3,Travel_Rarely,No,6,2,2,1,4,1,3,Yes,"No growth at all, stuck in same role for many years now"
11906,27,Female,Married,Marketing,Digital Marketer,2,Finance,Pune,155289,17,1,18,7,3,3,10,1,55,Travel_Frequently,Yes,2,2,1,1,3,3,3,Yes,Job is fine but I am looking for more interesting challenges
11907,45,Male,Married,HR,HR Executive,3,Engineering,Chennai,98138,18,0,0,7,5,3,29,8,52,Travel_Frequently,No,3,1,3,3,3,4,2,Yes,Work is okay but salary could definitely be better though
11908,39,Female,Single,Finance,Auditor,3,Finance,Mumbai,81141,17,2,9,4,2,4,9,1,55,Travel_Rarely,No,5,4,1,4,3,4,3,No,"Average experience overall, some good and some bad aspects"
11909,44,Male,Married,Marketing,SEO Analyst,4,HR Management,Pune,168415,24,1,11,7,2,6,33,3,53,Travel_Frequently,Yes,4,4,1,4,2,4,3,Yes,"It is an okay place to work, nothing exceptional about it"
11910,27,Male,Single,Technology,Data Analyst,4,Computer Science,Chennai,143307,12,0,9,9,2,0,24,7,30,Travel_Frequently,Yes,6,4,3,2,2,2,4,Yes,Work is okay but salary could definitely be better though
11911,50,Female,Divorced,Marketing,Digital Marketer,3,Computer Science,Bengaluru,196894,18,0,1,6,3,9,11,3,8,Travel_Rarely,Yes,2,3,2,1,2,3,1,Yes,Work is okay but salary could definitely be better though
11912,46,Male,Divorced,HR,Recruiter,2,Business Administration,Pune,159075,12,1,15,0,8,3,13,8,40,Travel_Rarely,No,3,4,2,4,1,3,1,Yes,"No growth at all, stuck in same role for many years now"
11913,38,Female,Single,Operations,Operations Manager,3,Engineering,Hyderabad,205610,17,2,7,6,3,8,23,5,21,Travel_Frequently,No,2,3,1,3,3,4,3,Yes,"It is an okay place to work, nothing exceptional about it"
11914,45,Female,Married,HR,HR Business Partner,4,Finance,Chennai,178161,19,3,13,7,3,7,25,3,39,Travel_Rarely,No,5,1,1,3,3,1,3,Yes,Very high pressure with little or no recognition for work done
11915,32,Male,Single,Operations,Supply Chain Analyst,3,Business Administration,Hyderabad,199667,18,0,14,2,3,2,16,5,43,Non-Travel,No,3,3,3,1,1,2,4,Yes,I feel undervalued and underpaid compared to industry standards
11916,47,Female,Married,Operations,Ops Executive,4,Marketing,Pune,98197,16,2,15,8,6,5,21,5,54,Travel_Rarely,Yes,4,2,3,2,2,3,2,Yes,Work is okay but salary could definitely be better though
11917,55,Female,Single,Finance,Tax Analyst,3,Business Administration,Bengaluru,97318,13,1,10,7,4,8,10,8,13,Non-Travel,No,2,2,2,2,4,3,4,Yes,"No growth at all, stuck in same role for many years now"
11918,49,Female,Married,Marketing,Digital Marketer,5,Marketing,Hyderabad,176101,19,0,11,1,1,7,19,9,40,Travel_Rarely,Yes,6,1,2,1,3,2,4,Yes,Work is okay but salary could definitely be better though
11919,24,Female,Married,Technology,Junior Developer,4,Marketing,Mumbai,94023,24,0,1,5,6,6,28,6,41,Non-Travel,No,3,4,3,3,1,2,2,Yes,"Too much overtime, work life balance is completely terrible"
11920,32,Male,Single,Technology,DevOps Engineer,2,HR Management,Chennai,197396,18,0,3,3,2,6,2,3,48,Non-Travel,No,6,1,1,2,2,4,3,Yes,"It is an okay place to work, nothing exceptional about it"
11921,35,Female,Married,Sales,Sales Manager,5,HR Management,Pune,66962,12,2,2,2,0,0,30,2,37,Non-Travel,No,0,2,3,3,1,2,1,Yes,I feel undervalued and underpaid compared to industry standards
11922,47,Female,Single,Operations,Supply Chain Analyst,3,Marketing,Bengaluru,128037,24,0,8,5,8,4,5,3,55,Travel_Frequently,No,1,4,2,3,4,4,4,No,Work is okay but salary could definitely be better though
11923,42,Female,Married,Technology,Junior Developer,4,Engineering,Mumbai,185114,12,0,17,9,4,6,15,9,32,Non-Travel,No,5,2,1,4,4,2,4,Yes,Work is okay but salary could definitely be better though
11924,51,Male,Single,Finance,Finance Manager,5,HR Management,Pune,102601,11,1,18,8,9,1,3,7,14,Non-Travel,No,3,1,4,2,2,2,1,Yes,"It is an okay place to work, nothing exceptional about it"
11925,29,Female,Married,Operations,Operations Manager,2,HR Management,Bengaluru,222452,19,0,6,1,0,5,24,9,1,Non-Travel,No,6,4,4,3,1,3,4,No,"Career growth is excellent here, very satisfied with my job"
11926,41,Male,Divorced,Finance,Financial Analyst,4,Computer Science,Mumbai,99859,24,2,3,9,0,1,12,6,27,Travel_Rarely,No,3,1,3,4,2,4,2,Yes,Excessive workload with no work life balance whatsoever here
11927,53,Female,Married,Technology,QA Engineer,5,Business Administration,Hyderabad,105933,12,1,5,9,0,2,8,8,24,Travel_Frequently,No,3,2,2,3,1,2,1,Yes,"It is an okay place to work, nothing exceptional about it"
11928,43,Female,Divorced,Technology,Senior Developer,5,Computer Science,Pune,60957,10,3,18,9,8,0,14,9,51,Non-Travel,No,2,4,1,1,1,2,1,Yes,Job is fine but I am looking for more interesting challenges
11929,28,Female,Divorced,Sales,Account Manager,5,Engineering,Pune,97864,24,1,0,4,7,2,18,3,49,Non-Travel,No,5,2,4,2,4,3,2,Yes,"It is an okay place to work, nothing exceptional about it"
11930,30,Male,Single,Technology,DevOps Engineer,1,HR Management,Hyderabad,141358,13,0,15,5,5,6,20,7,22,Travel_Rarely,No,1,4,1,3,1,1,2,Yes,"Average experience overall, some good and some bad aspects"
11931,22,Male,Single,Operations,Ops Executive,3,HR Management,Bhubaneswar,58739,17,3,10,3,9,4,23,9,14,Travel_Rarely,No,5,3,1,2,1,3,1,Yes,"No growth at all, stuck in same role for many years now"
11932,50,Male,Married,Operations,Coordinator,4,Finance,Mumbai,53733,14,1,3,6,5,3,5,2,45,Non-Travel,Yes,2,3,1,4,4,4,2,Yes,"Too much overtime, work life balance is completely terrible"
11933,29,Male,Divorced,Operations,Supply Chain Analyst,4,Engineering,Hyderabad,60389,11,0,17,1,5,7,1,7,8,Travel_Rarely,Yes,6,2,1,2,3,1,4,Yes,"No growth at all, stuck in same role for many years now"
11934,25,Male,Divorced,Sales,Account Manager,4,Business Administration,Pune,175787,12,1,4,6,3,7,2,5,27,Travel_Rarely,No,3,1,3,3,3,2,3,No,Management is supportive and salary is competitive and fair
11935,56,Male,Single,Sales,Sales Manager,5,Business Administration,Mumbai,185188,10,2,5,1,4,0,16,8,3,Travel_Rarely,Yes,5,3,1,2,3,4,4,Yes,"Average experience overall, some good and some bad aspects"
11936,24,Female,Married,Technology,Data Analyst,3,Business Administration,Mumbai,71922,11,0,1,0,9,8,5,4,33,Travel_Frequently,Yes,3,3,4,1,3,1,2,Yes,Job is fine but I am looking for more interesting challenges
11937,28,Male,Single,HR,HR Executive,2,Engineering,Bhubaneswar,202323,10,2,11,4,2,8,22,1,51,Non-Travel,Yes,1,4,4,1,1,4,4,Yes,Excessive workload with no work life balance whatsoever here
11938,48,Female,Married,HR,HR Manager,4,Finance,Pune,207866,11,0,8,1,2,1,1,8,47,Non-Travel,No,0,4,3,4,3,3,3,No,"Good colleagues, strong learning opportunities and recognition"
11939,22,Male,Married,Sales,Sales Executive,3,Finance,Bengaluru,32580,12,2,19,7,9,1,12,6,21,Travel_Frequently,No,2,4,4,3,3,1,3,Yes,Poor management decisions causing frustration across the team
11940,48,Male,Single,Technology,QA Engineer,3,Computer Science,Bhubaneswar,130900,10,3,11,7,6,7,19,8,59,Travel_Frequently,No,0,2,1,2,1,1,3,Yes,I feel undervalued and underpaid compared to industry standards
11941,37,Male,Married,HR,L&D Specialist,1,Engineering,Bhubaneswar,146895,20,2,12,0,4,5,22,3,32,Non-Travel,Yes,5,1,4,4,3,1,2,Yes,"No growth at all, stuck in same role for many years now"
11942,28,Female,Married,Technology,QA Engineer,4,Engineering,Bengaluru,238080,18,1,16,3,7,2,17,8,40,Travel_Frequently,No,3,1,2,4,3,2,2,Yes,"Too much overtime, work life balance is completely terrible"
11943,44,Male,Married,Technology,DevOps Engineer,5,Finance,Bengaluru,22084,19,0,4,8,4,1,13,8,41,Travel_Rarely,No,6,4,1,3,2,3,2,Yes,"It is an okay place to work, nothing exceptional about it"
11944,32,Male,Single,Technology,QA Engineer,3,Marketing,Bhubaneswar,92991,14,1,19,4,3,4,28,1,45,Non-Travel,Yes,6,2,3,2,3,1,3,Yes,"Too much overtime, work life balance is completely terrible"
11945,54,Female,Divorced,Marketing,Content Writer,3,Marketing,Mumbai,156679,17,2,12,9,2,7,3,4,44,Travel_Rarely,Yes,3,4,2,4,2,4,2,No,Management is supportive and salary is competitive and fair
11946,57,Female,Married,Operations,Process Analyst,2,Computer Science,Hyderabad,97455,14,0,12,5,1,5,5,7,41,Non-Travel,No,4,1,4,4,3,2,1,Yes,"Too much overtime, work life balance is completely terrible"
11947,38,Female,Married,Technology,DevOps Engineer,1,Marketing,Hyderabad,127540,17,2,9,2,2,2,15,1,32,Non-Travel,No,4,2,2,3,1,3,4,Yes,"Average experience overall, some good and some bad aspects"
11948,56,Female,Married,Marketing,Marketing Manager,3,Marketing,Bhubaneswar,231002,16,3,14,4,6,8,17,3,52,Non-Travel,No,0,4,4,3,3,3,4,No,Job is fine but I am looking for more interesting challenges
11949,26,Male,Single,Sales,Sales Executive,3,Marketing,Mumbai,129540,21,3,14,0,7,7,29,3,24,Travel_Rarely,No,4,4,4,4,4,3,1,No,"Good colleagues, strong learning opportunities and recognition"
11950,53,Female,Single,HR,HR Manager,5,HR Management,Bengaluru,222427,13,3,17,7,4,9,4,6,11,Travel_Frequently,No,6,1,4,2,1,3,2,Yes,"Average experience overall, some good and some bad aspects"
11951,24,Male,Married,Operations,Process Analyst,5,Computer Science,Chennai,158041,24,2,17,5,0,5,32,5,37,Travel_Rarely,Yes,5,2,3,4,3,2,4,Yes,Poor management decisions causing frustration across the team
11952,56,Male,Single,HR,HR Executive,2,Finance,Bhubaneswar,209131,16,2,1,1,2,0,4,7,51,Travel_Rarely,Yes,1,1,2,1,3,3,3,Yes,"Too much overtime, work life balance is completely terrible"
11953,35,Female,Married,Operations,Coordinator,2,Marketing,Pune,32333,15,3,10,3,3,1,13,3,21,Travel_Rarely,No,5,2,3,3,1,4,4,Yes,"It is an okay place to work, nothing exceptional about it"
11954,52,Male,Married,HR,L&D Specialist,2,Business Administration,Mumbai,223308,12,2,12,3,9,3,20,1,18,Travel_Rarely,No,0,2,4,1,4,4,4,Yes,Excessive workload with no work life balance whatsoever here
11955,52,Female,Married,Operations,Ops Executive,5,HR Management,Pune,142182,18,1,10,8,3,1,18,3,11,Travel_Rarely,No,5,4,1,2,1,4,4,No,"Career growth is excellent here, very satisfied with my job"
11956,38,Male,Single,HR,HR Executive,5,Marketing,Pune,243400,21,2,3,8,0,2,12,8,27,Travel_Rarely,No,4,1,1,3,4,1,2,Yes,Very high pressure with little or no recognition for work done
11957,45,Female,Single,HR,Recruiter,1,HR Management,Bhubaneswar,244919,19,1,14,4,9,7,25,5,43,Travel_Rarely,No,4,2,3,2,1,3,1,Yes,Management doesnt listen and salary is way below market rate
11958,44,Female,Married,HR,Recruiter,4,Computer Science,Mumbai,51668,24,3,10,2,8,8,30,3,38,Travel_Rarely,No,1,3,1,1,1,4,4,Yes,"Too much overtime, work life balance is completely terrible"
11959,39,Female,Single,HR,HR Manager,4,Business Administration,Pune,26945,22,2,17,0,9,5,15,8,1,Travel_Rarely,Yes,5,4,2,2,2,3,3,Yes,Excessive workload with no work life balance whatsoever here
11960,35,Female,Married,Sales,Sales Manager,1,Business Administration,Mumbai,117528,18,3,15,5,3,3,8,6,54,Non-Travel,Yes,1,1,1,3,2,2,4,Yes,Poor management decisions causing frustration across the team
11961,36,Female,Married,Technology,QA Engineer,4,Business Administration,Hyderabad,61526,23,0,9,7,1,1,28,3,29,Non-Travel,No,6,2,1,1,1,4,2,Yes,Job is fine but I am looking for more interesting challenges
11962,36,Female,Married,Finance,Senior Accountant,5,Marketing,Chennai,62717,14,2,11,0,8,6,22,5,21,Travel_Rarely,Yes,0,4,4,3,2,1,2,Yes,"Too much overtime, work life balance is completely terrible"
11963,27,Male,Married,Marketing,Marketing Manager,4,HR Management,Pune,205498,17,2,12,0,3,9,16,1,29,Travel_Frequently,Yes,2,1,2,1,3,1,3,Yes,"Too much overtime, work life balance is completely terrible"
11964,48,Male,Single,Finance,Financial Analyst,5,Business Administration,Pune,247242,16,3,8,6,3,6,5,6,9,Travel_Rarely,No,5,1,2,4,3,2,4,Yes,Management doesnt listen and salary is way below market rate
11965,36,Male,Single,Finance,Senior Accountant,1,Engineering,Mumbai,230238,18,3,12,6,5,9,34,9,7,Travel_Frequently,No,6,4,1,2,3,4,4,Yes,Management doesnt listen and salary is way below market rate
11966,57,Female,Divorced,Operations,Coordinator,2,Engineering,Chennai,105480,16,3,5,1,7,8,11,7,38,Non-Travel,Yes,6,2,4,2,2,2,3,Yes,"No growth at all, stuck in same role for many years now"
11967,29,Male,Divorced,Technology,Senior Developer,1,HR Management,Hyderabad,234968,13,0,5,2,4,4,2,8,31,Travel_Rarely,No,5,4,1,3,2,1,1,No,Work is okay but salary could definitely be better though
11968,36,Female,Married,Operations,Coordinator,4,Marketing,Pune,224421,13,0,10,1,7,9,25,6,27,Travel_Rarely,Yes,1,3,1,4,3,1,2,Yes,Work is okay but salary could definitely be better though
11969,24,Male,Divorced,Technology,DevOps Engineer,5,Marketing,Bhubaneswar,150673,20,3,18,5,0,3,25,5,55,Travel_Rarely,No,4,4,3,3,1,3,1,No,"Very happy with my role, the team is fantastic and supportive"
11970,34,Male,Married,Technology,QA Engineer,4,Computer Science,Mumbai,27930,17,2,10,7,3,9,1,6,42,Travel_Frequently,No,0,1,4,3,3,2,1,Yes,Poor management decisions causing frustration across the team
11971,55,Female,Single,HR,Recruiter,4,Computer Science,Mumbai,19333,15,2,9,7,0,5,31,7,32,Travel_Frequently,No,2,3,3,1,2,1,4,Yes,I feel undervalued and underpaid compared to industry standards
11972,45,Male,Single,Sales,Account Manager,2,Business Administration,Pune,217007,18,3,14,0,2,1,5,9,5,Travel_Rarely,Yes,5,3,1,4,4,4,3,Yes,"Too much overtime, work life balance is completely terrible"
11973,53,Male,Divorced,HR,HR Business Partner,4,Finance,Hyderabad,135384,23,1,12,8,6,1,4,8,33,Travel_Rarely,No,0,2,1,1,3,4,2,Yes,"No growth at all, stuck in same role for many years now"
11974,53,Male,Single,Sales,Account Manager,2,Computer Science,Pune,32839,19,0,7,7,0,8,5,5,15,Travel_Frequently,Yes,4,4,4,3,3,1,1,Yes,Excessive workload with no work life balance whatsoever here
11975,51,Female,Married,Operations,Ops Executive,5,Marketing,Bengaluru,66337,23,0,4,8,4,6,5,7,57,Travel_Rarely,No,2,2,2,1,2,2,1,Yes,"Too much overtime, work life balance is completely terrible"
11976,34,Male,Married,Sales,Sales Executive,5,Finance,Pune,186276,16,1,1,8,0,6,16,8,5,Travel_Frequently,No,2,4,1,1,2,2,4,Yes,Work is okay but salary could definitely be better though
11977,22,Female,Married,Operations,Supply Chain Analyst,2,Computer Science,Chennai,35195,16,3,15,5,5,4,18,1,20,Travel_Frequently,No,6,1,1,2,2,4,4,Yes,Management doesnt listen and salary is way below market rate
11978,55,Male,Married,Finance,Finance Manager,1,HR Management,Chennai,173920,13,2,12,2,8,6,17,8,38,Travel_Rarely,Yes,1,2,3,4,2,1,4,Yes,Very high pressure with little or no recognition for work done
11979,36,Male,Single,Finance,Tax Analyst,5,Engineering,Bengaluru,104229,12,2,18,0,2,8,18,7,37,Travel_Rarely,No,3,1,3,2,3,4,3,Yes,Excessive workload with no work life balance whatsoever here
11980,35,Male,Single,Sales,BD Executive,1,Computer Science,Chennai,128251,17,0,8,7,5,9,4,2,17,Travel_Rarely,No,4,1,4,4,2,2,2,Yes,Job is fine but I am looking for more interesting challenges
11981,50,Male,Married,Sales,Sales Executive,5,Computer Science,Chennai,127265,16,1,14,9,3,4,31,2,50,Non-Travel,No,3,3,3,2,4,1,2,No,"Career growth is excellent here, very satisfied with my job"
11982,55,Female,Married,Operations,Coordinator,5,HR Management,Bhubaneswar,186926,13,2,5,2,5,8,31,6,4,Travel_Rarely,No,4,2,2,3,1,4,4,Yes,"No growth at all, stuck in same role for many years now"
11983,39,Male,Married,HR,HR Business Partner,3,Marketing,Mumbai,116986,22,0,7,6,1,0,9,3,56,Non-Travel,No,0,4,1,2,2,1,1,No,"Good colleagues, strong learning opportunities and recognition"
11984,28,Female,Married,Operations,Ops Executive,4,Business Administration,Chennai,65998,13,2,13,9,3,2,31,1,21,Travel_Rarely,No,3,2,3,4,2,3,4,No,Work is okay but salary could definitely be better though
11985,50,Female,Single,HR,HR Executive,4,HR Management,Mumbai,213462,10,2,4,5,6,6,5,8,55,Travel_Frequently,No,6,1,2,4,3,4,4,Yes,"Average experience overall, some good and some bad aspects"
11986,52,Male,Divorced,Finance,Auditor,1,Business Administration,Hyderabad,46558,20,2,16,2,5,3,16,7,34,Non-Travel,No,5,3,1,4,1,4,3,Yes,Poor management decisions causing frustration across the team
11987,46,Male,Married,Technology,Junior Developer,4,Computer Science,Pune,17985,16,0,6,5,8,1,16,4,40,Non-Travel,No,6,2,1,2,1,3,4,Yes,"No growth at all, stuck in same role for many years now"
11988,35,Female,Single,Sales,BD Executive,1,Marketing,Bhubaneswar,76794,10,1,8,2,6,2,20,1,5,Travel_Rarely,No,6,3,2,1,1,2,2,Yes,Very high pressure with little or no recognition for work done
11989,29,Female,Married,HR,HR Business Partner,5,Finance,Bengaluru,58585,19,3,15,8,0,6,30,2,4,Travel_Rarely,No,5,3,1,2,2,4,4,No,"It is an okay place to work, nothing exceptional about it"
11990,48,Male,Married,Operations,Coordinator,3,Computer Science,Hyderabad,230886,19,1,17,0,5,7,26,9,57,Travel_Rarely,No,5,1,2,1,3,4,2,Yes,Poor management decisions causing frustration across the team
11991,23,Male,Divorced,Finance,Financial Analyst,3,HR Management,Bhubaneswar,55264,13,2,12,7,2,8,31,4,22,Travel_Rarely,Yes,2,2,2,2,3,2,1,Yes,I feel undervalued and underpaid compared to industry standards
11992,38,Male,Single,HR,Recruiter,5,Finance,Bhubaneswar,179398,20,1,17,4,7,5,15,3,14,Non-Travel,Yes,1,2,3,3,2,1,2,Yes,I feel undervalued and underpaid compared to industry standards
11993,35,Male,Married,Operations,Ops Executive,2,Engineering,Bengaluru,99816,23,2,9,3,0,9,20,8,4,Non-Travel,No,6,2,4,3,1,3,2,Yes,"Too much overtime, work life balance is completely terrible"
11994,46,Male,Single,Sales,Sales Manager,2,Finance,Bengaluru,205333,12,0,0,0,9,8,23,4,8,Travel_Frequently,No,4,3,2,2,1,2,4,Yes,I feel undervalued and underpaid compared to industry standards
11995,51,Female,Single,Sales,Account Manager,4,HR Management,Mumbai,49022,20,0,17,8,1,3,25,7,3,Non-Travel,No,1,4,3,2,3,1,2,No,"It is an okay place to work, nothing exceptional about it"
11996,50,Male,Married,Marketing,Brand Manager,1,Finance,Pune,161739,12,0,18,8,2,4,22,5,46,Travel_Rarely,Yes,4,2,1,2,4,3,2,Yes,Job is fine but I am looking for more interesting challenges
11997,41,Male,Married,Technology,Junior Developer,3,HR Management,Hyderabad,33065,21,2,1,4,2,0,8,5,29,Travel_Frequently,Yes,5,1,3,3,2,1,1,Yes,"Too much overtime, work life balance is completely terrible"
11998,42,Female,Married,Marketing,Content Writer,4,Computer Science,Pune,129382,10,1,3,8,6,8,9,6,26,Travel_Frequently,No,2,3,2,1,4,4,2,Yes,Poor management decisions causing frustration across the team
11999,43,Male,Single,Finance,Tax Analyst,5,Marketing,Hyderabad,143145,13,3,10,9,7,8,15,4,50,Non-Travel,No,2,4,3,4,4,3,2,No,"It is an okay place to work, nothing exceptional about it"
12000,56,Male,Single,HR,HR Manager,3,Engineering,Bhubaneswar,102191,23,3,2,8,8,8,20,2,55,Travel_Rarely,No,2,2,4,1,1,1,4,Yes,Excessive workload with no work life balance whatsoever here
